query_id,target_id_ranking
q_0f96c625b9cd,g_68971be96048 g_687f1f38b2c3 g_87349afa09f2 g_7944a8a0c287 g_6fa85c5d715e g_19b453348e54 g_1307a0fd7c6b g_a6bf3a75923e g_e9acdf8b8ddc g_626dcdad119a g_671004fc2775 g_f9d76f64d617 g_858dc785cf2d g_d648ead5c900 g_0e83f250306f g_13da2f95f620 g_0b251252e181 g_d889b7fc777b g_da5aa13b1968 g_31e014b88352 g_db4a8dbe790b g_da1e5df4bc02 g_9053723af4c5 g_bf9a2a253bcd g_130a37598824 g_0543c42a8f32 g_fd816175409d g_018969561d96 g_aff5d510e717 g_9196ee89c94d g_cfe6c79baec5 g_de34db7b1c7f g_efaf352ea572 g_8f1a5d85202c g_1a5aac51a659 g_9f1cf15a2d25 g_50b48a5cc083 g_435a82857e20 g_97e267815836 g_cdab0312f9ba
q_7e0d043dbb36,g_0543c42a8f32 g_db4a8dbe790b g_31e014b88352 g_687f1f38b2c3 g_e9acdf8b8ddc g_858dc785cf2d g_da1e5df4bc02 g_671004fc2775 g_8f1a5d85202c g_130a37598824 g_018969561d96 g_d889b7fc777b g_aff5d510e717 g_f9d76f64d617 g_68971be96048 g_9196ee89c94d g_a6bf3a75923e g_19b453348e54 g_626dcdad119a g_0e83f250306f g_d648ead5c900 g_13da2f95f620 g_87349afa09f2 g_1307a0fd7c6b g_bf9a2a253bcd g_fd816175409d g_da5aa13b1968 g_7944a8a0c287 g_435a82857e20 g_0b251252e181 g_cfe6c79baec5 g_1a5aac51a659 g_9053723af4c5 g_50b48a5cc083 g_6fa85c5d715e g_de34db7b1c7f g_9f1cf15a2d25 g_efaf352ea572 g_cdab0312f9ba g_97e267815836
q_80236cba65d9,g_9196ee89c94d g_db4a8dbe790b g_da1e5df4bc02 g_da5aa13b1968 g_130a37598824 g_018969561d96 g_19b453348e54 g_626dcdad119a g_68971be96048 g_d889b7fc777b g_1307a0fd7c6b g_d648ead5c900 g_9053723af4c5 g_cfe6c79baec5 g_fd816175409d g_de34db7b1c7f g_50b48a5cc083 g_0e83f250306f g_13da2f95f620 g_e9acdf8b8ddc g_aff5d510e717 g_0543c42a8f32 g_687f1f38b2c3 g_a6bf3a75923e g_0b251252e181 g_87349afa09f2 g_435a82857e20 g_f9d76f64d617 g_31e014b88352 g_6fa85c5d715e g_671004fc2775 g_8f1a5d85202c g_bf9a2a253bcd g_858dc785cf2d g_7944a8a0c287 g_1a5aac51a659 g_cdab0312f9ba g_efaf352ea572 g_97e267815836 g_9f1cf15a2d25
q_3067b9f82c24,g_1307a0fd7c6b g_6fa85c5d715e g_68971be96048 g_19b453348e54 g_0e83f250306f g_87349afa09f2 g_7944a8a0c287 g_da1e5df4bc02 g_db4a8dbe790b g_aff5d510e717 g_687f1f38b2c3 g_13da2f95f620 g_d889b7fc777b g_e9acdf8b8ddc g_f9d76f64d617 g_626dcdad119a g_d648ead5c900 g_31e014b88352 g_9053723af4c5 g_671004fc2775 g_fd816175409d g_018969561d96 g_da5aa13b1968 g_9196ee89c94d g_a6bf3a75923e g_130a37598824 g_435a82857e20 g_0b251252e181 g_50b48a5cc083 g_858dc785cf2d g_bf9a2a253bcd g_0543c42a8f32 g_1a5aac51a659 g_efaf352ea572 g_de34db7b1c7f g_cfe6c79baec5 g_9f1cf15a2d25 g_8f1a5d85202c g_cdab0312f9ba g_97e267815836
q_976703e4e366,g_db4a8dbe790b g_da1e5df4bc02 g_018969561d96 g_31e014b88352 g_f9d76f64d617 g_9196ee89c94d g_0543c42a8f32 g_68971be96048 g_130a37598824 g_d889b7fc777b g_e9acdf8b8ddc g_1307a0fd7c6b g_bf9a2a253bcd g_687f1f38b2c3 g_aff5d510e717 g_a6bf3a75923e g_19b453348e54 g_d648ead5c900 g_13da2f95f620 g_87349afa09f2 g_0e83f250306f g_da5aa13b1968 g_cfe6c79baec5 g_fd816175409d g_671004fc2775 g_0b251252e181 g_626dcdad119a g_50b48a5cc083 g_7944a8a0c287 g_9053723af4c5 g_8f1a5d85202c g_435a82857e20 g_de34db7b1c7f g_858dc785cf2d g_6fa85c5d715e g_1a5aac51a659 g_cdab0312f9ba g_efaf352ea572 g_9f1cf15a2d25 g_97e267815836
q_c1176941773a,g_130a37598824 g_e9acdf8b8ddc g_31e014b88352 g_da1e5df4bc02 g_0543c42a8f32 g_68971be96048 g_db4a8dbe790b g_626dcdad119a g_687f1f38b2c3 g_9196ee89c94d g_018969561d96 g_671004fc2775 g_a6bf3a75923e g_13da2f95f620 g_87349afa09f2 g_d889b7fc777b g_fd816175409d g_d648ead5c900 g_0e83f250306f g_19b453348e54 g_0b251252e181 g_f9d76f64d617 g_bf9a2a253bcd g_aff5d510e717 g_8f1a5d85202c g_da5aa13b1968 g_1307a0fd7c6b g_858dc785cf2d g_cfe6c79baec5 g_7944a8a0c287 g_9053723af4c5 g_1a5aac51a659 g_cdab0312f9ba g_de34db7b1c7f g_50b48a5cc083 g_6fa85c5d715e g_435a82857e20 g_97e267815836 g_efaf352ea572 g_9f1cf15a2d25
q_01809f78e5b6,g_7944a8a0c287 g_68971be96048 g_687f1f38b2c3 g_87349afa09f2 g_e9acdf8b8ddc g_a6bf3a75923e g_858dc785cf2d g_d889b7fc777b g_1307a0fd7c6b g_0543c42a8f32 g_31e014b88352 g_f9d76f64d617 g_671004fc2775 g_626dcdad119a g_9053723af4c5 g_da1e5df4bc02 g_db4a8dbe790b g_aff5d510e717 g_0b251252e181 g_018969561d96 g_fd816175409d g_d648ead5c900 g_13da2f95f620 g_0e83f250306f g_bf9a2a253bcd g_130a37598824 g_9196ee89c94d g_8f1a5d85202c g_efaf352ea572 g_da5aa13b1968 g_19b453348e54 g_6fa85c5d715e g_cfe6c79baec5 g_9f1cf15a2d25 g_de34db7b1c7f g_50b48a5cc083 g_1a5aac51a659 g_97e267815836 g_435a82857e20 g_cdab0312f9ba
q_258d9262bda5,g_31e014b88352 g_e9acdf8b8ddc g_018969561d96 g_687f1f38b2c3 g_db4a8dbe790b g_0543c42a8f32 g_a6bf3a75923e g_671004fc2775 g_68971be96048 g_d889b7fc777b g_87349afa09f2 g_130a37598824 g_da1e5df4bc02 g_0e83f250306f g_13da2f95f620 g_0b251252e181 g_1307a0fd7c6b g_fd816175409d g_d648ead5c900 g_aff5d510e717 g_bf9a2a253bcd g_626dcdad119a g_cfe6c79baec5 g_f9d76f64d617 g_9196ee89c94d g_50b48a5cc083 g_cdab0312f9ba g_8f1a5d85202c g_19b453348e54 g_858dc785cf2d g_7944a8a0c287 g_9053723af4c5 g_1a5aac51a659 g_da5aa13b1968 g_6fa85c5d715e g_de34db7b1c7f g_435a82857e20 g_efaf352ea572 g_97e267815836 g_9f1cf15a2d25
q_b6976749a658,g_e9acdf8b8ddc g_687f1f38b2c3 g_8f1a5d85202c g_68971be96048 g_31e014b88352 g_0543c42a8f32 g_858dc785cf2d g_671004fc2775 g_626dcdad119a g_130a37598824 g_13da2f95f620 g_018969561d96 g_87349afa09f2 g_0e83f250306f g_da1e5df4bc02 g_d648ead5c900 g_f9d76f64d617 g_fd816175409d g_db4a8dbe790b g_bf9a2a253bcd g_a6bf3a75923e g_19b453348e54 g_1a5aac51a659 g_7944a8a0c287 g_d889b7fc777b g_0b251252e181 g_1307a0fd7c6b g_efaf352ea572 g_da5aa13b1968 g_aff5d510e717 g_9f1cf15a2d25 g_9196ee89c94d g_9053723af4c5 g_6fa85c5d715e g_cfe6c79baec5 g_cdab0312f9ba g_50b48a5cc083 g_de34db7b1c7f g_435a82857e20 g_97e267815836
q_e193cffc131f,g_e9acdf8b8ddc g_1a5aac51a659 g_687f1f38b2c3 g_f9d76f64d617 g_31e014b88352 g_68971be96048 g_a6bf3a75923e g_671004fc2775 g_0543c42a8f32 g_87349afa09f2 g_858dc785cf2d g_d889b7fc777b g_bf9a2a253bcd g_cfe6c79baec5 g_018969561d96 g_0e83f250306f g_13da2f95f620 g_aff5d510e717 g_0b251252e181 g_fd816175409d g_1307a0fd7c6b g_da1e5df4bc02 g_db4a8dbe790b g_130a37598824 g_9053723af4c5 g_7944a8a0c287 g_626dcdad119a g_19b453348e54 g_d648ead5c900 g_6fa85c5d715e g_9196ee89c94d g_efaf352ea572 g_50b48a5cc083 g_cdab0312f9ba g_9f1cf15a2d25 g_8f1a5d85202c g_da5aa13b1968 g_de34db7b1c7f g_97e267815836 g_435a82857e20
q_f2cdb76517a1,g_bf9a2a253bcd g_f9d76f64d617 g_687f1f38b2c3 g_858dc785cf2d g_31e014b88352 g_0543c42a8f32 g_e9acdf8b8ddc g_671004fc2775 g_a6bf3a75923e g_87349afa09f2 g_68971be96048 g_aff5d510e717 g_1a5aac51a659 g_626dcdad119a g_d889b7fc777b g_7944a8a0c287 g_db4a8dbe790b g_fd816175409d g_d648ead5c900 g_0b251252e181 g_0e83f250306f g_1307a0fd7c6b g_da1e5df4bc02 g_018969561d96 g_130a37598824 g_9f1cf15a2d25 g_13da2f95f620 g_19b453348e54 g_6fa85c5d715e g_50b48a5cc083 g_efaf352ea572 g_cfe6c79baec5 g_9053723af4c5 g_8f1a5d85202c g_cdab0312f9ba g_da5aa13b1968 g_9196ee89c94d g_435a82857e20 g_de34db7b1c7f g_97e267815836
q_1d0297f0e6eb,g_87349afa09f2 g_7944a8a0c287 g_687f1f38b2c3 g_e9acdf8b8ddc g_671004fc2775 g_68971be96048 g_a6bf3a75923e g_0b251252e181 g_858dc785cf2d g_626dcdad119a g_6fa85c5d715e g_bf9a2a253bcd g_31e014b88352 g_f9d76f64d617 g_efaf352ea572 g_1307a0fd7c6b g_1a5aac51a659 g_0e83f250306f g_d889b7fc777b g_aff5d510e717 g_0543c42a8f32 g_13da2f95f620 g_19b453348e54 g_d648ead5c900 g_fd816175409d g_cfe6c79baec5 g_da1e5df4bc02 g_cdab0312f9ba g_018969561d96 g_130a37598824 g_db4a8dbe790b g_9f1cf15a2d25 g_9053723af4c5 g_50b48a5cc083 g_435a82857e20 g_da5aa13b1968 g_9196ee89c94d g_8f1a5d85202c g_de34db7b1c7f g_97e267815836
q_e471c00236e4,g_68971be96048 g_687f1f38b2c3 g_7944a8a0c287 g_87349afa09f2 g_6fa85c5d715e g_626dcdad119a g_671004fc2775 g_e9acdf8b8ddc g_1307a0fd7c6b g_0e83f250306f g_858dc785cf2d g_a6bf3a75923e g_19b453348e54 g_f9d76f64d617 g_13da2f95f620 g_0b251252e181 g_0543c42a8f32 g_d889b7fc777b g_d648ead5c900 g_fd816175409d g_bf9a2a253bcd g_31e014b88352 g_efaf352ea572 g_130a37598824 g_da1e5df4bc02 g_9053723af4c5 g_018969561d96 g_db4a8dbe790b g_9196ee89c94d g_cfe6c79baec5 g_da5aa13b1968 g_9f1cf15a2d25 g_aff5d510e717 g_1a5aac51a659 g_de34db7b1c7f g_8f1a5d85202c g_50b48a5cc083 g_435a82857e20 g_97e267815836 g_cdab0312f9ba
q_3a1ca26dbf90,g_87349afa09f2 g_687f1f38b2c3 g_e9acdf8b8ddc g_7944a8a0c287 g_6fa85c5d715e g_50b48a5cc083 g_68971be96048 g_626dcdad119a g_0e83f250306f g_aff5d510e717 g_f9d76f64d617 g_19b453348e54 g_0b251252e181 g_bf9a2a253bcd g_1307a0fd7c6b g_13da2f95f620 g_31e014b88352 g_db4a8dbe790b g_d648ead5c900 g_a6bf3a75923e g_fd816175409d g_1a5aac51a659 g_671004fc2775 g_0543c42a8f32 g_018969561d96 g_da1e5df4bc02 g_858dc785cf2d g_cfe6c79baec5 g_130a37598824 g_9053723af4c5 g_d889b7fc777b g_435a82857e20 g_efaf352ea572 g_9f1cf15a2d25 g_de34db7b1c7f g_da5aa13b1968 g_9196ee89c94d g_8f1a5d85202c g_cdab0312f9ba g_97e267815836
q_546ce291274f,g_687f1f38b2c3 g_7944a8a0c287 g_68971be96048 g_6fa85c5d715e g_87349afa09f2 g_efaf352ea572 g_671004fc2775 g_e9acdf8b8ddc g_858dc785cf2d g_0e83f250306f g_0b251252e181 g_1a5aac51a659 g_9f1cf15a2d25 g_1307a0fd7c6b g_626dcdad119a g_f9d76f64d617 g_31e014b88352 g_a6bf3a75923e g_fd816175409d g_aff5d510e717 g_bf9a2a253bcd g_13da2f95f620 g_d889b7fc777b g_0543c42a8f32 g_da1e5df4bc02 g_19b453348e54 g_018969561d96 g_db4a8dbe790b g_cfe6c79baec5 g_130a37598824 g_9053723af4c5 g_d648ead5c900 g_da5aa13b1968 g_cdab0312f9ba g_50b48a5cc083 g_97e267815836 g_9196ee89c94d g_435a82857e20 g_8f1a5d85202c g_de34db7b1c7f
q_63289c1cb2be,g_687f1f38b2c3 g_e9acdf8b8ddc g_31e014b88352 g_a6bf3a75923e g_0b251252e181 g_fd816175409d g_87349afa09f2 g_626dcdad119a g_671004fc2775 g_f9d76f64d617 g_bf9a2a253bcd g_68971be96048 g_d648ead5c900 g_858dc785cf2d g_13da2f95f620 g_0543c42a8f32 g_7944a8a0c287 g_0e83f250306f g_cfe6c79baec5 g_018969561d96 g_1307a0fd7c6b g_aff5d510e717 g_50b48a5cc083 g_d889b7fc777b g_19b453348e54 g_6fa85c5d715e g_130a37598824 g_1a5aac51a659 g_db4a8dbe790b g_9053723af4c5 g_da1e5df4bc02 g_efaf352ea572 g_cdab0312f9ba g_9f1cf15a2d25 g_9196ee89c94d g_da5aa13b1968 g_de34db7b1c7f g_8f1a5d85202c g_435a82857e20 g_97e267815836
q_d92d49e56b74,g_687f1f38b2c3 g_68971be96048 g_87349afa09f2 g_e9acdf8b8ddc g_7944a8a0c287 g_d648ead5c900 g_6fa85c5d715e g_a6bf3a75923e g_1307a0fd7c6b g_0e83f250306f g_31e014b88352 g_f9d76f64d617 g_626dcdad119a g_671004fc2775 g_19b453348e54 g_858dc785cf2d g_0543c42a8f32 g_13da2f95f620 g_bf9a2a253bcd g_da1e5df4bc02 g_d889b7fc777b g_9053723af4c5 g_018969561d96 g_fd816175409d g_130a37598824 g_db4a8dbe790b g_0b251252e181 g_da5aa13b1968 g_cfe6c79baec5 g_aff5d510e717 g_9196ee89c94d g_8f1a5d85202c g_435a82857e20 g_1a5aac51a659 g_efaf352ea572 g_50b48a5cc083 g_de34db7b1c7f g_9f1cf15a2d25 g_97e267815836 g_cdab0312f9ba
q_511f87b5c69e,g_687f1f38b2c3 g_87349afa09f2 g_e9acdf8b8ddc g_0b251252e181 g_68971be96048 g_7944a8a0c287 g_671004fc2775 g_626dcdad119a g_a6bf3a75923e g_858dc785cf2d g_31e014b88352 g_19b453348e54 g_f9d76f64d617 g_d648ead5c900 g_1307a0fd7c6b g_bf9a2a253bcd g_0e83f250306f g_6fa85c5d715e g_13da2f95f620 g_d889b7fc777b g_0543c42a8f32 g_efaf352ea572 g_fd816175409d g_cfe6c79baec5 g_1a5aac51a659 g_aff5d510e717 g_130a37598824 g_db4a8dbe790b g_018969561d96 g_da1e5df4bc02 g_9f1cf15a2d25 g_9053723af4c5 g_cdab0312f9ba g_50b48a5cc083 g_da5aa13b1968 g_97e267815836 g_9196ee89c94d g_de34db7b1c7f g_8f1a5d85202c g_435a82857e20
q_0d69eae79da5,g_87349afa09f2 g_7944a8a0c287 g_68971be96048 g_687f1f38b2c3 g_1307a0fd7c6b g_671004fc2775 g_6fa85c5d715e g_e9acdf8b8ddc g_858dc785cf2d g_0e83f250306f g_a6bf3a75923e g_19b453348e54 g_f9d76f64d617 g_626dcdad119a g_13da2f95f620 g_31e014b88352 g_bf9a2a253bcd g_0543c42a8f32 g_0b251252e181 g_d889b7fc777b g_1a5aac51a659 g_fd816175409d g_d648ead5c900 g_9053723af4c5 g_da1e5df4bc02 g_efaf352ea572 g_130a37598824 g_9f1cf15a2d25 g_db4a8dbe790b g_018969561d96 g_cfe6c79baec5 g_aff5d510e717 g_9196ee89c94d g_da5aa13b1968 g_de34db7b1c7f g_435a82857e20 g_8f1a5d85202c g_50b48a5cc083 g_97e267815836 g_cdab0312f9ba
q_306c5073798f,g_da1e5df4bc02 g_db4a8dbe790b g_018969561d96 g_130a37598824 g_68971be96048 g_e9acdf8b8ddc g_d648ead5c900 g_0543c42a8f32 g_9196ee89c94d g_31e014b88352 g_687f1f38b2c3 g_13da2f95f620 g_626dcdad119a g_8f1a5d85202c g_da5aa13b1968 g_d889b7fc777b g_fd816175409d g_19b453348e54 g_1307a0fd7c6b g_0e83f250306f g_f9d76f64d617 g_87349afa09f2 g_cfe6c79baec5 g_aff5d510e717 g_a6bf3a75923e g_bf9a2a253bcd g_de34db7b1c7f g_671004fc2775 g_0b251252e181 g_7944a8a0c287 g_1a5aac51a659 g_9053723af4c5 g_858dc785cf2d g_50b48a5cc083 g_6fa85c5d715e g_435a82857e20 g_efaf352ea572 g_cdab0312f9ba g_9f1cf15a2d25 g_97e267815836
q_231c5e937f89,g_31e014b88352 g_687f1f38b2c3 g_cfe6c79baec5 g_f9d76f64d617 g_e9acdf8b8ddc g_a6bf3a75923e g_bf9a2a253bcd g_671004fc2775 g_0543c42a8f32 g_87349afa09f2 g_68971be96048 g_0b251252e181 g_d889b7fc777b g_858dc785cf2d g_db4a8dbe790b g_018969561d96 g_aff5d510e717 g_7944a8a0c287 g_130a37598824 g_d648ead5c900 g_cdab0312f9ba g_0e83f250306f g_fd816175409d g_1307a0fd7c6b g_626dcdad119a g_1a5aac51a659 g_13da2f95f620 g_8f1a5d85202c g_da1e5df4bc02 g_50b48a5cc083 g_9196ee89c94d g_19b453348e54 g_6fa85c5d715e g_9053723af4c5 g_da5aa13b1968 g_efaf352ea572 g_de34db7b1c7f g_9f1cf15a2d25 g_97e267815836 g_435a82857e20
q_c21e8ebd59c0,g_da5aa13b1968 g_68971be96048 g_687f1f38b2c3 g_da1e5df4bc02 g_f9d76f64d617 g_7944a8a0c287 g_d889b7fc777b g_e9acdf8b8ddc g_a6bf3a75923e g_87349afa09f2 g_671004fc2775 g_db4a8dbe790b g_0b251252e181 g_858dc785cf2d g_9196ee89c94d g_19b453348e54 g_1307a0fd7c6b g_d648ead5c900 g_626dcdad119a g_9053723af4c5 g_aff5d510e717 g_0543c42a8f32 g_13da2f95f620 g_0e83f250306f g_8f1a5d85202c g_de34db7b1c7f g_018969561d96 g_6fa85c5d715e g_fd816175409d g_31e014b88352 g_130a37598824 g_bf9a2a253bcd g_cfe6c79baec5 g_efaf352ea572 g_50b48a5cc083 g_9f1cf15a2d25 g_1a5aac51a659 g_435a82857e20 g_97e267815836 g_cdab0312f9ba
q_ec1be8215293,g_31e014b88352 g_687f1f38b2c3 g_e9acdf8b8ddc g_671004fc2775 g_0543c42a8f32 g_018969561d96 g_130a37598824 g_0b251252e181 g_db4a8dbe790b g_bf9a2a253bcd g_d889b7fc777b g_a6bf3a75923e g_aff5d510e717 g_f9d76f64d617 g_68971be96048 g_87349afa09f2 g_cdab0312f9ba g_fd816175409d g_626dcdad119a g_0e83f250306f g_d648ead5c900 g_858dc785cf2d g_cfe6c79baec5 g_1307a0fd7c6b g_13da2f95f620 g_da1e5df4bc02 g_19b453348e54 g_1a5aac51a659 g_7944a8a0c287 g_8f1a5d85202c g_9196ee89c94d g_efaf352ea572 g_50b48a5cc083 g_da5aa13b1968 g_6fa85c5d715e g_de34db7b1c7f g_97e267815836 g_9053723af4c5 g_435a82857e20 g_9f1cf15a2d25
q_0e2b5da53512,g_6fa85c5d715e g_7944a8a0c287 g_68971be96048 g_87349afa09f2 g_687f1f38b2c3 g_1307a0fd7c6b g_0e83f250306f g_e9acdf8b8ddc g_858dc785cf2d g_671004fc2775 g_f9d76f64d617 g_efaf352ea572 g_a6bf3a75923e g_31e014b88352 g_19b453348e54 g_626dcdad119a g_0b251252e181 g_9f1cf15a2d25 g_13da2f95f620 g_1a5aac51a659 g_aff5d510e717 g_d889b7fc777b g_fd816175409d g_0543c42a8f32 g_bf9a2a253bcd g_cfe6c79baec5 g_018969561d96 g_da1e5df4bc02 g_9053723af4c5 g_d648ead5c900 g_130a37598824 g_db4a8dbe790b g_da5aa13b1968 g_50b48a5cc083 g_9196ee89c94d g_435a82857e20 g_97e267815836 g_cdab0312f9ba g_8f1a5d85202c g_de34db7b1c7f
q_e782d79e146a,g_9053723af4c5 g_68971be96048 g_87349afa09f2 g_7944a8a0c287 g_1307a0fd7c6b g_0e83f250306f g_e9acdf8b8ddc g_687f1f38b2c3 g_f9d76f64d617 g_6fa85c5d715e g_19b453348e54 g_626dcdad119a g_13da2f95f620 g_fd816175409d g_da1e5df4bc02 g_858dc785cf2d g_d648ead5c900 g_0543c42a8f32 g_bf9a2a253bcd g_aff5d510e717 g_31e014b88352 g_671004fc2775 g_db4a8dbe790b g_d889b7fc777b g_0b251252e181 g_a6bf3a75923e g_1a5aac51a659 g_018969561d96 g_130a37598824 g_da5aa13b1968 g_efaf352ea572 g_435a82857e20 g_50b48a5cc083 g_9196ee89c94d g_cfe6c79baec5 g_de34db7b1c7f g_9f1cf15a2d25 g_97e267815836 g_8f1a5d85202c g_cdab0312f9ba
q_2827a43613a1,g_efaf352ea572 g_68971be96048 g_858dc785cf2d g_687f1f38b2c3 g_9f1cf15a2d25 g_6fa85c5d715e g_671004fc2775 g_87349afa09f2 g_e9acdf8b8ddc g_0e83f250306f g_d889b7fc777b g_626dcdad119a g_aff5d510e717 g_fd816175409d g_7944a8a0c287 g_13da2f95f620 g_f9d76f64d617 g_a6bf3a75923e g_1307a0fd7c6b g_19b453348e54 g_0b251252e181 g_31e014b88352 g_018969561d96 g_1a5aac51a659 g_bf9a2a253bcd g_0543c42a8f32 g_da1e5df4bc02 g_50b48a5cc083 g_d648ead5c900 g_9053723af4c5 g_db4a8dbe790b g_cdab0312f9ba g_130a37598824 g_da5aa13b1968 g_cfe6c79baec5 g_97e267815836 g_9196ee89c94d g_435a82857e20 g_de34db7b1c7f g_8f1a5d85202c
q_fa1c256f9682,g_cdab0312f9ba g_e9acdf8b8ddc g_31e014b88352 g_018969561d96 g_687f1f38b2c3 g_d889b7fc777b g_0543c42a8f32 g_671004fc2775 g_0e83f250306f g_a6bf3a75923e g_130a37598824 g_fd816175409d g_68971be96048 g_db4a8dbe790b g_626dcdad119a g_bf9a2a253bcd g_aff5d510e717 g_87349afa09f2 g_d648ead5c900 g_0b251252e181 g_cfe6c79baec5 g_9196ee89c94d g_13da2f95f620 g_da1e5df4bc02 g_50b48a5cc083 g_f9d76f64d617 g_1307a0fd7c6b g_858dc785cf2d g_19b453348e54 g_1a5aac51a659 g_9053723af4c5 g_7944a8a0c287 g_da5aa13b1968 g_efaf352ea572 g_6fa85c5d715e g_97e267815836 g_8f1a5d85202c g_de34db7b1c7f g_9f1cf15a2d25 g_435a82857e20
q_f31cb17489d6,g_d889b7fc777b g_f9d76f64d617 g_687f1f38b2c3 g_0543c42a8f32 g_db4a8dbe790b g_bf9a2a253bcd g_aff5d510e717 g_31e014b88352 g_671004fc2775 g_e9acdf8b8ddc g_68971be96048 g_018969561d96 g_858dc785cf2d g_1307a0fd7c6b g_87349afa09f2 g_da1e5df4bc02 g_a6bf3a75923e g_d648ead5c900 g_130a37598824 g_8f1a5d85202c g_626dcdad119a g_0e83f250306f g_9196ee89c94d g_7944a8a0c287 g_19b453348e54 g_da5aa13b1968 g_fd816175409d g_13da2f95f620 g_cdab0312f9ba g_0b251252e181 g_cfe6c79baec5 g_9053723af4c5 g_6fa85c5d715e g_1a5aac51a659 g_de34db7b1c7f g_50b48a5cc083 g_efaf352ea572 g_9f1cf15a2d25 g_435a82857e20 g_97e267815836
q_2d5c81bc8967,g_68971be96048 g_87349afa09f2 g_7944a8a0c287 g_687f1f38b2c3 g_6fa85c5d715e g_e9acdf8b8ddc g_1307a0fd7c6b g_19b453348e54 g_671004fc2775 g_626dcdad119a g_0e83f250306f g_9053723af4c5 g_a6bf3a75923e g_13da2f95f620 g_f9d76f64d617 g_d648ead5c900 g_0b251252e181 g_858dc785cf2d g_0543c42a8f32 g_da1e5df4bc02 g_fd816175409d g_d889b7fc777b g_bf9a2a253bcd g_31e014b88352 g_db4a8dbe790b g_da5aa13b1968 g_9196ee89c94d g_130a37598824 g_018969561d96 g_de34db7b1c7f g_1a5aac51a659 g_aff5d510e717 g_cfe6c79baec5 g_efaf352ea572 g_8f1a5d85202c g_435a82857e20 g_50b48a5cc083 g_97e267815836 g_9f1cf15a2d25 g_cdab0312f9ba
q_5c2b89e7b7ce,g_6fa85c5d715e g_68971be96048 g_87349afa09f2 g_7944a8a0c287 g_0e83f250306f g_687f1f38b2c3 g_1307a0fd7c6b g_e9acdf8b8ddc g_671004fc2775 g_f9d76f64d617 g_19b453348e54 g_858dc785cf2d g_13da2f95f620 g_626dcdad119a g_fd816175409d g_0b251252e181 g_a6bf3a75923e g_efaf352ea572 g_da1e5df4bc02 g_d648ead5c900 g_aff5d510e717 g_d889b7fc777b g_1a5aac51a659 g_cfe6c79baec5 g_018969561d96 g_130a37598824 g_db4a8dbe790b g_bf9a2a253bcd g_31e014b88352 g_9053723af4c5 g_0543c42a8f32 g_50b48a5cc083 g_da5aa13b1968 g_de34db7b1c7f g_9f1cf15a2d25 g_435a82857e20 g_9196ee89c94d g_97e267815836 g_8f1a5d85202c g_cdab0312f9ba
q_e1e9cce93828,g_f9d76f64d617 g_687f1f38b2c3 g_31e014b88352 g_bf9a2a253bcd g_e9acdf8b8ddc g_0543c42a8f32 g_a6bf3a75923e g_671004fc2775 g_858dc785cf2d g_d889b7fc777b g_87349afa09f2 g_0b251252e181 g_aff5d510e717 g_cfe6c79baec5 g_db4a8dbe790b g_68971be96048 g_cdab0312f9ba g_7944a8a0c287 g_130a37598824 g_018969561d96 g_626dcdad119a g_1a5aac51a659 g_d648ead5c900 g_1307a0fd7c6b g_fd816175409d g_50b48a5cc083 g_0e83f250306f g_6fa85c5d715e g_da1e5df4bc02 g_13da2f95f620 g_9196ee89c94d g_19b453348e54 g_8f1a5d85202c g_9f1cf15a2d25 g_efaf352ea572 g_9053723af4c5 g_435a82857e20 g_da5aa13b1968 g_de34db7b1c7f g_97e267815836
q_2710a551988e,g_435a82857e20 g_db4a8dbe790b g_da1e5df4bc02 g_68971be96048 g_19b453348e54 g_13da2f95f620 g_e9acdf8b8ddc g_0e83f250306f g_626dcdad119a g_d648ead5c900 g_130a37598824 g_87349afa09f2 g_018969561d96 g_fd816175409d g_687f1f38b2c3 g_1307a0fd7c6b g_7944a8a0c287 g_31e014b88352 g_9053723af4c5 g_de34db7b1c7f g_0b251252e181 g_9196ee89c94d g_0543c42a8f32 g_f9d76f64d617 g_bf9a2a253bcd g_d889b7fc777b g_cfe6c79baec5 g_6fa85c5d715e g_da5aa13b1968 g_671004fc2775 g_a6bf3a75923e g_aff5d510e717 g_50b48a5cc083 g_1a5aac51a659 g_8f1a5d85202c g_858dc785cf2d g_9f1cf15a2d25 g_97e267815836 g_efaf352ea572 g_cdab0312f9ba
q_304671b93f1c,g_858dc785cf2d g_efaf352ea572 g_671004fc2775 g_687f1f38b2c3 g_87349afa09f2 g_68971be96048 g_9f1cf15a2d25 g_7944a8a0c287 g_f9d76f64d617 g_a6bf3a75923e g_e9acdf8b8ddc g_bf9a2a253bcd g_0543c42a8f32 g_1a5aac51a659 g_aff5d510e717 g_31e014b88352 g_0b251252e181 g_fd816175409d g_6fa85c5d715e g_626dcdad119a g_018969561d96 g_0e83f250306f g_d889b7fc777b g_db4a8dbe790b g_1307a0fd7c6b g_13da2f95f620 g_d648ead5c900 g_cfe6c79baec5 g_19b453348e54 g_130a37598824 g_da1e5df4bc02 g_9053723af4c5 g_da5aa13b1968 g_50b48a5cc083 g_9196ee89c94d g_cdab0312f9ba g_de34db7b1c7f g_8f1a5d85202c g_97e267815836 g_435a82857e20
q_598fddcc9ffd,g_de34db7b1c7f g_9053723af4c5 g_435a82857e20 g_68971be96048 g_db4a8dbe790b g_d648ead5c900 g_da5aa13b1968 g_687f1f38b2c3 g_87349afa09f2 g_19b453348e54 g_671004fc2775 g_0b251252e181 g_7944a8a0c287 g_d889b7fc777b g_f9d76f64d617 g_1307a0fd7c6b g_da1e5df4bc02 g_018969561d96 g_13da2f95f620 g_8f1a5d85202c g_cfe6c79baec5 g_a6bf3a75923e g_626dcdad119a g_9196ee89c94d g_aff5d510e717 g_858dc785cf2d g_97e267815836 g_e9acdf8b8ddc g_fd816175409d g_50b48a5cc083 g_0e83f250306f g_9f1cf15a2d25 g_6fa85c5d715e g_130a37598824 g_0543c42a8f32 g_31e014b88352 g_1a5aac51a659 g_bf9a2a253bcd g_efaf352ea572 g_cdab0312f9ba
q_5e8c66e16710,g_671004fc2775 g_687f1f38b2c3 g_e9acdf8b8ddc g_68971be96048 g_87349afa09f2 g_858dc785cf2d g_0543c42a8f32 g_a6bf3a75923e g_0b251252e181 g_7944a8a0c287 g_626dcdad119a g_d889b7fc777b g_19b453348e54 g_31e014b88352 g_bf9a2a253bcd g_f9d76f64d617 g_0e83f250306f g_fd816175409d g_13da2f95f620 g_d648ead5c900 g_da5aa13b1968 g_018969561d96 g_efaf352ea572 g_1a5aac51a659 g_da1e5df4bc02 g_130a37598824 g_aff5d510e717 g_cfe6c79baec5 g_db4a8dbe790b g_1307a0fd7c6b g_6fa85c5d715e g_9053723af4c5 g_97e267815836 g_cdab0312f9ba g_9f1cf15a2d25 g_de34db7b1c7f g_9196ee89c94d g_50b48a5cc083 g_8f1a5d85202c g_435a82857e20
q_01ff5ee4d1d5,g_7944a8a0c287 g_858dc785cf2d g_68971be96048 g_87349afa09f2 g_a6bf3a75923e g_f9d76f64d617 g_671004fc2775 g_aff5d510e717 g_efaf352ea572 g_687f1f38b2c3 g_31e014b88352 g_0b251252e181 g_9f1cf15a2d25 g_d889b7fc777b g_1307a0fd7c6b g_e9acdf8b8ddc g_6fa85c5d715e g_19b453348e54 g_bf9a2a253bcd g_cfe6c79baec5 g_018969561d96 g_1a5aac51a659 g_0543c42a8f32 g_9053723af4c5 g_fd816175409d g_626dcdad119a g_de34db7b1c7f g_13da2f95f620 g_0e83f250306f g_db4a8dbe790b g_130a37598824 g_9196ee89c94d g_50b48a5cc083 g_da1e5df4bc02 g_d648ead5c900 g_da5aa13b1968 g_97e267815836 g_cdab0312f9ba g_8f1a5d85202c g_435a82857e20
q_2d9798cc8935,g_97e267815836 g_e9acdf8b8ddc g_68971be96048 g_687f1f38b2c3 g_671004fc2775 g_d889b7fc777b g_31e014b88352 g_da1e5df4bc02 g_0543c42a8f32 g_a6bf3a75923e g_19b453348e54 g_626dcdad119a g_0e83f250306f g_fd816175409d g_130a37598824 g_87349afa09f2 g_13da2f95f620 g_9196ee89c94d g_f9d76f64d617 g_018969561d96 g_1307a0fd7c6b g_0b251252e181 g_aff5d510e717 g_858dc785cf2d g_db4a8dbe790b g_cfe6c79baec5 g_d648ead5c900 g_9053723af4c5 g_7944a8a0c287 g_bf9a2a253bcd g_da5aa13b1968 g_1a5aac51a659 g_cdab0312f9ba g_de34db7b1c7f g_6fa85c5d715e g_50b48a5cc083 g_efaf352ea572 g_9f1cf15a2d25 g_8f1a5d85202c g_435a82857e20
q_21619478ca5f,g_87349afa09f2 g_68971be96048 g_7944a8a0c287 g_671004fc2775 g_f9d76f64d617 g_0b251252e181 g_efaf352ea572 g_687f1f38b2c3 g_bf9a2a253bcd g_a6bf3a75923e g_cfe6c79baec5 g_1a5aac51a659 g_858dc785cf2d g_e9acdf8b8ddc g_6fa85c5d715e g_31e014b88352 g_fd816175409d g_018969561d96 g_aff5d510e717 g_d889b7fc777b g_0e83f250306f g_626dcdad119a g_1307a0fd7c6b g_9f1cf15a2d25 g_50b48a5cc083 g_0543c42a8f32 g_19b453348e54 g_130a37598824 g_13da2f95f620 g_db4a8dbe790b g_9053723af4c5 g_d648ead5c900 g_9196ee89c94d g_cdab0312f9ba g_da1e5df4bc02 g_da5aa13b1968 g_97e267815836 g_de34db7b1c7f g_435a82857e20 g_8f1a5d85202c
q_7eb92f0b890c,g_e9acdf8b8ddc g_687f1f38b2c3 g_0b251252e181 g_87349afa09f2 g_671004fc2775 g_626dcdad119a g_a6bf3a75923e g_68971be96048 g_0543c42a8f32 g_31e014b88352 g_d648ead5c900 g_bf9a2a253bcd g_7944a8a0c287 g_f9d76f64d617 g_858dc785cf2d g_fd816175409d g_13da2f95f620 g_cfe6c79baec5 g_0e83f250306f g_018969561d96 g_19b453348e54 g_1a5aac51a659 g_130a37598824 g_d889b7fc777b g_db4a8dbe790b g_1307a0fd7c6b g_50b48a5cc083 g_efaf352ea572 g_6fa85c5d715e g_9053723af4c5 g_aff5d510e717 g_cdab0312f9ba g_da1e5df4bc02 g_8f1a5d85202c g_da5aa13b1968 g_de34db7b1c7f g_9196ee89c94d g_435a82857e20 g_97e267815836 g_9f1cf15a2d25
q_1400adb04ab6,g_aff5d510e717 g_671004fc2775 g_d889b7fc777b g_f9d76f64d617 g_687f1f38b2c3 g_31e014b88352 g_a6bf3a75923e g_858dc785cf2d g_68971be96048 g_db4a8dbe790b g_e9acdf8b8ddc g_7944a8a0c287 g_1307a0fd7c6b g_87349afa09f2 g_bf9a2a253bcd g_018969561d96 g_6fa85c5d715e g_0543c42a8f32 g_0e83f250306f g_cfe6c79baec5 g_da1e5df4bc02 g_0b251252e181 g_fd816175409d g_50b48a5cc083 g_d648ead5c900 g_da5aa13b1968 g_13da2f95f620 g_626dcdad119a g_19b453348e54 g_1a5aac51a659 g_130a37598824 g_efaf352ea572 g_9053723af4c5 g_9f1cf15a2d25 g_9196ee89c94d g_de34db7b1c7f g_cdab0312f9ba g_8f1a5d85202c g_435a82857e20 g_97e267815836
q_e7f3d9d64919,g_da61f5e555c7 g_fce818975dda g_c7ab1279da7c g_61b2398d515d g_14172b566e3e g_bb430c52d431 g_96aac4bf0d59 g_932da5bced66 g_2ceec8bd9741 g_e5f8cdece4a6 g_d85262e03c42 g_70529e2d5954 g_9e4dcbe2ed07 g_573cf52ce2b2 g_8af7e2c47267 g_d50551e660c9 g_3ac546908be7 g_3bba88a233d2 g_c1e8162e3878 g_0808f459cec0 g_b641e40b4002 g_2aa313c0b281 g_eeac1871fded g_6cf0094ac74a g_40742c58b1d2 g_3e0ada624ec1 g_efdc64125061 g_1a40ebcb441c g_acb27de8207c g_4318e3f69720 g_dba157c43664 g_517fc156e469 g_31b1fbb078bf g_e5200cb50906 g_8eba772fe35c g_8a6731e08c13 g_e862932aec2d g_e08691de98f8 g_bda6653de3f8 g_027adec2ca24 g_d3929af6bb55 g_55dc4d2bd0d7 g_d9fafc45f03b g_4e093d64cdb0 g_41ab0116bf71 g_c14dad25b418 g_05849d74cfab g_ee2e34a4305b g_f9800f979cd5 g_f172ad939439 g_673cead63302 g_8f2f7885bf92 g_75e232a570e9 g_9dd316566cf0 g_75b446a0112e g_d5e67a7d5157 g_0a556e953785 g_0e6eb886a136 g_f52beabe75e9 g_4ba39e73c5c0 g_ebf5af716393 g_5c9286487ea8 g_e0ccdfbf9f00 g_5aa874fa38a6 g_b9d4c1433954 g_74d453c9a3a7 g_6ec8858d4a9f g_82b941c5f3e6 g_e5ed37578f5e g_6c43f4574331 g_2fc06887012f g_37f955e29627 g_1d2b7cf58ad5 g_dd27adb09b30 g_4e2d730cf5e4 g_de554e44d62f g_53a52906d129 g_fcc22b630798 g_ae1499661420 g_69e4c78d493f g_b453598aa677 g_199f11a29c76 g_8a220359326a g_5b7b3b2f82ba g_5c2076734da4 g_4f905a235c04 g_36bea42c9e33 g_699eb9607c4e g_d098c0c73946 g_c976d1aef8c6 g_ea2eb3c043ba g_e6ed51489cef g_e74ee941d3fd g_5a62a4d9e8ac g_09bed28452fd g_aa54f58e96ac g_b1c9f787926c g_25f027ae1b57 g_b12e42b8cff6 g_a8c88c5b2eb5
q_ff11f41aef92,g_acb27de8207c g_2ceec8bd9741 g_517fc156e469 g_96aac4bf0d59 g_eeac1871fded g_e5f8cdece4a6 g_ebf5af716393 g_932da5bced66 g_da61f5e555c7 g_c7ab1279da7c g_d85262e03c42 g_b641e40b4002 g_d50551e660c9 g_bda6653de3f8 g_8f2f7885bf92 g_14172b566e3e g_3bba88a233d2 g_fce818975dda g_8af7e2c47267 g_dba157c43664 g_55dc4d2bd0d7 g_f172ad939439 g_673cead63302 g_d3929af6bb55 g_4318e3f69720 g_75e232a570e9 g_61b2398d515d g_0a556e953785 g_6cf0094ac74a g_3e0ada624ec1 g_c1e8162e3878 g_0808f459cec0 g_d5e67a7d5157 g_8a6731e08c13 g_bb430c52d431 g_573cf52ce2b2 g_05849d74cfab g_027adec2ca24 g_9e4dcbe2ed07 g_2fc06887012f g_2aa313c0b281 g_4ba39e73c5c0 g_e5ed37578f5e g_4e093d64cdb0 g_6c43f4574331 g_efdc64125061 g_e08691de98f8 g_c14dad25b418 g_3ac546908be7 g_5aa874fa38a6 g_4f905a235c04 g_f52beabe75e9 g_70529e2d5954 g_d9fafc45f03b g_9dd316566cf0 g_1d2b7cf58ad5 g_0e6eb886a136 g_6ec8858d4a9f g_b453598aa677 g_8eba772fe35c g_dd27adb09b30 g_de554e44d62f g_b9d4c1433954 g_40742c58b1d2 g_e0ccdfbf9f00 g_5c2076734da4 g_75b446a0112e g_4e2d730cf5e4 g_e862932aec2d g_53a52906d129 g_74d453c9a3a7 g_31b1fbb078bf g_36bea42c9e33 g_8a220359326a g_199f11a29c76 g_c976d1aef8c6 g_37f955e29627 g_e5200cb50906 g_41ab0116bf71 g_699eb9607c4e g_5b7b3b2f82ba g_69e4c78d493f g_fcc22b630798 g_1a40ebcb441c g_f9800f979cd5 g_5c9286487ea8 g_ee2e34a4305b g_e74ee941d3fd g_09bed28452fd g_ae1499661420 g_82b941c5f3e6 g_aa54f58e96ac g_5a62a4d9e8ac g_e6ed51489cef g_d098c0c73946 g_ea2eb3c043ba g_a8c88c5b2eb5 g_b1c9f787926c g_b12e42b8cff6 g_25f027ae1b57
q_7b7a3ffe7ca6,g_517fc156e469 g_bda6653de3f8 g_d5e67a7d5157 g_acb27de8207c g_70529e2d5954 g_d9fafc45f03b g_f52beabe75e9 g_75e232a570e9 g_673cead63302 g_c7ab1279da7c g_8af7e2c47267 g_4318e3f69720 g_027adec2ca24 g_3ac546908be7 g_b641e40b4002 g_c1e8162e3878 g_74d453c9a3a7 g_3e0ada624ec1 g_05849d74cfab g_2aa313c0b281 g_0808f459cec0 g_932da5bced66 g_fce818975dda g_dd27adb09b30 g_5aa874fa38a6 g_b9d4c1433954 g_e5f8cdece4a6 g_96aac4bf0d59 g_3bba88a233d2 g_8f2f7885bf92 g_2ceec8bd9741 g_1d2b7cf58ad5 g_e0ccdfbf9f00 g_d85262e03c42 g_c14dad25b418 g_eeac1871fded g_efdc64125061 g_e08691de98f8 g_9e4dcbe2ed07 g_8a6731e08c13 g_0a556e953785 g_ebf5af716393 g_6ec8858d4a9f g_699eb9607c4e g_f172ad939439 g_da61f5e555c7 g_d50551e660c9 g_6c43f4574331 g_ee2e34a4305b g_8eba772fe35c g_55dc4d2bd0d7 g_75b446a0112e g_de554e44d62f g_31b1fbb078bf g_e862932aec2d g_53a52906d129 g_8a220359326a g_6cf0094ac74a g_0e6eb886a136 g_14172b566e3e g_40742c58b1d2 g_36bea42c9e33 g_4e2d730cf5e4 g_d3929af6bb55 g_199f11a29c76 g_fcc22b630798 g_82b941c5f3e6 g_573cf52ce2b2 g_1a40ebcb441c g_e5ed37578f5e g_5b7b3b2f82ba g_2fc06887012f g_4f905a235c04 g_5c2076734da4 g_c976d1aef8c6 g_dba157c43664 g_41ab0116bf71 g_ea2eb3c043ba g_4e093d64cdb0 g_4ba39e73c5c0 g_e5200cb50906 g_e74ee941d3fd g_61b2398d515d g_d098c0c73946 g_b453598aa677 g_9dd316566cf0 g_69e4c78d493f g_bb430c52d431 g_37f955e29627 g_5a62a4d9e8ac g_5c9286487ea8 g_ae1499661420 g_09bed28452fd g_aa54f58e96ac g_e6ed51489cef g_b12e42b8cff6 g_f9800f979cd5 g_25f027ae1b57 g_b1c9f787926c g_a8c88c5b2eb5
q_ba72e9d20954,g_d9fafc45f03b g_517fc156e469 g_70529e2d5954 g_dd27adb09b30 g_d5e67a7d5157 g_b9d4c1433954 g_fcc22b630798 g_2aa313c0b281 g_3ac546908be7 g_05849d74cfab g_d85262e03c42 g_673cead63302 g_75e232a570e9 g_e0ccdfbf9f00 g_b641e40b4002 g_f52beabe75e9 g_74d453c9a3a7 g_40742c58b1d2 g_c7ab1279da7c g_c1e8162e3878 g_5aa874fa38a6 g_fce818975dda g_6c43f4574331 g_1d2b7cf58ad5 g_0808f459cec0 g_ee2e34a4305b g_8f2f7885bf92 g_6ec8858d4a9f g_3e0ada624ec1 g_9e4dcbe2ed07 g_4318e3f69720 g_acb27de8207c g_82b941c5f3e6 g_8a6731e08c13 g_f172ad939439 g_e08691de98f8 g_3bba88a233d2 g_ae1499661420 g_d098c0c73946 g_bda6653de3f8 g_c14dad25b418 g_932da5bced66 g_2ceec8bd9741 g_199f11a29c76 g_699eb9607c4e g_ebf5af716393 g_027adec2ca24 g_36bea42c9e33 g_4e2d730cf5e4 g_e5f8cdece4a6 g_53a52906d129 g_69e4c78d493f g_e5200cb50906 g_0a556e953785 g_0e6eb886a136 g_eeac1871fded g_4ba39e73c5c0 g_41ab0116bf71 g_e74ee941d3fd g_ea2eb3c043ba g_31b1fbb078bf g_d50551e660c9 g_1a40ebcb441c g_efdc64125061 g_75b446a0112e g_c976d1aef8c6 g_96aac4bf0d59 g_8af7e2c47267 g_55dc4d2bd0d7 g_de554e44d62f g_5a62a4d9e8ac g_8eba772fe35c g_5c2076734da4 g_5b7b3b2f82ba g_8a220359326a g_14172b566e3e g_4f905a235c04 g_573cf52ce2b2 g_6cf0094ac74a g_d3929af6bb55 g_e5ed37578f5e g_2fc06887012f g_e862932aec2d g_da61f5e555c7 g_dba157c43664 g_aa54f58e96ac g_4e093d64cdb0 g_b453598aa677 g_37f955e29627 g_5c9286487ea8 g_09bed28452fd g_e6ed51489cef g_25f027ae1b57 g_bb430c52d431 g_61b2398d515d g_b12e42b8cff6 g_9dd316566cf0 g_b1c9f787926c g_f9800f979cd5 g_a8c88c5b2eb5
q_17f4c3f1304e,g_aa54f58e96ac g_0a556e953785 g_e0ccdfbf9f00 g_199f11a29c76 g_3bba88a233d2 g_3ac546908be7 g_673cead63302 g_8f2f7885bf92 g_5aa874fa38a6 g_9e4dcbe2ed07 g_f52beabe75e9 g_3e0ada624ec1 g_05849d74cfab g_75e232a570e9 g_1d2b7cf58ad5 g_b9d4c1433954 g_8a220359326a g_c7ab1279da7c g_dba157c43664 g_6cf0094ac74a g_4318e3f69720 g_bda6653de3f8 g_55dc4d2bd0d7 g_8af7e2c47267 g_ebf5af716393 g_699eb9607c4e g_0e6eb886a136 g_c976d1aef8c6 g_eeac1871fded g_4ba39e73c5c0 g_8a6731e08c13 g_74d453c9a3a7 g_d5e67a7d5157 g_4e093d64cdb0 g_ee2e34a4305b g_517fc156e469 g_69e4c78d493f g_6ec8858d4a9f g_932da5bced66 g_0808f459cec0 g_36bea42c9e33 g_573cf52ce2b2 g_e5ed37578f5e g_4f905a235c04 g_2ceec8bd9741 g_027adec2ca24 g_2aa313c0b281 g_82b941c5f3e6 g_e08691de98f8 g_d9fafc45f03b g_53a52906d129 g_fcc22b630798 g_31b1fbb078bf g_4e2d730cf5e4 g_de554e44d62f g_d50551e660c9 g_e5f8cdece4a6 g_acb27de8207c g_b641e40b4002 g_f172ad939439 g_75b446a0112e g_5c2076734da4 g_1a40ebcb441c g_fce818975dda g_c1e8162e3878 g_2fc06887012f g_e5200cb50906 g_b453598aa677 g_da61f5e555c7 g_96aac4bf0d59 g_ea2eb3c043ba g_c14dad25b418 g_d85262e03c42 g_40742c58b1d2 g_ae1499661420 g_efdc64125061 g_70529e2d5954 g_5c9286487ea8 g_d098c0c73946 g_e862932aec2d g_5b7b3b2f82ba g_e74ee941d3fd g_8eba772fe35c g_6c43f4574331 g_41ab0116bf71 g_9dd316566cf0 g_14172b566e3e g_dd27adb09b30 g_37f955e29627 g_09bed28452fd g_bb430c52d431 g_5a62a4d9e8ac g_e6ed51489cef g_d3929af6bb55 g_61b2398d515d g_25f027ae1b57 g_a8c88c5b2eb5 g_b1c9f787926c g_f9800f979cd5 g_b12e42b8cff6
q_4cf298c4cc72,g_da61f5e555c7 g_61b2398d515d g_2ceec8bd9741 g_bb430c52d431 g_96aac4bf0d59 g_e5f8cdece4a6 g_eeac1871fded g_573cf52ce2b2 g_14172b566e3e g_9dd316566cf0 g_c7ab1279da7c g_8af7e2c47267 g_acb27de8207c g_d50551e660c9 g_c1e8162e3878 g_dba157c43664 g_3bba88a233d2 g_bda6653de3f8 g_fce818975dda g_932da5bced66 g_55dc4d2bd0d7 g_d85262e03c42 g_9e4dcbe2ed07 g_d3929af6bb55 g_8f2f7885bf92 g_6cf0094ac74a g_517fc156e469 g_3ac546908be7 g_8eba772fe35c g_4318e3f69720 g_f9800f979cd5 g_e5ed37578f5e g_2aa313c0b281 g_3e0ada624ec1 g_efdc64125061 g_0808f459cec0 g_75e232a570e9 g_ebf5af716393 g_8a6731e08c13 g_2fc06887012f g_0e6eb886a136 g_6c43f4574331 g_75b446a0112e g_4e093d64cdb0 g_673cead63302 g_0a556e953785 g_d5e67a7d5157 g_6ec8858d4a9f g_37f955e29627 g_70529e2d5954 g_b641e40b4002 g_e862932aec2d g_e08691de98f8 g_027adec2ca24 g_d9fafc45f03b g_4ba39e73c5c0 g_31b1fbb078bf g_f172ad939439 g_e0ccdfbf9f00 g_f52beabe75e9 g_5c2076734da4 g_05849d74cfab g_1d2b7cf58ad5 g_5aa874fa38a6 g_1a40ebcb441c g_c14dad25b418 g_41ab0116bf71 g_b453598aa677 g_40742c58b1d2 g_b9d4c1433954 g_de554e44d62f g_dd27adb09b30 g_5b7b3b2f82ba g_74d453c9a3a7 g_e5200cb50906 g_4f905a235c04 g_4e2d730cf5e4 g_fcc22b630798 g_36bea42c9e33 g_199f11a29c76 g_53a52906d129 g_5c9286487ea8 g_c976d1aef8c6 g_09bed28452fd g_69e4c78d493f g_ae1499661420 g_8a220359326a g_ea2eb3c043ba g_699eb9607c4e g_d098c0c73946 g_ee2e34a4305b g_82b941c5f3e6 g_e74ee941d3fd g_e6ed51489cef g_aa54f58e96ac g_5a62a4d9e8ac g_b1c9f787926c g_a8c88c5b2eb5 g_b12e42b8cff6 g_25f027ae1b57
q_d34e32fac0cc,g_517fc156e469 g_d85262e03c42 g_3bba88a233d2 g_8a6731e08c13 g_c7ab1279da7c g_acb27de8207c g_673cead63302 g_bda6653de3f8 g_573cf52ce2b2 g_4318e3f69720 g_d5e67a7d5157 g_2aa313c0b281 g_55dc4d2bd0d7 g_e5f8cdece4a6 g_fce818975dda g_3ac546908be7 g_c1e8162e3878 g_eeac1871fded g_96aac4bf0d59 g_f172ad939439 g_d50551e660c9 g_8f2f7885bf92 g_40742c58b1d2 g_75e232a570e9 g_0a556e953785 g_2ceec8bd9741 g_b9d4c1433954 g_f52beabe75e9 g_932da5bced66 g_9e4dcbe2ed07 g_d9fafc45f03b g_0808f459cec0 g_05849d74cfab g_4ba39e73c5c0 g_dd27adb09b30 g_da61f5e555c7 g_efdc64125061 g_1d2b7cf58ad5 g_3e0ada624ec1 g_e08691de98f8 g_e0ccdfbf9f00 g_b641e40b4002 g_5aa874fa38a6 g_8af7e2c47267 g_6c43f4574331 g_37f955e29627 g_70529e2d5954 g_027adec2ca24 g_de554e44d62f g_4e093d64cdb0 g_e5ed37578f5e g_74d453c9a3a7 g_ebf5af716393 g_14172b566e3e g_6ec8858d4a9f g_dba157c43664 g_4f905a235c04 g_6cf0094ac74a g_36bea42c9e33 g_53a52906d129 g_ae1499661420 g_41ab0116bf71 g_0e6eb886a136 g_d3929af6bb55 g_31b1fbb078bf g_699eb9607c4e g_8eba772fe35c g_8a220359326a g_e5200cb50906 g_e6ed51489cef g_69e4c78d493f g_bb430c52d431 g_c14dad25b418 g_5c2076734da4 g_75b446a0112e g_e862932aec2d g_e74ee941d3fd g_b453598aa677 g_1a40ebcb441c g_199f11a29c76 g_5c9286487ea8 g_ee2e34a4305b g_61b2398d515d g_5b7b3b2f82ba g_c976d1aef8c6 g_fcc22b630798 g_2fc06887012f g_4e2d730cf5e4 g_aa54f58e96ac g_09bed28452fd g_82b941c5f3e6 g_ea2eb3c043ba g_d098c0c73946 g_5a62a4d9e8ac g_9dd316566cf0 g_f9800f979cd5 g_b12e42b8cff6 g_a8c88c5b2eb5 g_25f027ae1b57 g_b1c9f787926c
q_0eea0850e691,g_8a6731e08c13 g_3bba88a233d2 g_4ba39e73c5c0 g_d85262e03c42 g_55dc4d2bd0d7 g_d5e67a7d5157 g_573cf52ce2b2 g_e5f8cdece4a6 g_fce818975dda g_9e4dcbe2ed07 g_ebf5af716393 g_96aac4bf0d59 g_acb27de8207c g_40742c58b1d2 g_3ac546908be7 g_c7ab1279da7c g_2aa313c0b281 g_b641e40b4002 g_673cead63302 g_2ceec8bd9741 g_c1e8162e3878 g_d9fafc45f03b g_f172ad939439 g_517fc156e469 g_14172b566e3e g_75e232a570e9 g_dd27adb09b30 g_8f2f7885bf92 g_4e093d64cdb0 g_f52beabe75e9 g_e5ed37578f5e g_05849d74cfab g_4318e3f69720 g_70529e2d5954 g_da61f5e555c7 g_37f955e29627 g_d3929af6bb55 g_5aa874fa38a6 g_efdc64125061 g_dba157c43664 g_699eb9607c4e g_b9d4c1433954 g_e08691de98f8 g_bda6653de3f8 g_eeac1871fded g_69e4c78d493f g_d50551e660c9 g_e0ccdfbf9f00 g_e5200cb50906 g_1d2b7cf58ad5 g_6ec8858d4a9f g_0a556e953785 g_3e0ada624ec1 g_6c43f4574331 g_31b1fbb078bf g_53a52906d129 g_ae1499661420 g_c976d1aef8c6 g_199f11a29c76 g_027adec2ca24 g_932da5bced66 g_8af7e2c47267 g_0e6eb886a136 g_41ab0116bf71 g_de554e44d62f g_74d453c9a3a7 g_b453598aa677 g_5c2076734da4 g_1a40ebcb441c g_0808f459cec0 g_ee2e34a4305b g_c14dad25b418 g_5c9286487ea8 g_bb430c52d431 g_6cf0094ac74a g_8a220359326a g_8eba772fe35c g_4f905a235c04 g_e862932aec2d g_36bea42c9e33 g_ea2eb3c043ba g_2fc06887012f g_4e2d730cf5e4 g_61b2398d515d g_e74ee941d3fd g_5b7b3b2f82ba g_75b446a0112e g_fcc22b630798 g_d098c0c73946 g_82b941c5f3e6 g_aa54f58e96ac g_e6ed51489cef g_5a62a4d9e8ac g_09bed28452fd g_f9800f979cd5 g_9dd316566cf0 g_25f027ae1b57 g_a8c88c5b2eb5 g_b1c9f787926c g_b12e42b8cff6
q_b1733a9c0d5e,g_8f2f7885bf92 g_e5f8cdece4a6 g_2ceec8bd9741 g_acb27de8207c g_96aac4bf0d59 g_3bba88a233d2 g_f172ad939439 g_d85262e03c42 g_fce818975dda g_75e232a570e9 g_c7ab1279da7c g_dba157c43664 g_d50551e660c9 g_b641e40b4002 g_ebf5af716393 g_14172b566e3e g_9e4dcbe2ed07 g_517fc156e469 g_932da5bced66 g_8a6731e08c13 g_673cead63302 g_d3929af6bb55 g_eeac1871fded g_4ba39e73c5c0 g_55dc4d2bd0d7 g_05849d74cfab g_0a556e953785 g_d5e67a7d5157 g_bda6653de3f8 g_b453598aa677 g_c1e8162e3878 g_573cf52ce2b2 g_4318e3f69720 g_4e093d64cdb0 g_2aa313c0b281 g_da61f5e555c7 g_e5ed37578f5e g_3e0ada624ec1 g_f52beabe75e9 g_6cf0094ac74a g_8af7e2c47267 g_3ac546908be7 g_c14dad25b418 g_6c43f4574331 g_b9d4c1433954 g_70529e2d5954 g_efdc64125061 g_5aa874fa38a6 g_d9fafc45f03b g_bb430c52d431 g_dd27adb09b30 g_0e6eb886a136 g_e08691de98f8 g_1d2b7cf58ad5 g_0808f459cec0 g_53a52906d129 g_61b2398d515d g_027adec2ca24 g_e0ccdfbf9f00 g_40742c58b1d2 g_699eb9607c4e g_2fc06887012f g_8eba772fe35c g_37f955e29627 g_6ec8858d4a9f g_4f905a235c04 g_5c2076734da4 g_5c9286487ea8 g_de554e44d62f g_36bea42c9e33 g_74d453c9a3a7 g_e5200cb50906 g_69e4c78d493f g_199f11a29c76 g_c976d1aef8c6 g_41ab0116bf71 g_31b1fbb078bf g_8a220359326a g_aa54f58e96ac g_5b7b3b2f82ba g_75b446a0112e g_e862932aec2d g_e74ee941d3fd g_fcc22b630798 g_ee2e34a4305b g_4e2d730cf5e4 g_f9800f979cd5 g_1a40ebcb441c g_82b941c5f3e6 g_09bed28452fd g_ae1499661420 g_d098c0c73946 g_9dd316566cf0 g_ea2eb3c043ba g_5a62a4d9e8ac g_e6ed51489cef g_a8c88c5b2eb5 g_b1c9f787926c g_b12e42b8cff6 g_25f027ae1b57
q_fd0e65d5a86e,g_2ceec8bd9741 g_e5f8cdece4a6 g_96aac4bf0d59 g_da61f5e555c7 g_fce818975dda g_573cf52ce2b2 g_14172b566e3e g_3bba88a233d2 g_dba157c43664 g_61b2398d515d g_bb430c52d431 g_c7ab1279da7c g_d3929af6bb55 g_6cf0094ac74a g_acb27de8207c g_9e4dcbe2ed07 g_eeac1871fded g_932da5bced66 g_d50551e660c9 g_d85262e03c42 g_55dc4d2bd0d7 g_bda6653de3f8 g_8af7e2c47267 g_0808f459cec0 g_3e0ada624ec1 g_8f2f7885bf92 g_75e232a570e9 g_517fc156e469 g_b641e40b4002 g_673cead63302 g_8a6731e08c13 g_ebf5af716393 g_4318e3f69720 g_c1e8162e3878 g_efdc64125061 g_0e6eb886a136 g_2aa313c0b281 g_4e093d64cdb0 g_37f955e29627 g_d5e67a7d5157 g_3ac546908be7 g_4ba39e73c5c0 g_40742c58b1d2 g_d9fafc45f03b g_8eba772fe35c g_e08691de98f8 g_f52beabe75e9 g_f172ad939439 g_0a556e953785 g_e5ed37578f5e g_027adec2ca24 g_2fc06887012f g_75b446a0112e g_05849d74cfab g_6ec8858d4a9f g_70529e2d5954 g_dd27adb09b30 g_e0ccdfbf9f00 g_6c43f4574331 g_9dd316566cf0 g_5aa874fa38a6 g_f9800f979cd5 g_e862932aec2d g_31b1fbb078bf g_74d453c9a3a7 g_1d2b7cf58ad5 g_e5200cb50906 g_b9d4c1433954 g_41ab0116bf71 g_4f905a235c04 g_1a40ebcb441c g_fcc22b630798 g_c14dad25b418 g_de554e44d62f g_5c9286487ea8 g_5c2076734da4 g_36bea42c9e33 g_b453598aa677 g_53a52906d129 g_82b941c5f3e6 g_4e2d730cf5e4 g_69e4c78d493f g_199f11a29c76 g_ee2e34a4305b g_ae1499661420 g_5b7b3b2f82ba g_699eb9607c4e g_d098c0c73946 g_e74ee941d3fd g_c976d1aef8c6 g_09bed28452fd g_8a220359326a g_5a62a4d9e8ac g_e6ed51489cef g_aa54f58e96ac g_ea2eb3c043ba g_a8c88c5b2eb5 g_b1c9f787926c g_25f027ae1b57 g_b12e42b8cff6
q_13db8017c6b0,g_acb27de8207c g_d5e67a7d5157 g_517fc156e469 g_70529e2d5954 g_b641e40b4002 g_8f2f7885bf92 g_c1e8162e3878 g_75e232a570e9 g_673cead63302 g_c7ab1279da7c g_e08691de98f8 g_d85262e03c42 g_c14dad25b418 g_f52beabe75e9 g_96aac4bf0d59 g_e5f8cdece4a6 g_2aa313c0b281 g_d50551e660c9 g_2ceec8bd9741 g_3ac546908be7 g_05849d74cfab g_027adec2ca24 g_bda6653de3f8 g_8af7e2c47267 g_d9fafc45f03b g_6c43f4574331 g_74d453c9a3a7 g_dd27adb09b30 g_1d2b7cf58ad5 g_eeac1871fded g_932da5bced66 g_efdc64125061 g_da61f5e555c7 g_2fc06887012f g_fce818975dda g_ebf5af716393 g_e5ed37578f5e g_53a52906d129 g_b9d4c1433954 g_3bba88a233d2 g_0808f459cec0 g_14172b566e3e g_3e0ada624ec1 g_55dc4d2bd0d7 g_d3929af6bb55 g_e0ccdfbf9f00 g_8a6731e08c13 g_5c2076734da4 g_6ec8858d4a9f g_0a556e953785 g_8eba772fe35c g_5aa874fa38a6 g_9e4dcbe2ed07 g_4318e3f69720 g_e862932aec2d g_699eb9607c4e g_e74ee941d3fd g_5b7b3b2f82ba g_31b1fbb078bf g_c976d1aef8c6 g_40742c58b1d2 g_4e2d730cf5e4 g_199f11a29c76 g_ee2e34a4305b g_de554e44d62f g_573cf52ce2b2 g_f172ad939439 g_4ba39e73c5c0 g_ea2eb3c043ba g_0e6eb886a136 g_b453598aa677 g_d098c0c73946 g_41ab0116bf71 g_75b446a0112e g_1a40ebcb441c g_fcc22b630798 g_4f905a235c04 g_e5200cb50906 g_dba157c43664 g_61b2398d515d g_bb430c52d431 g_ae1499661420 g_36bea42c9e33 g_8a220359326a g_6cf0094ac74a g_82b941c5f3e6 g_69e4c78d493f g_37f955e29627 g_4e093d64cdb0 g_5c9286487ea8 g_9dd316566cf0 g_09bed28452fd g_e6ed51489cef g_5a62a4d9e8ac g_aa54f58e96ac g_b1c9f787926c g_f9800f979cd5 g_b12e42b8cff6 g_25f027ae1b57 g_a8c88c5b2eb5
q_0e0def668a28,g_2ceec8bd9741 g_e5f8cdece4a6 g_96aac4bf0d59 g_da61f5e555c7 g_6cf0094ac74a g_14172b566e3e g_eeac1871fded g_61b2398d515d g_dba157c43664 g_bb430c52d431 g_d50551e660c9 g_9e4dcbe2ed07 g_3bba88a233d2 g_d3929af6bb55 g_932da5bced66 g_fce818975dda g_acb27de8207c g_c7ab1279da7c g_573cf52ce2b2 g_8af7e2c47267 g_d85262e03c42 g_75e232a570e9 g_b641e40b4002 g_8f2f7885bf92 g_55dc4d2bd0d7 g_ebf5af716393 g_bda6653de3f8 g_517fc156e469 g_0e6eb886a136 g_3e0ada624ec1 g_efdc64125061 g_4318e3f69720 g_4e093d64cdb0 g_9dd316566cf0 g_c1e8162e3878 g_2aa313c0b281 g_70529e2d5954 g_8a6731e08c13 g_8eba772fe35c g_4ba39e73c5c0 g_2fc06887012f g_673cead63302 g_e5ed37578f5e g_f9800f979cd5 g_0808f459cec0 g_3ac546908be7 g_e08691de98f8 g_6ec8858d4a9f g_d5e67a7d5157 g_f172ad939439 g_75b446a0112e g_05849d74cfab g_0a556e953785 g_37f955e29627 g_f52beabe75e9 g_40742c58b1d2 g_d9fafc45f03b g_e862932aec2d g_e0ccdfbf9f00 g_31b1fbb078bf g_74d453c9a3a7 g_027adec2ca24 g_c14dad25b418 g_b453598aa677 g_6c43f4574331 g_5aa874fa38a6 g_de554e44d62f g_5c2076734da4 g_5c9286487ea8 g_1d2b7cf58ad5 g_b9d4c1433954 g_1a40ebcb441c g_82b941c5f3e6 g_e5200cb50906 g_41ab0116bf71 g_dd27adb09b30 g_4f905a235c04 g_53a52906d129 g_5b7b3b2f82ba g_36bea42c9e33 g_4e2d730cf5e4 g_fcc22b630798 g_69e4c78d493f g_ee2e34a4305b g_199f11a29c76 g_c976d1aef8c6 g_699eb9607c4e g_8a220359326a g_d098c0c73946 g_e74ee941d3fd g_ea2eb3c043ba g_ae1499661420 g_09bed28452fd g_e6ed51489cef g_aa54f58e96ac g_5a62a4d9e8ac g_a8c88c5b2eb5 g_b1c9f787926c g_b12e42b8cff6 g_25f027ae1b57
q_57d4d15d4f68,g_2ceec8bd9741 g_e5f8cdece4a6 g_dba157c43664 g_573cf52ce2b2 g_3bba88a233d2 g_fce818975dda g_6cf0094ac74a g_4ba39e73c5c0 g_4e093d64cdb0 g_8a6731e08c13 g_96aac4bf0d59 g_55dc4d2bd0d7 g_eeac1871fded g_d3929af6bb55 g_acb27de8207c g_9e4dcbe2ed07 g_ebf5af716393 g_3ac546908be7 g_bda6653de3f8 g_c7ab1279da7c g_0a556e953785 g_14172b566e3e g_da61f5e555c7 g_d85262e03c42 g_4318e3f69720 g_2aa313c0b281 g_8f2f7885bf92 g_bb430c52d431 g_3e0ada624ec1 g_8af7e2c47267 g_c1e8162e3878 g_517fc156e469 g_932da5bced66 g_0e6eb886a136 g_f52beabe75e9 g_d5e67a7d5157 g_f172ad939439 g_d50551e660c9 g_e08691de98f8 g_75e232a570e9 g_4f905a235c04 g_e5ed37578f5e g_673cead63302 g_5aa874fa38a6 g_efdc64125061 g_0808f459cec0 g_61b2398d515d g_40742c58b1d2 g_6c43f4574331 g_d9fafc45f03b g_b9d4c1433954 g_05849d74cfab g_e0ccdfbf9f00 g_6ec8858d4a9f g_b641e40b4002 g_1d2b7cf58ad5 g_699eb9607c4e g_37f955e29627 g_74d453c9a3a7 g_027adec2ca24 g_31b1fbb078bf g_1a40ebcb441c g_75b446a0112e g_b453598aa677 g_5c2076734da4 g_2fc06887012f g_53a52906d129 g_dd27adb09b30 g_de554e44d62f g_199f11a29c76 g_8eba772fe35c g_70529e2d5954 g_9dd316566cf0 g_36bea42c9e33 g_41ab0116bf71 g_5c9286487ea8 g_e862932aec2d g_69e4c78d493f g_e5200cb50906 g_f9800f979cd5 g_c976d1aef8c6 g_c14dad25b418 g_aa54f58e96ac g_ae1499661420 g_4e2d730cf5e4 g_8a220359326a g_fcc22b630798 g_09bed28452fd g_5b7b3b2f82ba g_82b941c5f3e6 g_e74ee941d3fd g_ee2e34a4305b g_d098c0c73946 g_ea2eb3c043ba g_e6ed51489cef g_5a62a4d9e8ac g_a8c88c5b2eb5 g_b12e42b8cff6 g_b1c9f787926c g_25f027ae1b57
q_2ebee03ad9bf,g_e0ccdfbf9f00 g_f52beabe75e9 g_74d453c9a3a7 g_3ac546908be7 g_05849d74cfab g_40742c58b1d2 g_2aa313c0b281 g_673cead63302 g_d9fafc45f03b g_b9d4c1433954 g_0a556e953785 g_69e4c78d493f g_d85262e03c42 g_c7ab1279da7c g_c1e8162e3878 g_ae1499661420 g_70529e2d5954 g_36bea42c9e33 g_ee2e34a4305b g_8a6731e08c13 g_8f2f7885bf92 g_199f11a29c76 g_5aa874fa38a6 g_e5200cb50906 g_d5e67a7d5157 g_4e2d730cf5e4 g_e08691de98f8 g_3bba88a233d2 g_1d2b7cf58ad5 g_517fc156e469 g_31b1fbb078bf g_8a220359326a g_0e6eb886a136 g_75e232a570e9 g_53a52906d129 g_f172ad939439 g_41ab0116bf71 g_9e4dcbe2ed07 g_aa54f58e96ac g_bda6653de3f8 g_fce818975dda g_e5f8cdece4a6 g_4ba39e73c5c0 g_efdc64125061 g_699eb9607c4e g_1a40ebcb441c g_b641e40b4002 g_6ec8858d4a9f g_027adec2ca24 g_acb27de8207c g_8af7e2c47267 g_4318e3f69720 g_55dc4d2bd0d7 g_82b941c5f3e6 g_fcc22b630798 g_932da5bced66 g_0808f459cec0 g_ebf5af716393 g_d50551e660c9 g_e5ed37578f5e g_ea2eb3c043ba g_dd27adb09b30 g_c14dad25b418 g_5c9286487ea8 g_eeac1871fded g_573cf52ce2b2 g_e862932aec2d g_75b446a0112e g_6c43f4574331 g_4e093d64cdb0 g_d098c0c73946 g_c976d1aef8c6 g_4f905a235c04 g_3e0ada624ec1 g_e74ee941d3fd g_2ceec8bd9741 g_5c2076734da4 g_e6ed51489cef g_6cf0094ac74a g_5b7b3b2f82ba g_de554e44d62f g_dba157c43664 g_8eba772fe35c g_14172b566e3e g_09bed28452fd g_37f955e29627 g_96aac4bf0d59 g_5a62a4d9e8ac g_b453598aa677 g_2fc06887012f g_da61f5e555c7 g_d3929af6bb55 g_bb430c52d431 g_25f027ae1b57 g_61b2398d515d g_b12e42b8cff6 g_9dd316566cf0 g_b1c9f787926c g_a8c88c5b2eb5 g_f9800f979cd5
q_4fa0825f121a,g_e74ee941d3fd g_3ac546908be7 g_517fc156e469 g_673cead63302 g_1d2b7cf58ad5 g_8f2f7885bf92 g_c7ab1279da7c g_2aa313c0b281 g_d9fafc45f03b g_c1e8162e3878 g_75e232a570e9 g_f52beabe75e9 g_d5e67a7d5157 g_e0ccdfbf9f00 g_6ec8858d4a9f g_dd27adb09b30 g_74d453c9a3a7 g_0a556e953785 g_e08691de98f8 g_eeac1871fded g_05849d74cfab g_acb27de8207c g_699eb9607c4e g_027adec2ca24 g_5b7b3b2f82ba g_6c43f4574331 g_fce818975dda g_bda6653de3f8 g_e5f8cdece4a6 g_5c2076734da4 g_efdc64125061 g_e5ed37578f5e g_3bba88a233d2 g_ee2e34a4305b g_3e0ada624ec1 g_c976d1aef8c6 g_199f11a29c76 g_9e4dcbe2ed07 g_70529e2d5954 g_53a52906d129 g_d85262e03c42 g_b641e40b4002 g_5aa874fa38a6 g_d50551e660c9 g_55dc4d2bd0d7 g_b9d4c1433954 g_2ceec8bd9741 g_0808f459cec0 g_fcc22b630798 g_8a6731e08c13 g_932da5bced66 g_4318e3f69720 g_c14dad25b418 g_ebf5af716393 g_8af7e2c47267 g_36bea42c9e33 g_1a40ebcb441c g_0e6eb886a136 g_8eba772fe35c g_31b1fbb078bf g_de554e44d62f g_8a220359326a g_69e4c78d493f g_ae1499661420 g_82b941c5f3e6 g_96aac4bf0d59 g_e862932aec2d g_da61f5e555c7 g_ea2eb3c043ba g_75b446a0112e g_573cf52ce2b2 g_2fc06887012f g_e5200cb50906 g_aa54f58e96ac g_dba157c43664 g_40742c58b1d2 g_09bed28452fd g_4ba39e73c5c0 g_41ab0116bf71 g_37f955e29627 g_d098c0c73946 g_b453598aa677 g_f172ad939439 g_d3929af6bb55 g_5a62a4d9e8ac g_5c9286487ea8 g_4e093d64cdb0 g_14172b566e3e g_4e2d730cf5e4 g_6cf0094ac74a g_4f905a235c04 g_e6ed51489cef g_b12e42b8cff6 g_61b2398d515d g_bb430c52d431 g_9dd316566cf0 g_b1c9f787926c g_25f027ae1b57 g_f9800f979cd5 g_a8c88c5b2eb5
q_a8ce025f91ea,g_3ac546908be7 g_517fc156e469 g_2aa313c0b281 g_d9fafc45f03b g_75e232a570e9 g_dd27adb09b30 g_f52beabe75e9 g_1d2b7cf58ad5 g_74d453c9a3a7 g_c1e8162e3878 g_673cead63302 g_d5e67a7d5157 g_6c43f4574331 g_6ec8858d4a9f g_bda6653de3f8 g_e0ccdfbf9f00 g_e08691de98f8 g_5aa874fa38a6 g_4318e3f69720 g_b9d4c1433954 g_3bba88a233d2 g_70529e2d5954 g_ae1499661420 g_de554e44d62f g_31b1fbb078bf g_0a556e953785 g_c7ab1279da7c g_d85262e03c42 g_eeac1871fded g_05849d74cfab g_5c2076734da4 g_8a6731e08c13 g_8f2f7885bf92 g_efdc64125061 g_9e4dcbe2ed07 g_699eb9607c4e g_53a52906d129 g_fce818975dda g_0808f459cec0 g_3e0ada624ec1 g_e74ee941d3fd g_ebf5af716393 g_55dc4d2bd0d7 g_fcc22b630798 g_ee2e34a4305b g_1a40ebcb441c g_4ba39e73c5c0 g_199f11a29c76 g_41ab0116bf71 g_0e6eb886a136 g_36bea42c9e33 g_e5200cb50906 g_5b7b3b2f82ba g_027adec2ca24 g_b641e40b4002 g_40742c58b1d2 g_8af7e2c47267 g_82b941c5f3e6 g_acb27de8207c g_8a220359326a g_e5f8cdece4a6 g_c976d1aef8c6 g_932da5bced66 g_69e4c78d493f g_75b446a0112e g_f172ad939439 g_e5ed37578f5e g_ea2eb3c043ba g_8eba772fe35c g_4f905a235c04 g_c14dad25b418 g_4e2d730cf5e4 g_573cf52ce2b2 g_2ceec8bd9741 g_d50551e660c9 g_4e093d64cdb0 g_d3929af6bb55 g_e862932aec2d g_d098c0c73946 g_09bed28452fd g_aa54f58e96ac g_e6ed51489cef g_dba157c43664 g_6cf0094ac74a g_2fc06887012f g_96aac4bf0d59 g_5c9286487ea8 g_da61f5e555c7 g_5a62a4d9e8ac g_14172b566e3e g_37f955e29627 g_b453598aa677 g_bb430c52d431 g_25f027ae1b57 g_b12e42b8cff6 g_9dd316566cf0 g_61b2398d515d g_b1c9f787926c g_f9800f979cd5 g_a8c88c5b2eb5
q_9b187df729f8,g_da61f5e555c7 g_eeac1871fded g_9dd316566cf0 g_2ceec8bd9741 g_d50551e660c9 g_96aac4bf0d59 g_e5f8cdece4a6 g_acb27de8207c g_14172b566e3e g_bda6653de3f8 g_3bba88a233d2 g_4318e3f69720 g_61b2398d515d g_6cf0094ac74a g_c7ab1279da7c g_932da5bced66 g_8f2f7885bf92 g_3e0ada624ec1 g_027adec2ca24 g_0808f459cec0 g_fce818975dda g_bb430c52d431 g_517fc156e469 g_75e232a570e9 g_9e4dcbe2ed07 g_d5e67a7d5157 g_05849d74cfab g_dba157c43664 g_8af7e2c47267 g_70529e2d5954 g_d9fafc45f03b g_3ac546908be7 g_55dc4d2bd0d7 g_ebf5af716393 g_b641e40b4002 g_f52beabe75e9 g_dd27adb09b30 g_0a556e953785 g_c1e8162e3878 g_6ec8858d4a9f g_5aa874fa38a6 g_8a6731e08c13 g_4ba39e73c5c0 g_8eba772fe35c g_c14dad25b418 g_673cead63302 g_e5ed37578f5e g_2aa313c0b281 g_d85262e03c42 g_4e093d64cdb0 g_efdc64125061 g_2fc06887012f g_573cf52ce2b2 g_1d2b7cf58ad5 g_40742c58b1d2 g_699eb9607c4e g_f172ad939439 g_6c43f4574331 g_ee2e34a4305b g_b453598aa677 g_b9d4c1433954 g_75b446a0112e g_de554e44d62f g_74d453c9a3a7 g_e08691de98f8 g_e0ccdfbf9f00 g_5c2076734da4 g_c976d1aef8c6 g_0e6eb886a136 g_d3929af6bb55 g_31b1fbb078bf g_5b7b3b2f82ba g_e862932aec2d g_fcc22b630798 g_8a220359326a g_f9800f979cd5 g_53a52906d129 g_1a40ebcb441c g_41ab0116bf71 g_199f11a29c76 g_36bea42c9e33 g_e5200cb50906 g_37f955e29627 g_69e4c78d493f g_82b941c5f3e6 g_09bed28452fd g_4e2d730cf5e4 g_4f905a235c04 g_ea2eb3c043ba g_e74ee941d3fd g_d098c0c73946 g_ae1499661420 g_5a62a4d9e8ac g_5c9286487ea8 g_aa54f58e96ac g_e6ed51489cef g_b12e42b8cff6 g_b1c9f787926c g_25f027ae1b57 g_a8c88c5b2eb5
q_e551f74ec2d4,g_573cf52ce2b2 g_2ceec8bd9741 g_e5f8cdece4a6 g_37f955e29627 g_3bba88a233d2 g_96aac4bf0d59 g_55dc4d2bd0d7 g_dba157c43664 g_d3929af6bb55 g_da61f5e555c7 g_eeac1871fded g_bb430c52d431 g_8a6731e08c13 g_9e4dcbe2ed07 g_4f905a235c04 g_bda6653de3f8 g_fce818975dda g_4e093d64cdb0 g_4ba39e73c5c0 g_6c43f4574331 g_4318e3f69720 g_14172b566e3e g_09bed28452fd g_ae1499661420 g_75e232a570e9 g_8f2f7885bf92 g_d50551e660c9 g_3e0ada624ec1 g_acb27de8207c g_0a556e953785 g_c7ab1279da7c g_673cead63302 g_6cf0094ac74a g_61b2398d515d g_f9800f979cd5 g_36bea42c9e33 g_40742c58b1d2 g_ebf5af716393 g_e5ed37578f5e g_aa54f58e96ac g_517fc156e469 g_b641e40b4002 g_0e6eb886a136 g_932da5bced66 g_0808f459cec0 g_3ac546908be7 g_8af7e2c47267 g_d5e67a7d5157 g_5c9286487ea8 g_d85262e03c42 g_e6ed51489cef g_5aa874fa38a6 g_f172ad939439 g_2aa313c0b281 g_6ec8858d4a9f g_e0ccdfbf9f00 g_a8c88c5b2eb5 g_5a62a4d9e8ac g_b453598aa677 g_d9fafc45f03b g_f52beabe75e9 g_e74ee941d3fd g_b9d4c1433954 g_e08691de98f8 g_2fc06887012f g_05849d74cfab g_c1e8162e3878 g_75b446a0112e g_74d453c9a3a7 g_027adec2ca24 g_199f11a29c76 g_9dd316566cf0 g_1d2b7cf58ad5 g_5c2076734da4 g_efdc64125061 g_de554e44d62f g_41ab0116bf71 g_31b1fbb078bf g_53a52906d129 g_b1c9f787926c g_69e4c78d493f g_e862932aec2d g_8eba772fe35c g_dd27adb09b30 g_e5200cb50906 g_4e2d730cf5e4 g_c14dad25b418 g_5b7b3b2f82ba g_8a220359326a g_ee2e34a4305b g_fcc22b630798 g_82b941c5f3e6 g_d098c0c73946 g_70529e2d5954 g_c976d1aef8c6 g_ea2eb3c043ba g_699eb9607c4e g_1a40ebcb441c g_b12e42b8cff6 g_25f027ae1b57
q_2074bc45f94a,g_2ceec8bd9741 g_3bba88a233d2 g_e5f8cdece4a6 g_573cf52ce2b2 g_96aac4bf0d59 g_fce818975dda g_4318e3f69720 g_517fc156e469 g_14172b566e3e g_dba157c43664 g_da61f5e555c7 g_bda6653de3f8 g_acb27de8207c g_d85262e03c42 g_932da5bced66 g_c7ab1279da7c g_8a6731e08c13 g_9e4dcbe2ed07 g_0808f459cec0 g_55dc4d2bd0d7 g_6cf0094ac74a g_f172ad939439 g_eeac1871fded g_bb430c52d431 g_3e0ada624ec1 g_673cead63302 g_d5e67a7d5157 g_d3929af6bb55 g_c1e8162e3878 g_d50551e660c9 g_8af7e2c47267 g_75e232a570e9 g_b641e40b4002 g_61b2398d515d g_0a556e953785 g_4e093d64cdb0 g_8f2f7885bf92 g_2aa313c0b281 g_d9fafc45f03b g_40742c58b1d2 g_ebf5af716393 g_5aa874fa38a6 g_efdc64125061 g_0e6eb886a136 g_f52beabe75e9 g_3ac546908be7 g_4ba39e73c5c0 g_05849d74cfab g_dd27adb09b30 g_e08691de98f8 g_37f955e29627 g_4f905a235c04 g_b9d4c1433954 g_70529e2d5954 g_e0ccdfbf9f00 g_6c43f4574331 g_74d453c9a3a7 g_31b1fbb078bf g_027adec2ca24 g_36bea42c9e33 g_6ec8858d4a9f g_75b446a0112e g_41ab0116bf71 g_8eba772fe35c g_1d2b7cf58ad5 g_e5ed37578f5e g_c14dad25b418 g_e862932aec2d g_de554e44d62f g_ae1499661420 g_5c9286487ea8 g_e5200cb50906 g_53a52906d129 g_4e2d730cf5e4 g_2fc06887012f g_fcc22b630798 g_5c2076734da4 g_1a40ebcb441c g_69e4c78d493f g_699eb9607c4e g_9dd316566cf0 g_ee2e34a4305b g_82b941c5f3e6 g_b453598aa677 g_199f11a29c76 g_f9800f979cd5 g_e6ed51489cef g_8a220359326a g_d098c0c73946 g_e74ee941d3fd g_5b7b3b2f82ba g_5a62a4d9e8ac g_aa54f58e96ac g_c976d1aef8c6 g_ea2eb3c043ba g_09bed28452fd g_a8c88c5b2eb5 g_25f027ae1b57 g_b1c9f787926c g_b12e42b8cff6
q_78deabe24511,g_40742c58b1d2 g_e0ccdfbf9f00 g_05849d74cfab g_673cead63302 g_2aa313c0b281 g_c7ab1279da7c g_8a6731e08c13 g_d85262e03c42 g_d9fafc45f03b g_3ac546908be7 g_74d453c9a3a7 g_517fc156e469 g_b9d4c1433954 g_70529e2d5954 g_3bba88a233d2 g_d5e67a7d5157 g_5aa874fa38a6 g_ae1499661420 g_c1e8162e3878 g_b641e40b4002 g_d50551e660c9 g_ee2e34a4305b g_acb27de8207c g_69e4c78d493f g_f52beabe75e9 g_fce818975dda g_e5200cb50906 g_41ab0116bf71 g_75e232a570e9 g_9e4dcbe2ed07 g_0e6eb886a136 g_dd27adb09b30 g_55dc4d2bd0d7 g_e08691de98f8 g_f172ad939439 g_0a556e953785 g_4318e3f69720 g_573cf52ce2b2 g_8f2f7885bf92 g_027adec2ca24 g_0808f459cec0 g_932da5bced66 g_36bea42c9e33 g_31b1fbb078bf g_3e0ada624ec1 g_199f11a29c76 g_4e2d730cf5e4 g_e5ed37578f5e g_bda6653de3f8 g_e5f8cdece4a6 g_1a40ebcb441c g_4ba39e73c5c0 g_53a52906d129 g_96aac4bf0d59 g_efdc64125061 g_2ceec8bd9741 g_ebf5af716393 g_1d2b7cf58ad5 g_6ec8858d4a9f g_37f955e29627 g_8af7e2c47267 g_eeac1871fded g_82b941c5f3e6 g_75b446a0112e g_6c43f4574331 g_8a220359326a g_4e093d64cdb0 g_fcc22b630798 g_e862932aec2d g_e6ed51489cef g_da61f5e555c7 g_5c9286487ea8 g_c14dad25b418 g_14172b566e3e g_aa54f58e96ac g_de554e44d62f g_699eb9607c4e g_ea2eb3c043ba g_4f905a235c04 g_8eba772fe35c g_d3929af6bb55 g_e74ee941d3fd g_c976d1aef8c6 g_5c2076734da4 g_6cf0094ac74a g_d098c0c73946 g_dba157c43664 g_b453598aa677 g_5a62a4d9e8ac g_2fc06887012f g_5b7b3b2f82ba g_61b2398d515d g_bb430c52d431 g_25f027ae1b57 g_09bed28452fd g_b1c9f787926c g_9dd316566cf0 g_f9800f979cd5 g_b12e42b8cff6 g_a8c88c5b2eb5
q_deaad9ec0d57,g_3e0ada624ec1 g_4318e3f69720 g_eeac1871fded g_bda6653de3f8 g_c7ab1279da7c g_b641e40b4002 g_acb27de8207c g_932da5bced66 g_fce818975dda g_d50551e660c9 g_75e232a570e9 g_3bba88a233d2 g_3ac546908be7 g_2ceec8bd9741 g_d5e67a7d5157 g_5aa874fa38a6 g_9e4dcbe2ed07 g_4ba39e73c5c0 g_673cead63302 g_e5f8cdece4a6 g_96aac4bf0d59 g_da61f5e555c7 g_f52beabe75e9 g_55dc4d2bd0d7 g_8a6731e08c13 g_d85262e03c42 g_8f2f7885bf92 g_573cf52ce2b2 g_2fc06887012f g_b9d4c1433954 g_c1e8162e3878 g_05849d74cfab g_f172ad939439 g_2aa313c0b281 g_027adec2ca24 g_8af7e2c47267 g_517fc156e469 g_c14dad25b418 g_ebf5af716393 g_14172b566e3e g_0808f459cec0 g_e0ccdfbf9f00 g_0a556e953785 g_75b446a0112e g_74d453c9a3a7 g_d3929af6bb55 g_dd27adb09b30 g_efdc64125061 g_d9fafc45f03b g_4f905a235c04 g_e08691de98f8 g_1d2b7cf58ad5 g_6cf0094ac74a g_dba157c43664 g_40742c58b1d2 g_699eb9607c4e g_6c43f4574331 g_ee2e34a4305b g_70529e2d5954 g_de554e44d62f g_199f11a29c76 g_31b1fbb078bf g_ae1499661420 g_4e093d64cdb0 g_5c2076734da4 g_bb430c52d431 g_e5ed37578f5e g_0e6eb886a136 g_36bea42c9e33 g_8a220359326a g_41ab0116bf71 g_61b2398d515d g_8eba772fe35c g_e5200cb50906 g_c976d1aef8c6 g_53a52906d129 g_6ec8858d4a9f g_1a40ebcb441c g_b453598aa677 g_37f955e29627 g_e862932aec2d g_4e2d730cf5e4 g_9dd316566cf0 g_69e4c78d493f g_fcc22b630798 g_e74ee941d3fd g_ea2eb3c043ba g_d098c0c73946 g_5c9286487ea8 g_aa54f58e96ac g_82b941c5f3e6 g_5a62a4d9e8ac g_09bed28452fd g_5b7b3b2f82ba g_e6ed51489cef g_a8c88c5b2eb5 g_f9800f979cd5 g_b1c9f787926c g_25f027ae1b57 g_b12e42b8cff6
q_5fc5d0848938,g_2ceec8bd9741 g_da61f5e555c7 g_b641e40b4002 g_eeac1871fded g_96aac4bf0d59 g_3e0ada624ec1 g_acb27de8207c g_0808f459cec0 g_c7ab1279da7c g_fce818975dda g_e5f8cdece4a6 g_bda6653de3f8 g_3bba88a233d2 g_9e4dcbe2ed07 g_8f2f7885bf92 g_d50551e660c9 g_8af7e2c47267 g_75e232a570e9 g_517fc156e469 g_4318e3f69720 g_9dd316566cf0 g_d5e67a7d5157 g_dba157c43664 g_6cf0094ac74a g_027adec2ca24 g_932da5bced66 g_2fc06887012f g_3ac546908be7 g_14172b566e3e g_70529e2d5954 g_55dc4d2bd0d7 g_2aa313c0b281 g_61b2398d515d g_673cead63302 g_bb430c52d431 g_ebf5af716393 g_0a556e953785 g_f52beabe75e9 g_75b446a0112e g_efdc64125061 g_c1e8162e3878 g_d85262e03c42 g_1d2b7cf58ad5 g_dd27adb09b30 g_573cf52ce2b2 g_4ba39e73c5c0 g_74d453c9a3a7 g_8eba772fe35c g_6ec8858d4a9f g_05849d74cfab g_8a6731e08c13 g_e08691de98f8 g_4e093d64cdb0 g_c14dad25b418 g_d3929af6bb55 g_d9fafc45f03b g_e5ed37578f5e g_b9d4c1433954 g_6c43f4574331 g_f172ad939439 g_5aa874fa38a6 g_e0ccdfbf9f00 g_40742c58b1d2 g_ee2e34a4305b g_5c2076734da4 g_de554e44d62f g_699eb9607c4e g_fcc22b630798 g_1a40ebcb441c g_82b941c5f3e6 g_c976d1aef8c6 g_31b1fbb078bf g_0e6eb886a136 g_b453598aa677 g_8a220359326a g_e862932aec2d g_199f11a29c76 g_e5200cb50906 g_53a52906d129 g_5b7b3b2f82ba g_41ab0116bf71 g_36bea42c9e33 g_4e2d730cf5e4 g_4f905a235c04 g_37f955e29627 g_f9800f979cd5 g_69e4c78d493f g_e74ee941d3fd g_d098c0c73946 g_09bed28452fd g_ea2eb3c043ba g_ae1499661420 g_5c9286487ea8 g_5a62a4d9e8ac g_e6ed51489cef g_aa54f58e96ac g_b12e42b8cff6 g_b1c9f787926c g_25f027ae1b57 g_a8c88c5b2eb5
q_5ad06d47e096,g_199f11a29c76 g_d5e67a7d5157 g_05849d74cfab g_f52beabe75e9 g_673cead63302 g_3ac546908be7 g_8a6731e08c13 g_8f2f7885bf92 g_e0ccdfbf9f00 g_0a556e953785 g_d9fafc45f03b g_699eb9607c4e g_4ba39e73c5c0 g_74d453c9a3a7 g_2aa313c0b281 g_acb27de8207c g_3bba88a233d2 g_d85262e03c42 g_5aa874fa38a6 g_c7ab1279da7c g_b641e40b4002 g_f172ad939439 g_c1e8162e3878 g_ebf5af716393 g_1d2b7cf58ad5 g_69e4c78d493f g_75e232a570e9 g_40742c58b1d2 g_027adec2ca24 g_b9d4c1433954 g_55dc4d2bd0d7 g_e5ed37578f5e g_4318e3f69720 g_517fc156e469 g_fce818975dda g_8a220359326a g_bda6653de3f8 g_e5f8cdece4a6 g_53a52906d129 g_9e4dcbe2ed07 g_6ec8858d4a9f g_aa54f58e96ac g_ae1499661420 g_3e0ada624ec1 g_eeac1871fded g_c14dad25b418 g_c976d1aef8c6 g_70529e2d5954 g_0e6eb886a136 g_4e093d64cdb0 g_8af7e2c47267 g_e08691de98f8 g_932da5bced66 g_6c43f4574331 g_dd27adb09b30 g_4f905a235c04 g_dba157c43664 g_573cf52ce2b2 g_2ceec8bd9741 g_4e2d730cf5e4 g_31b1fbb078bf g_fcc22b630798 g_d50551e660c9 g_ea2eb3c043ba g_36bea42c9e33 g_e5200cb50906 g_ee2e34a4305b g_0808f459cec0 g_5c2076734da4 g_6cf0094ac74a g_efdc64125061 g_de554e44d62f g_1a40ebcb441c g_b453598aa677 g_e74ee941d3fd g_75b446a0112e g_2fc06887012f g_5c9286487ea8 g_96aac4bf0d59 g_5b7b3b2f82ba g_41ab0116bf71 g_e862932aec2d g_d098c0c73946 g_d3929af6bb55 g_82b941c5f3e6 g_14172b566e3e g_37f955e29627 g_da61f5e555c7 g_5a62a4d9e8ac g_8eba772fe35c g_09bed28452fd g_e6ed51489cef g_bb430c52d431 g_9dd316566cf0 g_61b2398d515d g_b12e42b8cff6 g_25f027ae1b57 g_b1c9f787926c g_a8c88c5b2eb5 g_f9800f979cd5
q_6c8763f92df8,g_673cead63302 g_2aa313c0b281 g_e0ccdfbf9f00 g_3ac546908be7 g_1d2b7cf58ad5 g_d9fafc45f03b g_e08691de98f8 g_dd27adb09b30 g_74d453c9a3a7 g_517fc156e469 g_ee2e34a4305b g_c1e8162e3878 g_d5e67a7d5157 g_05849d74cfab g_70529e2d5954 g_b9d4c1433954 g_f52beabe75e9 g_6ec8858d4a9f g_c7ab1279da7c g_1a40ebcb441c g_53a52906d129 g_75e232a570e9 g_d85262e03c42 g_e5200cb50906 g_31b1fbb078bf g_5aa874fa38a6 g_e74ee941d3fd g_efdc64125061 g_8a220359326a g_69e4c78d493f g_0808f459cec0 g_199f11a29c76 g_8f2f7885bf92 g_82b941c5f3e6 g_0a556e953785 g_40742c58b1d2 g_41ab0116bf71 g_5b7b3b2f82ba g_0e6eb886a136 g_027adec2ca24 g_9e4dcbe2ed07 g_699eb9607c4e g_b641e40b4002 g_36bea42c9e33 g_ea2eb3c043ba g_3bba88a233d2 g_4e2d730cf5e4 g_fce818975dda g_ebf5af716393 g_8af7e2c47267 g_5c2076734da4 g_bda6653de3f8 g_932da5bced66 g_8a6731e08c13 g_c976d1aef8c6 g_5c9286487ea8 g_fcc22b630798 g_6c43f4574331 g_ae1499661420 g_eeac1871fded g_de554e44d62f g_e862932aec2d g_e5ed37578f5e g_55dc4d2bd0d7 g_75b446a0112e g_acb27de8207c g_8eba772fe35c g_d098c0c73946 g_4318e3f69720 g_f172ad939439 g_e5f8cdece4a6 g_3e0ada624ec1 g_c14dad25b418 g_aa54f58e96ac g_4ba39e73c5c0 g_5a62a4d9e8ac g_2ceec8bd9741 g_6cf0094ac74a g_4e093d64cdb0 g_573cf52ce2b2 g_4f905a235c04 g_d50551e660c9 g_2fc06887012f g_dba157c43664 g_37f955e29627 g_e6ed51489cef g_96aac4bf0d59 g_09bed28452fd g_b453598aa677 g_da61f5e555c7 g_14172b566e3e g_b12e42b8cff6 g_25f027ae1b57 g_d3929af6bb55 g_bb430c52d431 g_9dd316566cf0 g_b1c9f787926c g_61b2398d515d g_f9800f979cd5 g_a8c88c5b2eb5
q_e8c2eefb90fa,g_b9d4c1433954 g_e0ccdfbf9f00 g_70529e2d5954 g_5aa874fa38a6 g_f52beabe75e9 g_ee2e34a4305b g_2aa313c0b281 g_3ac546908be7 g_05849d74cfab g_74d453c9a3a7 g_517fc156e469 g_53a52906d129 g_c1e8162e3878 g_75e232a570e9 g_673cead63302 g_d85262e03c42 g_e08691de98f8 g_d5e67a7d5157 g_9e4dcbe2ed07 g_d9fafc45f03b g_e5200cb50906 g_dd27adb09b30 g_41ab0116bf71 g_1d2b7cf58ad5 g_36bea42c9e33 g_0a556e953785 g_c7ab1279da7c g_8f2f7885bf92 g_0808f459cec0 g_6ec8858d4a9f g_699eb9607c4e g_8a220359326a g_4e2d730cf5e4 g_82b941c5f3e6 g_3bba88a233d2 g_1a40ebcb441c g_ea2eb3c043ba g_8a6731e08c13 g_ae1499661420 g_69e4c78d493f g_f172ad939439 g_b641e40b4002 g_d098c0c73946 g_0e6eb886a136 g_40742c58b1d2 g_31b1fbb078bf g_bda6653de3f8 g_fce818975dda g_ebf5af716393 g_4ba39e73c5c0 g_eeac1871fded g_199f11a29c76 g_6c43f4574331 g_c14dad25b418 g_de554e44d62f g_efdc64125061 g_932da5bced66 g_4f905a235c04 g_e74ee941d3fd g_4318e3f69720 g_5a62a4d9e8ac g_fcc22b630798 g_6cf0094ac74a g_5c2076734da4 g_8af7e2c47267 g_e5f8cdece4a6 g_aa54f58e96ac g_5b7b3b2f82ba g_027adec2ca24 g_75b446a0112e g_c976d1aef8c6 g_4e093d64cdb0 g_55dc4d2bd0d7 g_3e0ada624ec1 g_acb27de8207c g_8eba772fe35c g_b453598aa677 g_09bed28452fd g_d50551e660c9 g_573cf52ce2b2 g_5c9286487ea8 g_2ceec8bd9741 g_e862932aec2d g_14172b566e3e g_96aac4bf0d59 g_e5ed37578f5e g_25f027ae1b57 g_dba157c43664 g_2fc06887012f g_d3929af6bb55 g_e6ed51489cef g_da61f5e555c7 g_37f955e29627 g_bb430c52d431 g_b12e42b8cff6 g_f9800f979cd5 g_61b2398d515d g_9dd316566cf0 g_b1c9f787926c g_a8c88c5b2eb5
q_a443645e6f93,g_14172b566e3e g_96aac4bf0d59 g_da61f5e555c7 g_2ceec8bd9741 g_61b2398d515d g_932da5bced66 g_bb430c52d431 g_e5f8cdece4a6 g_d50551e660c9 g_eeac1871fded g_c7ab1279da7c g_fce818975dda g_573cf52ce2b2 g_9e4dcbe2ed07 g_3bba88a233d2 g_d85262e03c42 g_8af7e2c47267 g_acb27de8207c g_bda6653de3f8 g_517fc156e469 g_f9800f979cd5 g_dba157c43664 g_75e232a570e9 g_3e0ada624ec1 g_4318e3f69720 g_c1e8162e3878 g_c14dad25b418 g_05849d74cfab g_d3929af6bb55 g_8f2f7885bf92 g_6cf0094ac74a g_55dc4d2bd0d7 g_0808f459cec0 g_0e6eb886a136 g_2aa313c0b281 g_ebf5af716393 g_b641e40b4002 g_3ac546908be7 g_9dd316566cf0 g_673cead63302 g_efdc64125061 g_8a6731e08c13 g_37f955e29627 g_8eba772fe35c g_f172ad939439 g_d5e67a7d5157 g_0a556e953785 g_70529e2d5954 g_2fc06887012f g_e08691de98f8 g_4ba39e73c5c0 g_40742c58b1d2 g_f52beabe75e9 g_d9fafc45f03b g_6ec8858d4a9f g_75b446a0112e g_5aa874fa38a6 g_4e093d64cdb0 g_e5ed37578f5e g_e0ccdfbf9f00 g_31b1fbb078bf g_b9d4c1433954 g_1a40ebcb441c g_027adec2ca24 g_e862932aec2d g_e5200cb50906 g_6c43f4574331 g_1d2b7cf58ad5 g_b453598aa677 g_5c2076734da4 g_dd27adb09b30 g_41ab0116bf71 g_de554e44d62f g_fcc22b630798 g_74d453c9a3a7 g_4f905a235c04 g_53a52906d129 g_ee2e34a4305b g_5b7b3b2f82ba g_5c9286487ea8 g_69e4c78d493f g_36bea42c9e33 g_199f11a29c76 g_4e2d730cf5e4 g_ae1499661420 g_e6ed51489cef g_8a220359326a g_82b941c5f3e6 g_699eb9607c4e g_d098c0c73946 g_c976d1aef8c6 g_e74ee941d3fd g_5a62a4d9e8ac g_ea2eb3c043ba g_aa54f58e96ac g_09bed28452fd g_b1c9f787926c g_a8c88c5b2eb5 g_b12e42b8cff6 g_25f027ae1b57
q_5d01d8b53aa8,g_bda6653de3f8 g_4318e3f69720 g_517fc156e469 g_eeac1871fded g_c7ab1279da7c g_3e0ada624ec1 g_5aa874fa38a6 g_3ac546908be7 g_673cead63302 g_b9d4c1433954 g_d5e67a7d5157 g_c1e8162e3878 g_2aa313c0b281 g_acb27de8207c g_932da5bced66 g_d85262e03c42 g_fce818975dda g_75e232a570e9 g_0808f459cec0 g_05849d74cfab g_de554e44d62f g_0a556e953785 g_f52beabe75e9 g_3bba88a233d2 g_027adec2ca24 g_1d2b7cf58ad5 g_d9fafc45f03b g_70529e2d5954 g_e5f8cdece4a6 g_f172ad939439 g_8f2f7885bf92 g_e0ccdfbf9f00 g_8a6731e08c13 g_9e4dcbe2ed07 g_d50551e660c9 g_2ceec8bd9741 g_8af7e2c47267 g_efdc64125061 g_e08691de98f8 g_dd27adb09b30 g_74d453c9a3a7 g_40742c58b1d2 g_8a220359326a g_b641e40b4002 g_6c43f4574331 g_53a52906d129 g_e5200cb50906 g_55dc4d2bd0d7 g_96aac4bf0d59 g_36bea42c9e33 g_31b1fbb078bf g_573cf52ce2b2 g_75b446a0112e g_4f905a235c04 g_ee2e34a4305b g_da61f5e555c7 g_6ec8858d4a9f g_0e6eb886a136 g_e862932aec2d g_41ab0116bf71 g_6cf0094ac74a g_ebf5af716393 g_699eb9607c4e g_c14dad25b418 g_4e093d64cdb0 g_1a40ebcb441c g_199f11a29c76 g_8eba772fe35c g_dba157c43664 g_4ba39e73c5c0 g_14172b566e3e g_5c2076734da4 g_ae1499661420 g_fcc22b630798 g_e5ed37578f5e g_d3929af6bb55 g_5b7b3b2f82ba g_4e2d730cf5e4 g_2fc06887012f g_82b941c5f3e6 g_69e4c78d493f g_e74ee941d3fd g_e6ed51489cef g_c976d1aef8c6 g_5c9286487ea8 g_b453598aa677 g_aa54f58e96ac g_61b2398d515d g_bb430c52d431 g_37f955e29627 g_09bed28452fd g_ea2eb3c043ba g_d098c0c73946 g_5a62a4d9e8ac g_9dd316566cf0 g_b12e42b8cff6 g_f9800f979cd5 g_25f027ae1b57 g_b1c9f787926c g_a8c88c5b2eb5
q_01abb3f1d471,g_e5f8cdece4a6 g_4ba39e73c5c0 g_2ceec8bd9741 g_573cf52ce2b2 g_96aac4bf0d59 g_14172b566e3e g_3bba88a233d2 g_fce818975dda g_da61f5e555c7 g_bb430c52d431 g_acb27de8207c g_eeac1871fded g_55dc4d2bd0d7 g_d50551e660c9 g_dba157c43664 g_9e4dcbe2ed07 g_8a6731e08c13 g_d85262e03c42 g_61b2398d515d g_d5e67a7d5157 g_d3929af6bb55 g_c7ab1279da7c g_ebf5af716393 g_40742c58b1d2 g_b641e40b4002 g_517fc156e469 g_8f2f7885bf92 g_f172ad939439 g_3e0ada624ec1 g_2aa313c0b281 g_673cead63302 g_c1e8162e3878 g_932da5bced66 g_4e093d64cdb0 g_3ac546908be7 g_bda6653de3f8 g_37f955e29627 g_75e232a570e9 g_efdc64125061 g_0a556e953785 g_d9fafc45f03b g_4318e3f69720 g_8af7e2c47267 g_e08691de98f8 g_f52beabe75e9 g_e5ed37578f5e g_6cf0094ac74a g_05849d74cfab g_0e6eb886a136 g_027adec2ca24 g_dd27adb09b30 g_2fc06887012f g_6c43f4574331 g_70529e2d5954 g_e0ccdfbf9f00 g_b9d4c1433954 g_8eba772fe35c g_6ec8858d4a9f g_74d453c9a3a7 g_0808f459cec0 g_31b1fbb078bf g_e5200cb50906 g_41ab0116bf71 g_c14dad25b418 g_5aa874fa38a6 g_1d2b7cf58ad5 g_5c9286487ea8 g_53a52906d129 g_5c2076734da4 g_4f905a235c04 g_e862932aec2d g_1a40ebcb441c g_199f11a29c76 g_ae1499661420 g_fcc22b630798 g_b453598aa677 g_69e4c78d493f g_75b446a0112e g_4e2d730cf5e4 g_de554e44d62f g_699eb9607c4e g_f9800f979cd5 g_ee2e34a4305b g_36bea42c9e33 g_82b941c5f3e6 g_5b7b3b2f82ba g_c976d1aef8c6 g_9dd316566cf0 g_8a220359326a g_e74ee941d3fd g_e6ed51489cef g_ea2eb3c043ba g_d098c0c73946 g_09bed28452fd g_aa54f58e96ac g_5a62a4d9e8ac g_b1c9f787926c g_a8c88c5b2eb5 g_b12e42b8cff6 g_25f027ae1b57
q_5a4fea838927,g_d5e67a7d5157 g_673cead63302 g_c976d1aef8c6 g_8f2f7885bf92 g_acb27de8207c g_d85262e03c42 g_3ac546908be7 g_2aa313c0b281 g_8a6731e08c13 g_c7ab1279da7c g_b641e40b4002 g_c1e8162e3878 g_699eb9607c4e g_05849d74cfab g_6c43f4574331 g_75e232a570e9 g_4ba39e73c5c0 g_d9fafc45f03b g_f52beabe75e9 g_1d2b7cf58ad5 g_199f11a29c76 g_ebf5af716393 g_dd27adb09b30 g_517fc156e469 g_027adec2ca24 g_3bba88a233d2 g_e5ed37578f5e g_0a556e953785 g_e0ccdfbf9f00 g_55dc4d2bd0d7 g_f172ad939439 g_e5f8cdece4a6 g_e08691de98f8 g_eeac1871fded g_fce818975dda g_53a52906d129 g_69e4c78d493f g_70529e2d5954 g_9e4dcbe2ed07 g_c14dad25b418 g_2ceec8bd9741 g_5aa874fa38a6 g_40742c58b1d2 g_b9d4c1433954 g_e74ee941d3fd g_bda6653de3f8 g_74d453c9a3a7 g_6ec8858d4a9f g_4318e3f69720 g_8a220359326a g_5c2076734da4 g_3e0ada624ec1 g_d50551e660c9 g_8af7e2c47267 g_e5200cb50906 g_efdc64125061 g_ae1499661420 g_573cf52ce2b2 g_b453598aa677 g_1a40ebcb441c g_96aac4bf0d59 g_ee2e34a4305b g_d3929af6bb55 g_de554e44d62f g_31b1fbb078bf g_ea2eb3c043ba g_0808f459cec0 g_932da5bced66 g_5b7b3b2f82ba g_dba157c43664 g_4e093d64cdb0 g_2fc06887012f g_aa54f58e96ac g_8eba772fe35c g_6cf0094ac74a g_5c9286487ea8 g_36bea42c9e33 g_14172b566e3e g_0e6eb886a136 g_41ab0116bf71 g_fcc22b630798 g_4e2d730cf5e4 g_4f905a235c04 g_da61f5e555c7 g_e862932aec2d g_d098c0c73946 g_37f955e29627 g_82b941c5f3e6 g_75b446a0112e g_e6ed51489cef g_bb430c52d431 g_09bed28452fd g_5a62a4d9e8ac g_61b2398d515d g_9dd316566cf0 g_b12e42b8cff6 g_a8c88c5b2eb5 g_25f027ae1b57 g_b1c9f787926c g_f9800f979cd5
q_6db04ec64031,g_75e232a570e9 g_517fc156e469 g_bda6653de3f8 g_4318e3f69720 g_c7ab1279da7c g_c1e8162e3878 g_eeac1871fded g_b641e40b4002 g_d5e67a7d5157 g_3ac546908be7 g_05849d74cfab g_673cead63302 g_2aa313c0b281 g_3e0ada624ec1 g_acb27de8207c g_5aa874fa38a6 g_d50551e660c9 g_f52beabe75e9 g_8f2f7885bf92 g_932da5bced66 g_e5f8cdece4a6 g_9e4dcbe2ed07 g_fce818975dda g_d85262e03c42 g_2ceec8bd9741 g_96aac4bf0d59 g_d9fafc45f03b g_70529e2d5954 g_c14dad25b418 g_de554e44d62f g_b9d4c1433954 g_8a6731e08c13 g_dd27adb09b30 g_6c43f4574331 g_e08691de98f8 g_ebf5af716393 g_e0ccdfbf9f00 g_1d2b7cf58ad5 g_0808f459cec0 g_74d453c9a3a7 g_efdc64125061 g_40742c58b1d2 g_3bba88a233d2 g_8af7e2c47267 g_027adec2ca24 g_55dc4d2bd0d7 g_da61f5e555c7 g_f172ad939439 g_699eb9607c4e g_ee2e34a4305b g_d3929af6bb55 g_41ab0116bf71 g_6ec8858d4a9f g_53a52906d129 g_31b1fbb078bf g_14172b566e3e g_199f11a29c76 g_8eba772fe35c g_5c2076734da4 g_573cf52ce2b2 g_0a556e953785 g_e5ed37578f5e g_36bea42c9e33 g_4ba39e73c5c0 g_0e6eb886a136 g_1a40ebcb441c g_e5200cb50906 g_75b446a0112e g_4e2d730cf5e4 g_2fc06887012f g_c976d1aef8c6 g_8a220359326a g_82b941c5f3e6 g_6cf0094ac74a g_4f905a235c04 g_b453598aa677 g_dba157c43664 g_fcc22b630798 g_37f955e29627 g_e862932aec2d g_ae1499661420 g_5a62a4d9e8ac g_e6ed51489cef g_e74ee941d3fd g_5c9286487ea8 g_5b7b3b2f82ba g_4e093d64cdb0 g_61b2398d515d g_aa54f58e96ac g_69e4c78d493f g_ea2eb3c043ba g_bb430c52d431 g_d098c0c73946 g_09bed28452fd g_9dd316566cf0 g_25f027ae1b57 g_b1c9f787926c g_f9800f979cd5 g_b12e42b8cff6 g_a8c88c5b2eb5
q_fd65ee1f9929,g_96aac4bf0d59 g_fce818975dda g_2ceec8bd9741 g_3bba88a233d2 g_acb27de8207c g_e5f8cdece4a6 g_14172b566e3e g_c7ab1279da7c g_8a6731e08c13 g_d3929af6bb55 g_b641e40b4002 g_9e4dcbe2ed07 g_573cf52ce2b2 g_da61f5e555c7 g_d50551e660c9 g_932da5bced66 g_d85262e03c42 g_55dc4d2bd0d7 g_517fc156e469 g_c1e8162e3878 g_05849d74cfab g_75e232a570e9 g_4e093d64cdb0 g_4ba39e73c5c0 g_8f2f7885bf92 g_673cead63302 g_dba157c43664 g_ebf5af716393 g_f172ad939439 g_0a556e953785 g_2aa313c0b281 g_4318e3f69720 g_0808f459cec0 g_40742c58b1d2 g_3e0ada624ec1 g_8af7e2c47267 g_bda6653de3f8 g_61b2398d515d g_d5e67a7d5157 g_eeac1871fded g_027adec2ca24 g_e08691de98f8 g_3ac546908be7 g_37f955e29627 g_c14dad25b418 g_70529e2d5954 g_bb430c52d431 g_e5ed37578f5e g_efdc64125061 g_b453598aa677 g_6cf0094ac74a g_d9fafc45f03b g_0e6eb886a136 g_5c9286487ea8 g_8eba772fe35c g_5aa874fa38a6 g_f52beabe75e9 g_6c43f4574331 g_e0ccdfbf9f00 g_41ab0116bf71 g_b9d4c1433954 g_74d453c9a3a7 g_dd27adb09b30 g_1d2b7cf58ad5 g_e862932aec2d g_6ec8858d4a9f g_ee2e34a4305b g_4f905a235c04 g_36bea42c9e33 g_31b1fbb078bf g_de554e44d62f g_e5200cb50906 g_53a52906d129 g_2fc06887012f g_75b446a0112e g_5c2076734da4 g_69e4c78d493f g_4e2d730cf5e4 g_82b941c5f3e6 g_f9800f979cd5 g_1a40ebcb441c g_199f11a29c76 g_699eb9607c4e g_e74ee941d3fd g_aa54f58e96ac g_8a220359326a g_5b7b3b2f82ba g_ae1499661420 g_fcc22b630798 g_5a62a4d9e8ac g_c976d1aef8c6 g_9dd316566cf0 g_e6ed51489cef g_09bed28452fd g_d098c0c73946 g_ea2eb3c043ba g_b1c9f787926c g_a8c88c5b2eb5 g_25f027ae1b57 g_b12e42b8cff6
q_6a4281956229,g_ebf5af716393 g_acb27de8207c g_b641e40b4002 g_d85262e03c42 g_2ceec8bd9741 g_673cead63302 g_96aac4bf0d59 g_c7ab1279da7c g_d3929af6bb55 g_517fc156e469 g_d5e67a7d5157 g_e5f8cdece4a6 g_8f2f7885bf92 g_fce818975dda g_75e232a570e9 g_f172ad939439 g_05849d74cfab g_c1e8162e3878 g_932da5bced66 g_f52beabe75e9 g_3bba88a233d2 g_bda6653de3f8 g_2aa313c0b281 g_8af7e2c47267 g_8a6731e08c13 g_6c43f4574331 g_14172b566e3e g_027adec2ca24 g_3e0ada624ec1 g_70529e2d5954 g_dd27adb09b30 g_0a556e953785 g_9e4dcbe2ed07 g_3ac546908be7 g_d9fafc45f03b g_74d453c9a3a7 g_4318e3f69720 g_d50551e660c9 g_efdc64125061 g_eeac1871fded g_55dc4d2bd0d7 g_573cf52ce2b2 g_dba157c43664 g_e08691de98f8 g_40742c58b1d2 g_e0ccdfbf9f00 g_da61f5e555c7 g_b9d4c1433954 g_6ec8858d4a9f g_c14dad25b418 g_e5ed37578f5e g_5aa874fa38a6 g_4ba39e73c5c0 g_b453598aa677 g_0e6eb886a136 g_1d2b7cf58ad5 g_699eb9607c4e g_8eba772fe35c g_6cf0094ac74a g_0808f459cec0 g_5c9286487ea8 g_2fc06887012f g_37f955e29627 g_4e2d730cf5e4 g_199f11a29c76 g_31b1fbb078bf g_e5200cb50906 g_5c2076734da4 g_e862932aec2d g_36bea42c9e33 g_53a52906d129 g_4f905a235c04 g_ee2e34a4305b g_de554e44d62f g_69e4c78d493f g_61b2398d515d g_4e093d64cdb0 g_41ab0116bf71 g_75b446a0112e g_bb430c52d431 g_c976d1aef8c6 g_82b941c5f3e6 g_fcc22b630798 g_ae1499661420 g_e74ee941d3fd g_8a220359326a g_1a40ebcb441c g_5b7b3b2f82ba g_aa54f58e96ac g_ea2eb3c043ba g_d098c0c73946 g_5a62a4d9e8ac g_e6ed51489cef g_09bed28452fd g_9dd316566cf0 g_f9800f979cd5 g_b1c9f787926c g_a8c88c5b2eb5 g_25f027ae1b57 g_b12e42b8cff6
q_4cf45d167b5e,g_b453598aa677 g_e5f8cdece4a6 g_573cf52ce2b2 g_96aac4bf0d59 g_9e4dcbe2ed07 g_2ceec8bd9741 g_14172b566e3e g_8f2f7885bf92 g_55dc4d2bd0d7 g_3bba88a233d2 g_d3929af6bb55 g_fce818975dda g_acb27de8207c g_eeac1871fded g_ebf5af716393 g_4ba39e73c5c0 g_dba157c43664 g_d50551e660c9 g_da61f5e555c7 g_75e232a570e9 g_c7ab1279da7c g_4e093d64cdb0 g_0a556e953785 g_e5ed37578f5e g_8a6731e08c13 g_673cead63302 g_b641e40b4002 g_c1e8162e3878 g_bb430c52d431 g_d85262e03c42 g_932da5bced66 g_8af7e2c47267 g_05849d74cfab g_2fc06887012f g_3ac546908be7 g_517fc156e469 g_bda6653de3f8 g_efdc64125061 g_3e0ada624ec1 g_6c43f4574331 g_6cf0094ac74a g_f172ad939439 g_6ec8858d4a9f g_2aa313c0b281 g_5c2076734da4 g_0e6eb886a136 g_d5e67a7d5157 g_5aa874fa38a6 g_1d2b7cf58ad5 g_e0ccdfbf9f00 g_53a52906d129 g_4318e3f69720 g_8eba772fe35c g_f9800f979cd5 g_37f955e29627 g_61b2398d515d g_4f905a235c04 g_e08691de98f8 g_b9d4c1433954 g_5c9286487ea8 g_c14dad25b418 g_f52beabe75e9 g_69e4c78d493f g_5b7b3b2f82ba g_de554e44d62f g_75b446a0112e g_70529e2d5954 g_40742c58b1d2 g_aa54f58e96ac g_d9fafc45f03b g_199f11a29c76 g_09bed28452fd g_e5200cb50906 g_36bea42c9e33 g_c976d1aef8c6 g_ae1499661420 g_31b1fbb078bf g_e862932aec2d g_e6ed51489cef g_8a220359326a g_74d453c9a3a7 g_027adec2ca24 g_0808f459cec0 g_ee2e34a4305b g_699eb9607c4e g_fcc22b630798 g_e74ee941d3fd g_1a40ebcb441c g_9dd316566cf0 g_82b941c5f3e6 g_4e2d730cf5e4 g_dd27adb09b30 g_41ab0116bf71 g_d098c0c73946 g_ea2eb3c043ba g_a8c88c5b2eb5 g_5a62a4d9e8ac g_b12e42b8cff6 g_b1c9f787926c g_25f027ae1b57
q_46c21278a236,g_2ceec8bd9741 g_96aac4bf0d59 g_da61f5e555c7 g_e5f8cdece4a6 g_14172b566e3e g_bb430c52d431 g_573cf52ce2b2 g_61b2398d515d g_c7ab1279da7c g_fce818975dda g_acb27de8207c g_eeac1871fded g_d85262e03c42 g_8af7e2c47267 g_3bba88a233d2 g_dba157c43664 g_932da5bced66 g_bda6653de3f8 g_517fc156e469 g_9e4dcbe2ed07 g_6cf0094ac74a g_0808f459cec0 g_d50551e660c9 g_d3929af6bb55 g_c1e8162e3878 g_9dd316566cf0 g_4318e3f69720 g_55dc4d2bd0d7 g_2aa313c0b281 g_b641e40b4002 g_8f2f7885bf92 g_3e0ada624ec1 g_75e232a570e9 g_3ac546908be7 g_0e6eb886a136 g_efdc64125061 g_4e093d64cdb0 g_f9800f979cd5 g_e08691de98f8 g_8eba772fe35c g_0a556e953785 g_673cead63302 g_8a6731e08c13 g_70529e2d5954 g_ebf5af716393 g_6c43f4574331 g_d5e67a7d5157 g_027adec2ca24 g_37f955e29627 g_40742c58b1d2 g_05849d74cfab g_75b446a0112e g_31b1fbb078bf g_d9fafc45f03b g_e862932aec2d g_f172ad939439 g_e5ed37578f5e g_5aa874fa38a6 g_f52beabe75e9 g_6ec8858d4a9f g_e0ccdfbf9f00 g_dd27adb09b30 g_c14dad25b418 g_4ba39e73c5c0 g_b9d4c1433954 g_41ab0116bf71 g_1a40ebcb441c g_1d2b7cf58ad5 g_74d453c9a3a7 g_2fc06887012f g_5c2076734da4 g_4f905a235c04 g_36bea42c9e33 g_e5200cb50906 g_de554e44d62f g_ae1499661420 g_5c9286487ea8 g_b453598aa677 g_5b7b3b2f82ba g_4e2d730cf5e4 g_fcc22b630798 g_53a52906d129 g_ee2e34a4305b g_e74ee941d3fd g_69e4c78d493f g_09bed28452fd g_82b941c5f3e6 g_199f11a29c76 g_c976d1aef8c6 g_e6ed51489cef g_d098c0c73946 g_8a220359326a g_5a62a4d9e8ac g_699eb9607c4e g_aa54f58e96ac g_ea2eb3c043ba g_b1c9f787926c g_a8c88c5b2eb5 g_b12e42b8cff6 g_25f027ae1b57
q_5a56f067fe70,g_ea2eb3c043ba g_d85262e03c42 g_f52beabe75e9 g_3ac546908be7 g_b9d4c1433954 g_70529e2d5954 g_d5e67a7d5157 g_e5200cb50906 g_ee2e34a4305b g_2aa313c0b281 g_ae1499661420 g_74d453c9a3a7 g_699eb9607c4e g_e0ccdfbf9f00 g_c14dad25b418 g_673cead63302 g_d9fafc45f03b g_53a52906d129 g_69e4c78d493f g_4e2d730cf5e4 g_c1e8162e3878 g_05849d74cfab g_dd27adb09b30 g_4ba39e73c5c0 g_5aa874fa38a6 g_e08691de98f8 g_41ab0116bf71 g_b641e40b4002 g_f172ad939439 g_d098c0c73946 g_8f2f7885bf92 g_8a6731e08c13 g_6c43f4574331 g_199f11a29c76 g_517fc156e469 g_4f905a235c04 g_1a40ebcb441c g_75e232a570e9 g_c7ab1279da7c g_1d2b7cf58ad5 g_0808f459cec0 g_9e4dcbe2ed07 g_40742c58b1d2 g_8a220359326a g_6ec8858d4a9f g_e74ee941d3fd g_0a556e953785 g_932da5bced66 g_ebf5af716393 g_eeac1871fded g_fce818975dda g_3bba88a233d2 g_c976d1aef8c6 g_31b1fbb078bf g_5c2076734da4 g_027adec2ca24 g_de554e44d62f g_6cf0094ac74a g_3e0ada624ec1 g_8af7e2c47267 g_4318e3f69720 g_36bea42c9e33 g_efdc64125061 g_bda6653de3f8 g_0e6eb886a136 g_2fc06887012f g_fcc22b630798 g_55dc4d2bd0d7 g_82b941c5f3e6 g_573cf52ce2b2 g_75b446a0112e g_acb27de8207c g_e5f8cdece4a6 g_5b7b3b2f82ba g_4e093d64cdb0 g_25f027ae1b57 g_b453598aa677 g_e5ed37578f5e g_d50551e660c9 g_8eba772fe35c g_aa54f58e96ac g_5a62a4d9e8ac g_2ceec8bd9741 g_dba157c43664 g_5c9286487ea8 g_e862932aec2d g_d3929af6bb55 g_09bed28452fd g_bb430c52d431 g_da61f5e555c7 g_37f955e29627 g_e6ed51489cef g_96aac4bf0d59 g_14172b566e3e g_a8c88c5b2eb5 g_b1c9f787926c g_b12e42b8cff6 g_9dd316566cf0 g_61b2398d515d g_f9800f979cd5
q_f009c84946e3,g_f9800f979cd5 g_61b2398d515d g_bb430c52d431 g_da61f5e555c7 g_14172b566e3e g_96aac4bf0d59 g_2ceec8bd9741 g_d50551e660c9 g_e5f8cdece4a6 g_573cf52ce2b2 g_eeac1871fded g_9e4dcbe2ed07 g_d85262e03c42 g_c7ab1279da7c g_8af7e2c47267 g_932da5bced66 g_fce818975dda g_dba157c43664 g_9dd316566cf0 g_d3929af6bb55 g_8eba772fe35c g_c1e8162e3878 g_55dc4d2bd0d7 g_3bba88a233d2 g_efdc64125061 g_3ac546908be7 g_2aa313c0b281 g_6cf0094ac74a g_517fc156e469 g_75e232a570e9 g_b641e40b4002 g_0e6eb886a136 g_8f2f7885bf92 g_70529e2d5954 g_bda6653de3f8 g_e5200cb50906 g_e08691de98f8 g_acb27de8207c g_0808f459cec0 g_4e093d64cdb0 g_40742c58b1d2 g_1a40ebcb441c g_ebf5af716393 g_673cead63302 g_3e0ada624ec1 g_31b1fbb078bf g_05849d74cfab g_75b446a0112e g_37f955e29627 g_6ec8858d4a9f g_4318e3f69720 g_41ab0116bf71 g_8a6731e08c13 g_e862932aec2d g_f172ad939439 g_0a556e953785 g_e5ed37578f5e g_c14dad25b418 g_6c43f4574331 g_2fc06887012f g_d9fafc45f03b g_d5e67a7d5157 g_5aa874fa38a6 g_4ba39e73c5c0 g_e0ccdfbf9f00 g_b9d4c1433954 g_de554e44d62f g_1d2b7cf58ad5 g_53a52906d129 g_b453598aa677 g_5b7b3b2f82ba g_5c9286487ea8 g_5c2076734da4 g_f52beabe75e9 g_027adec2ca24 g_69e4c78d493f g_4e2d730cf5e4 g_fcc22b630798 g_ae1499661420 g_dd27adb09b30 g_ee2e34a4305b g_d098c0c73946 g_74d453c9a3a7 g_4f905a235c04 g_199f11a29c76 g_8a220359326a g_82b941c5f3e6 g_c976d1aef8c6 g_36bea42c9e33 g_ea2eb3c043ba g_e6ed51489cef g_e74ee941d3fd g_699eb9607c4e g_aa54f58e96ac g_09bed28452fd g_5a62a4d9e8ac g_a8c88c5b2eb5 g_25f027ae1b57 g_b12e42b8cff6 g_b1c9f787926c
q_38080af91afc,g_74d453c9a3a7 g_2aa313c0b281 g_70529e2d5954 g_d9fafc45f03b g_e08691de98f8 g_3ac546908be7 g_40742c58b1d2 g_05849d74cfab g_d5e67a7d5157 g_f52beabe75e9 g_e0ccdfbf9f00 g_d85262e03c42 g_c1e8162e3878 g_4e2d730cf5e4 g_673cead63302 g_dd27adb09b30 g_517fc156e469 g_41ab0116bf71 g_027adec2ca24 g_75e232a570e9 g_ee2e34a4305b g_b9d4c1433954 g_31b1fbb078bf g_53a52906d129 g_c7ab1279da7c g_82b941c5f3e6 g_e5200cb50906 g_b641e40b4002 g_ae1499661420 g_0a556e953785 g_1d2b7cf58ad5 g_efdc64125061 g_1a40ebcb441c g_932da5bced66 g_0808f459cec0 g_8f2f7885bf92 g_8af7e2c47267 g_0e6eb886a136 g_c14dad25b418 g_6c43f4574331 g_199f11a29c76 g_69e4c78d493f g_f172ad939439 g_36bea42c9e33 g_fce818975dda g_ebf5af716393 g_bda6653de3f8 g_8a6731e08c13 g_4318e3f69720 g_6ec8858d4a9f g_acb27de8207c g_5aa874fa38a6 g_ea2eb3c043ba g_9e4dcbe2ed07 g_e862932aec2d g_699eb9607c4e g_3bba88a233d2 g_8eba772fe35c g_8a220359326a g_e5f8cdece4a6 g_e74ee941d3fd g_3e0ada624ec1 g_4f905a235c04 g_eeac1871fded g_d098c0c73946 g_75b446a0112e g_fcc22b630798 g_5c9286487ea8 g_5b7b3b2f82ba g_4ba39e73c5c0 g_2ceec8bd9741 g_d50551e660c9 g_55dc4d2bd0d7 g_d3929af6bb55 g_e5ed37578f5e g_573cf52ce2b2 g_2fc06887012f g_96aac4bf0d59 g_c976d1aef8c6 g_5c2076734da4 g_de554e44d62f g_aa54f58e96ac g_6cf0094ac74a g_4e093d64cdb0 g_da61f5e555c7 g_e6ed51489cef g_dba157c43664 g_25f027ae1b57 g_09bed28452fd g_14172b566e3e g_b12e42b8cff6 g_5a62a4d9e8ac g_b453598aa677 g_37f955e29627 g_bb430c52d431 g_b1c9f787926c g_61b2398d515d g_9dd316566cf0 g_f9800f979cd5 g_a8c88c5b2eb5
q_6b27dc609db8,g_d50551e660c9 g_da61f5e555c7 g_14172b566e3e g_96aac4bf0d59 g_e5f8cdece4a6 g_2ceec8bd9741 g_3bba88a233d2 g_acb27de8207c g_c7ab1279da7c g_fce818975dda g_eeac1871fded g_55dc4d2bd0d7 g_573cf52ce2b2 g_932da5bced66 g_bda6653de3f8 g_8a6731e08c13 g_4ba39e73c5c0 g_8f2f7885bf92 g_9e4dcbe2ed07 g_dba157c43664 g_61b2398d515d g_517fc156e469 g_40742c58b1d2 g_3e0ada624ec1 g_4318e3f69720 g_75e232a570e9 g_4e093d64cdb0 g_c1e8162e3878 g_b641e40b4002 g_6cf0094ac74a g_027adec2ca24 g_05849d74cfab g_bb430c52d431 g_d5e67a7d5157 g_c14dad25b418 g_8af7e2c47267 g_e5ed37578f5e g_0808f459cec0 g_d85262e03c42 g_2aa313c0b281 g_0a556e953785 g_673cead63302 g_70529e2d5954 g_3ac546908be7 g_ebf5af716393 g_b453598aa677 g_d3929af6bb55 g_f172ad939439 g_37f955e29627 g_d9fafc45f03b g_5aa874fa38a6 g_efdc64125061 g_f52beabe75e9 g_9dd316566cf0 g_f9800f979cd5 g_2fc06887012f g_41ab0116bf71 g_8eba772fe35c g_e08691de98f8 g_6c43f4574331 g_b9d4c1433954 g_dd27adb09b30 g_e862932aec2d g_de554e44d62f g_6ec8858d4a9f g_e0ccdfbf9f00 g_1d2b7cf58ad5 g_0e6eb886a136 g_e5200cb50906 g_699eb9607c4e g_31b1fbb078bf g_ee2e34a4305b g_74d453c9a3a7 g_5c2076734da4 g_199f11a29c76 g_53a52906d129 g_69e4c78d493f g_75b446a0112e g_c976d1aef8c6 g_1a40ebcb441c g_fcc22b630798 g_4f905a235c04 g_8a220359326a g_36bea42c9e33 g_5c9286487ea8 g_82b941c5f3e6 g_e6ed51489cef g_5b7b3b2f82ba g_ae1499661420 g_e74ee941d3fd g_4e2d730cf5e4 g_09bed28452fd g_5a62a4d9e8ac g_d098c0c73946 g_ea2eb3c043ba g_aa54f58e96ac g_b1c9f787926c g_a8c88c5b2eb5 g_b12e42b8cff6 g_25f027ae1b57
q_be6ddac1d2bf,g_2ceec8bd9741 g_e5f8cdece4a6 g_acb27de8207c g_96aac4bf0d59 g_d85262e03c42 g_fce818975dda g_d3929af6bb55 g_517fc156e469 g_b641e40b4002 g_c7ab1279da7c g_8f2f7885bf92 g_ebf5af716393 g_2aa313c0b281 g_673cead63302 g_75e232a570e9 g_9e4dcbe2ed07 g_c1e8162e3878 g_14172b566e3e g_3bba88a233d2 g_573cf52ce2b2 g_e08691de98f8 g_d5e67a7d5157 g_8af7e2c47267 g_6c43f4574331 g_932da5bced66 g_efdc64125061 g_8a6731e08c13 g_3ac546908be7 g_53a52906d129 g_05849d74cfab g_eeac1871fded g_d9fafc45f03b g_70529e2d5954 g_d50551e660c9 g_f172ad939439 g_bda6653de3f8 g_da61f5e555c7 g_55dc4d2bd0d7 g_f52beabe75e9 g_8eba772fe35c g_0a556e953785 g_027adec2ca24 g_0e6eb886a136 g_61b2398d515d g_dd27adb09b30 g_3e0ada624ec1 g_e5ed37578f5e g_dba157c43664 g_1d2b7cf58ad5 g_bb430c52d431 g_40742c58b1d2 g_b9d4c1433954 g_4ba39e73c5c0 g_e5200cb50906 g_c14dad25b418 g_e862932aec2d g_4318e3f69720 g_6ec8858d4a9f g_37f955e29627 g_2fc06887012f g_e0ccdfbf9f00 g_74d453c9a3a7 g_5c2076734da4 g_0808f459cec0 g_5c9286487ea8 g_41ab0116bf71 g_31b1fbb078bf g_4e093d64cdb0 g_5aa874fa38a6 g_e74ee941d3fd g_b453598aa677 g_1a40ebcb441c g_5b7b3b2f82ba g_4e2d730cf5e4 g_75b446a0112e g_36bea42c9e33 g_6cf0094ac74a g_09bed28452fd g_de554e44d62f g_fcc22b630798 g_82b941c5f3e6 g_4f905a235c04 g_ae1499661420 g_ee2e34a4305b g_199f11a29c76 g_69e4c78d493f g_699eb9607c4e g_e6ed51489cef g_aa54f58e96ac g_c976d1aef8c6 g_f9800f979cd5 g_d098c0c73946 g_5a62a4d9e8ac g_ea2eb3c043ba g_8a220359326a g_9dd316566cf0 g_b1c9f787926c g_b12e42b8cff6 g_a8c88c5b2eb5 g_25f027ae1b57
q_ed5af498df90,g_2fc06887012f g_b641e40b4002 g_d85262e03c42 g_d5e67a7d5157 g_f52beabe75e9 g_75e232a570e9 g_ebf5af716393 g_3ac546908be7 g_3e0ada624ec1 g_2aa313c0b281 g_eeac1871fded g_8f2f7885bf92 g_4ba39e73c5c0 g_673cead63302 g_9e4dcbe2ed07 g_b9d4c1433954 g_5c2076734da4 g_c1e8162e3878 g_70529e2d5954 g_699eb9607c4e g_d9fafc45f03b g_6c43f4574331 g_932da5bced66 g_dd27adb09b30 g_e5f8cdece4a6 g_8af7e2c47267 g_05849d74cfab g_c7ab1279da7c g_74d453c9a3a7 g_4318e3f69720 g_8a6731e08c13 g_3bba88a233d2 g_5aa874fa38a6 g_acb27de8207c g_e08691de98f8 g_40742c58b1d2 g_1d2b7cf58ad5 g_d50551e660c9 g_c14dad25b418 g_bda6653de3f8 g_f172ad939439 g_e5200cb50906 g_4e2d730cf5e4 g_2ceec8bd9741 g_96aac4bf0d59 g_c976d1aef8c6 g_55dc4d2bd0d7 g_d3929af6bb55 g_e0ccdfbf9f00 g_fce818975dda g_4f905a235c04 g_efdc64125061 g_53a52906d129 g_e5ed37578f5e g_6ec8858d4a9f g_517fc156e469 g_0a556e953785 g_027adec2ca24 g_0e6eb886a136 g_ae1499661420 g_14172b566e3e g_da61f5e555c7 g_75b446a0112e g_31b1fbb078bf g_41ab0116bf71 g_1a40ebcb441c g_199f11a29c76 g_ee2e34a4305b g_ea2eb3c043ba g_573cf52ce2b2 g_d098c0c73946 g_8eba772fe35c g_82b941c5f3e6 g_dba157c43664 g_b453598aa677 g_de554e44d62f g_69e4c78d493f g_fcc22b630798 g_6cf0094ac74a g_5b7b3b2f82ba g_e862932aec2d g_37f955e29627 g_bb430c52d431 g_8a220359326a g_5c9286487ea8 g_0808f459cec0 g_4e093d64cdb0 g_36bea42c9e33 g_e74ee941d3fd g_61b2398d515d g_aa54f58e96ac g_e6ed51489cef g_9dd316566cf0 g_09bed28452fd g_25f027ae1b57 g_5a62a4d9e8ac g_f9800f979cd5 g_a8c88c5b2eb5 g_b1c9f787926c g_b12e42b8cff6
q_be82728f9c15,g_517fc156e469 g_acb27de8207c g_f52beabe75e9 g_70529e2d5954 g_c7ab1279da7c g_c1e8162e3878 g_673cead63302 g_75e232a570e9 g_d5e67a7d5157 g_efdc64125061 g_8f2f7885bf92 g_1d2b7cf58ad5 g_dd27adb09b30 g_bda6653de3f8 g_3ac546908be7 g_0808f459cec0 g_2aa313c0b281 g_05849d74cfab g_027adec2ca24 g_74d453c9a3a7 g_e5f8cdece4a6 g_932da5bced66 g_d9fafc45f03b g_e0ccdfbf9f00 g_699eb9607c4e g_b641e40b4002 g_d85262e03c42 g_e08691de98f8 g_5aa874fa38a6 g_6ec8858d4a9f g_c14dad25b418 g_4318e3f69720 g_b9d4c1433954 g_fce818975dda g_3bba88a233d2 g_d50551e660c9 g_eeac1871fded g_8af7e2c47267 g_6c43f4574331 g_0a556e953785 g_8a6731e08c13 g_53a52906d129 g_ebf5af716393 g_96aac4bf0d59 g_3e0ada624ec1 g_55dc4d2bd0d7 g_2ceec8bd9741 g_de554e44d62f g_5b7b3b2f82ba g_ee2e34a4305b g_9e4dcbe2ed07 g_8eba772fe35c g_f172ad939439 g_8a220359326a g_31b1fbb078bf g_199f11a29c76 g_36bea42c9e33 g_e862932aec2d g_5c2076734da4 g_e5ed37578f5e g_e74ee941d3fd g_40742c58b1d2 g_fcc22b630798 g_da61f5e555c7 g_1a40ebcb441c g_c976d1aef8c6 g_6cf0094ac74a g_75b446a0112e g_4e2d730cf5e4 g_14172b566e3e g_82b941c5f3e6 g_41ab0116bf71 g_69e4c78d493f g_0e6eb886a136 g_4e093d64cdb0 g_e5200cb50906 g_dba157c43664 g_d3929af6bb55 g_4ba39e73c5c0 g_ea2eb3c043ba g_2fc06887012f g_573cf52ce2b2 g_b453598aa677 g_ae1499661420 g_d098c0c73946 g_5a62a4d9e8ac g_61b2398d515d g_5c9286487ea8 g_4f905a235c04 g_bb430c52d431 g_37f955e29627 g_aa54f58e96ac g_09bed28452fd g_9dd316566cf0 g_e6ed51489cef g_b12e42b8cff6 g_b1c9f787926c g_f9800f979cd5 g_25f027ae1b57 g_a8c88c5b2eb5
q_71bdf6f77a3b,g_0808f459cec0 g_2ceec8bd9741 g_acb27de8207c g_c7ab1279da7c g_8af7e2c47267 g_517fc156e469 g_bda6653de3f8 g_0a556e953785 g_932da5bced66 g_027adec2ca24 g_673cead63302 g_3bba88a233d2 g_8f2f7885bf92 g_fce818975dda g_d85262e03c42 g_96aac4bf0d59 g_e5f8cdece4a6 g_c1e8162e3878 g_eeac1871fded g_4318e3f69720 g_05849d74cfab g_6cf0094ac74a g_3ac546908be7 g_d50551e660c9 g_e08691de98f8 g_2aa313c0b281 g_b641e40b4002 g_3e0ada624ec1 g_dba157c43664 g_f52beabe75e9 g_6c43f4574331 g_da61f5e555c7 g_d5e67a7d5157 g_573cf52ce2b2 g_4f905a235c04 g_f172ad939439 g_1d2b7cf58ad5 g_75e232a570e9 g_55dc4d2bd0d7 g_8a6731e08c13 g_d9fafc45f03b g_c14dad25b418 g_74d453c9a3a7 g_e0ccdfbf9f00 g_4e093d64cdb0 g_b9d4c1433954 g_ebf5af716393 g_efdc64125061 g_36bea42c9e33 g_d3929af6bb55 g_9e4dcbe2ed07 g_5aa874fa38a6 g_53a52906d129 g_4e2d730cf5e4 g_bb430c52d431 g_0e6eb886a136 g_e5ed37578f5e g_70529e2d5954 g_8eba772fe35c g_dd27adb09b30 g_6ec8858d4a9f g_e862932aec2d g_61b2398d515d g_5c2076734da4 g_14172b566e3e g_2fc06887012f g_75b446a0112e g_699eb9607c4e g_e74ee941d3fd g_199f11a29c76 g_8a220359326a g_31b1fbb078bf g_de554e44d62f g_40742c58b1d2 g_fcc22b630798 g_41ab0116bf71 g_b453598aa677 g_9dd316566cf0 g_09bed28452fd g_ae1499661420 g_aa54f58e96ac g_4ba39e73c5c0 g_c976d1aef8c6 g_1a40ebcb441c g_5b7b3b2f82ba g_d098c0c73946 g_e5200cb50906 g_69e4c78d493f g_37f955e29627 g_ea2eb3c043ba g_5c9286487ea8 g_82b941c5f3e6 g_ee2e34a4305b g_e6ed51489cef g_5a62a4d9e8ac g_f9800f979cd5 g_b1c9f787926c g_b12e42b8cff6 g_a8c88c5b2eb5 g_25f027ae1b57
q_f5993b515f2d,g_2aa313c0b281 g_3ac546908be7 g_673cead63302 g_517fc156e469 g_e0ccdfbf9f00 g_d5e67a7d5157 g_c7ab1279da7c g_d9fafc45f03b g_8a6731e08c13 g_1d2b7cf58ad5 g_d85262e03c42 g_8f2f7885bf92 g_f52beabe75e9 g_c1e8162e3878 g_0a556e953785 g_acb27de8207c g_74d453c9a3a7 g_b9d4c1433954 g_e08691de98f8 g_bda6653de3f8 g_05849d74cfab g_3bba88a233d2 g_75e232a570e9 g_4318e3f69720 g_8a220359326a g_ae1499661420 g_6ec8858d4a9f g_699eb9607c4e g_36bea42c9e33 g_199f11a29c76 g_55dc4d2bd0d7 g_70529e2d5954 g_dd27adb09b30 g_b641e40b4002 g_0808f459cec0 g_fce818975dda g_eeac1871fded g_6c43f4574331 g_5aa874fa38a6 g_027adec2ca24 g_e74ee941d3fd g_53a52906d129 g_e5ed37578f5e g_e5f8cdece4a6 g_40742c58b1d2 g_f172ad939439 g_aa54f58e96ac g_3e0ada624ec1 g_9e4dcbe2ed07 g_ebf5af716393 g_8af7e2c47267 g_932da5bced66 g_efdc64125061 g_c976d1aef8c6 g_0e6eb886a136 g_69e4c78d493f g_31b1fbb078bf g_573cf52ce2b2 g_de554e44d62f g_5c2076734da4 g_4f905a235c04 g_4ba39e73c5c0 g_d50551e660c9 g_75b446a0112e g_2ceec8bd9741 g_fcc22b630798 g_c14dad25b418 g_ee2e34a4305b g_e862932aec2d g_e5200cb50906 g_1a40ebcb441c g_41ab0116bf71 g_96aac4bf0d59 g_5b7b3b2f82ba g_ea2eb3c043ba g_4e093d64cdb0 g_8eba772fe35c g_82b941c5f3e6 g_d3929af6bb55 g_4e2d730cf5e4 g_dba157c43664 g_37f955e29627 g_da61f5e555c7 g_6cf0094ac74a g_09bed28452fd g_b453598aa677 g_d098c0c73946 g_2fc06887012f g_5c9286487ea8 g_14172b566e3e g_e6ed51489cef g_5a62a4d9e8ac g_bb430c52d431 g_61b2398d515d g_b12e42b8cff6 g_9dd316566cf0 g_b1c9f787926c g_25f027ae1b57 g_f9800f979cd5 g_a8c88c5b2eb5
q_b975a93d0202,g_f52beabe75e9 g_2aa313c0b281 g_d9fafc45f03b g_3ac546908be7 g_74d453c9a3a7 g_b9d4c1433954 g_e0ccdfbf9f00 g_70529e2d5954 g_d5e67a7d5157 g_673cead63302 g_ee2e34a4305b g_c1e8162e3878 g_05849d74cfab g_517fc156e469 g_dd27adb09b30 g_5aa874fa38a6 g_e08691de98f8 g_d85262e03c42 g_1d2b7cf58ad5 g_75e232a570e9 g_699eb9607c4e g_53a52906d129 g_c7ab1279da7c g_c14dad25b418 g_0808f459cec0 g_4e2d730cf5e4 g_027adec2ca24 g_0a556e953785 g_4318e3f69720 g_ea2eb3c043ba g_40742c58b1d2 g_bda6653de3f8 g_6ec8858d4a9f g_932da5bced66 g_ae1499661420 g_8a220359326a g_8a6731e08c13 g_31b1fbb078bf g_6c43f4574331 g_f172ad939439 g_e5200cb50906 g_36bea42c9e33 g_199f11a29c76 g_b641e40b4002 g_8f2f7885bf92 g_1a40ebcb441c g_fce818975dda g_69e4c78d493f g_efdc64125061 g_4f905a235c04 g_3bba88a233d2 g_ebf5af716393 g_eeac1871fded g_0e6eb886a136 g_41ab0116bf71 g_8af7e2c47267 g_9e4dcbe2ed07 g_3e0ada624ec1 g_4ba39e73c5c0 g_e5f8cdece4a6 g_82b941c5f3e6 g_d098c0c73946 g_5c2076734da4 g_acb27de8207c g_e74ee941d3fd g_de554e44d62f g_fcc22b630798 g_d50551e660c9 g_5b7b3b2f82ba g_aa54f58e96ac g_75b446a0112e g_5c9286487ea8 g_c976d1aef8c6 g_55dc4d2bd0d7 g_2ceec8bd9741 g_573cf52ce2b2 g_6cf0094ac74a g_e862932aec2d g_5a62a4d9e8ac g_4e093d64cdb0 g_2fc06887012f g_8eba772fe35c g_e5ed37578f5e g_96aac4bf0d59 g_e6ed51489cef g_14172b566e3e g_da61f5e555c7 g_d3929af6bb55 g_dba157c43664 g_09bed28452fd g_b453598aa677 g_25f027ae1b57 g_bb430c52d431 g_37f955e29627 g_61b2398d515d g_b12e42b8cff6 g_b1c9f787926c g_9dd316566cf0 g_a8c88c5b2eb5 g_f9800f979cd5
q_094d6d5efb96,g_82b941c5f3e6 g_3ac546908be7 g_74d453c9a3a7 g_e0ccdfbf9f00 g_2aa313c0b281 g_f52beabe75e9 g_e08691de98f8 g_d9fafc45f03b g_70529e2d5954 g_75e232a570e9 g_b9d4c1433954 g_1a40ebcb441c g_ee2e34a4305b g_6ec8858d4a9f g_1d2b7cf58ad5 g_c1e8162e3878 g_e5200cb50906 g_4e2d730cf5e4 g_41ab0116bf71 g_dd27adb09b30 g_31b1fbb078bf g_5aa874fa38a6 g_d85262e03c42 g_05849d74cfab g_9e4dcbe2ed07 g_673cead63302 g_53a52906d129 g_40742c58b1d2 g_517fc156e469 g_69e4c78d493f g_c7ab1279da7c g_efdc64125061 g_0a556e953785 g_ae1499661420 g_d5e67a7d5157 g_8f2f7885bf92 g_199f11a29c76 g_6c43f4574331 g_699eb9607c4e g_ebf5af716393 g_ea2eb3c043ba g_0e6eb886a136 g_5c9286487ea8 g_b641e40b4002 g_8a220359326a g_5b7b3b2f82ba g_3bba88a233d2 g_8af7e2c47267 g_d098c0c73946 g_eeac1871fded g_8eba772fe35c g_36bea42c9e33 g_e862932aec2d g_de554e44d62f g_fcc22b630798 g_5c2076734da4 g_8a6731e08c13 g_bda6653de3f8 g_fce818975dda g_75b446a0112e g_4318e3f69720 g_0808f459cec0 g_4ba39e73c5c0 g_e74ee941d3fd g_c976d1aef8c6 g_027adec2ca24 g_932da5bced66 g_f172ad939439 g_c14dad25b418 g_55dc4d2bd0d7 g_e5f8cdece4a6 g_4f905a235c04 g_3e0ada624ec1 g_4e093d64cdb0 g_e5ed37578f5e g_aa54f58e96ac g_573cf52ce2b2 g_6cf0094ac74a g_25f027ae1b57 g_2ceec8bd9741 g_d50551e660c9 g_da61f5e555c7 g_dba157c43664 g_96aac4bf0d59 g_2fc06887012f g_5a62a4d9e8ac g_acb27de8207c g_e6ed51489cef g_09bed28452fd g_14172b566e3e g_d3929af6bb55 g_37f955e29627 g_b453598aa677 g_bb430c52d431 g_b12e42b8cff6 g_9dd316566cf0 g_b1c9f787926c g_61b2398d515d g_f9800f979cd5 g_a8c88c5b2eb5
q_903421576ae2,g_2ceec8bd9741 g_e5f8cdece4a6 g_3bba88a233d2 g_55dc4d2bd0d7 g_573cf52ce2b2 g_fce818975dda g_96aac4bf0d59 g_da61f5e555c7 g_acb27de8207c g_bda6653de3f8 g_517fc156e469 g_4318e3f69720 g_dba157c43664 g_8a6731e08c13 g_c7ab1279da7c g_d85262e03c42 g_14172b566e3e g_0808f459cec0 g_eeac1871fded g_6cf0094ac74a g_bb430c52d431 g_8af7e2c47267 g_932da5bced66 g_d3929af6bb55 g_4e093d64cdb0 g_d50551e660c9 g_9e4dcbe2ed07 g_d5e67a7d5157 g_673cead63302 g_c1e8162e3878 g_61b2398d515d g_efdc64125061 g_f172ad939439 g_3e0ada624ec1 g_2aa313c0b281 g_ebf5af716393 g_0a556e953785 g_75e232a570e9 g_b641e40b4002 g_3ac546908be7 g_4ba39e73c5c0 g_8f2f7885bf92 g_e08691de98f8 g_40742c58b1d2 g_d9fafc45f03b g_37f955e29627 g_0e6eb886a136 g_6c43f4574331 g_027adec2ca24 g_e5ed37578f5e g_f52beabe75e9 g_6ec8858d4a9f g_8eba772fe35c g_75b446a0112e g_dd27adb09b30 g_05849d74cfab g_5aa874fa38a6 g_70529e2d5954 g_e862932aec2d g_4f905a235c04 g_31b1fbb078bf g_de554e44d62f g_1d2b7cf58ad5 g_74d453c9a3a7 g_9dd316566cf0 g_e0ccdfbf9f00 g_36bea42c9e33 g_b9d4c1433954 g_41ab0116bf71 g_5c9286487ea8 g_53a52906d129 g_2fc06887012f g_5c2076734da4 g_c14dad25b418 g_e5200cb50906 g_1a40ebcb441c g_b453598aa677 g_fcc22b630798 g_ae1499661420 g_f9800f979cd5 g_199f11a29c76 g_4e2d730cf5e4 g_699eb9607c4e g_5b7b3b2f82ba g_e6ed51489cef g_82b941c5f3e6 g_8a220359326a g_69e4c78d493f g_d098c0c73946 g_e74ee941d3fd g_09bed28452fd g_c976d1aef8c6 g_ee2e34a4305b g_5a62a4d9e8ac g_ea2eb3c043ba g_aa54f58e96ac g_a8c88c5b2eb5 g_b1c9f787926c g_b12e42b8cff6 g_25f027ae1b57
q_457170eccf68,g_25f027ae1b57 g_1a40ebcb441c g_ea2eb3c043ba g_e5200cb50906 g_199f11a29c76 g_e0ccdfbf9f00 g_3ac546908be7 g_82b941c5f3e6 g_69e4c78d493f g_6ec8858d4a9f g_fcc22b630798 g_53a52906d129 g_4e2d730cf5e4 g_d098c0c73946 g_1d2b7cf58ad5 g_31b1fbb078bf g_de554e44d62f g_0e6eb886a136 g_74d453c9a3a7 g_e6ed51489cef g_8a220359326a g_e08691de98f8 g_d9fafc45f03b g_41ab0116bf71 g_ee2e34a4305b g_5aa874fa38a6 g_517fc156e469 g_2aa313c0b281 g_ae1499661420 g_5c2076734da4 g_c976d1aef8c6 g_75e232a570e9 g_70529e2d5954 g_f52beabe75e9 g_40742c58b1d2 g_d85262e03c42 g_c1e8162e3878 g_b9d4c1433954 g_5b7b3b2f82ba g_673cead63302 g_75b446a0112e g_8af7e2c47267 g_5c9286487ea8 g_4e093d64cdb0 g_efdc64125061 g_05849d74cfab g_55dc4d2bd0d7 g_9e4dcbe2ed07 g_e862932aec2d g_e5ed37578f5e g_aa54f58e96ac g_dd27adb09b30 g_8eba772fe35c g_c7ab1279da7c g_2fc06887012f g_0a556e953785 g_8f2f7885bf92 g_e74ee941d3fd g_ebf5af716393 g_d5e67a7d5157 g_6c43f4574331 g_b641e40b4002 g_3bba88a233d2 g_bda6653de3f8 g_dba157c43664 g_4f905a235c04 g_573cf52ce2b2 g_4ba39e73c5c0 g_699eb9607c4e g_eeac1871fded g_0808f459cec0 g_36bea42c9e33 g_c14dad25b418 g_09bed28452fd g_8a6731e08c13 g_fce818975dda g_b12e42b8cff6 g_d50551e660c9 g_932da5bced66 g_4318e3f69720 g_027adec2ca24 g_e5f8cdece4a6 g_f172ad939439 g_6cf0094ac74a g_3e0ada624ec1 g_37f955e29627 g_2ceec8bd9741 g_da61f5e555c7 g_d3929af6bb55 g_acb27de8207c g_bb430c52d431 g_5a62a4d9e8ac g_b453598aa677 g_a8c88c5b2eb5 g_96aac4bf0d59 g_9dd316566cf0 g_14172b566e3e g_b1c9f787926c g_61b2398d515d g_f9800f979cd5
q_9139c14c5f73,g_eeac1871fded g_4318e3f69720 g_2ceec8bd9741 g_d50551e660c9 g_da61f5e555c7 g_bda6653de3f8 g_e5f8cdece4a6 g_c7ab1279da7c g_517fc156e469 g_3e0ada624ec1 g_acb27de8207c g_6cf0094ac74a g_3bba88a233d2 g_8f2f7885bf92 g_96aac4bf0d59 g_75e232a570e9 g_932da5bced66 g_9e4dcbe2ed07 g_8af7e2c47267 g_dba157c43664 g_d5e67a7d5157 g_2aa313c0b281 g_d85262e03c42 g_0808f459cec0 g_fce818975dda g_55dc4d2bd0d7 g_bb430c52d431 g_3ac546908be7 g_efdc64125061 g_9dd316566cf0 g_573cf52ce2b2 g_70529e2d5954 g_c1e8162e3878 g_673cead63302 g_14172b566e3e g_4ba39e73c5c0 g_8a6731e08c13 g_e08691de98f8 g_61b2398d515d g_5aa874fa38a6 g_e5ed37578f5e g_0a556e953785 g_b641e40b4002 g_f52beabe75e9 g_d9fafc45f03b g_4e093d64cdb0 g_ebf5af716393 g_e0ccdfbf9f00 g_027adec2ca24 g_2fc06887012f g_6ec8858d4a9f g_8eba772fe35c g_05849d74cfab g_f172ad939439 g_1d2b7cf58ad5 g_75b446a0112e g_b9d4c1433954 g_de554e44d62f g_dd27adb09b30 g_d3929af6bb55 g_74d453c9a3a7 g_40742c58b1d2 g_6c43f4574331 g_5c2076734da4 g_31b1fbb078bf g_e862932aec2d g_699eb9607c4e g_0e6eb886a136 g_36bea42c9e33 g_c14dad25b418 g_41ab0116bf71 g_53a52906d129 g_e5200cb50906 g_4f905a235c04 g_1a40ebcb441c g_8a220359326a g_b453598aa677 g_37f955e29627 g_199f11a29c76 g_c976d1aef8c6 g_5b7b3b2f82ba g_ee2e34a4305b g_f9800f979cd5 g_69e4c78d493f g_ae1499661420 g_4e2d730cf5e4 g_09bed28452fd g_e74ee941d3fd g_fcc22b630798 g_82b941c5f3e6 g_5c9286487ea8 g_d098c0c73946 g_ea2eb3c043ba g_e6ed51489cef g_aa54f58e96ac g_5a62a4d9e8ac g_a8c88c5b2eb5 g_b12e42b8cff6 g_b1c9f787926c g_25f027ae1b57
q_c362b99342b7,g_4e2d730cf5e4 g_d85262e03c42 g_3ac546908be7 g_2aa313c0b281 g_74d453c9a3a7 g_e0ccdfbf9f00 g_c1e8162e3878 g_05849d74cfab g_e5200cb50906 g_b9d4c1433954 g_f52beabe75e9 g_70529e2d5954 g_b641e40b4002 g_e08691de98f8 g_c7ab1279da7c g_41ab0116bf71 g_1a40ebcb441c g_40742c58b1d2 g_0e6eb886a136 g_932da5bced66 g_8af7e2c47267 g_31b1fbb078bf g_673cead63302 g_69e4c78d493f g_75e232a570e9 g_d9fafc45f03b g_f172ad939439 g_4f905a235c04 g_53a52906d129 g_ee2e34a4305b g_ebf5af716393 g_5aa874fa38a6 g_9e4dcbe2ed07 g_fce818975dda g_0a556e953785 g_efdc64125061 g_5c9286487ea8 g_ea2eb3c043ba g_1d2b7cf58ad5 g_ae1499661420 g_8a6731e08c13 g_199f11a29c76 g_d5e67a7d5157 g_517fc156e469 g_82b941c5f3e6 g_36bea42c9e33 g_8f2f7885bf92 g_d098c0c73946 g_75b446a0112e g_3bba88a233d2 g_e5f8cdece4a6 g_dd27adb09b30 g_6ec8858d4a9f g_8eba772fe35c g_e862932aec2d g_8a220359326a g_c14dad25b418 g_4ba39e73c5c0 g_573cf52ce2b2 g_bda6653de3f8 g_2fc06887012f g_0808f459cec0 g_2ceec8bd9741 g_6c43f4574331 g_4318e3f69720 g_6cf0094ac74a g_fcc22b630798 g_027adec2ca24 g_55dc4d2bd0d7 g_d3929af6bb55 g_4e093d64cdb0 g_acb27de8207c g_3e0ada624ec1 g_eeac1871fded g_699eb9607c4e g_de554e44d62f g_5c2076734da4 g_dba157c43664 g_aa54f58e96ac g_5b7b3b2f82ba g_c976d1aef8c6 g_e6ed51489cef g_96aac4bf0d59 g_e5ed37578f5e g_da61f5e555c7 g_e74ee941d3fd g_d50551e660c9 g_14172b566e3e g_25f027ae1b57 g_b453598aa677 g_bb430c52d431 g_5a62a4d9e8ac g_09bed28452fd g_37f955e29627 g_61b2398d515d g_b12e42b8cff6 g_9dd316566cf0 g_b1c9f787926c g_a8c88c5b2eb5 g_f9800f979cd5
q_d28b5de2671d,g_36bea42c9e33 g_e0ccdfbf9f00 g_c1e8162e3878 g_517fc156e469 g_c7ab1279da7c g_05849d74cfab g_673cead63302 g_2aa313c0b281 g_8f2f7885bf92 g_0a556e953785 g_3ac546908be7 g_3bba88a233d2 g_e08691de98f8 g_b9d4c1433954 g_d9fafc45f03b g_d85262e03c42 g_70529e2d5954 g_f52beabe75e9 g_0e6eb886a136 g_31b1fbb078bf g_1d2b7cf58ad5 g_d5e67a7d5157 g_74d453c9a3a7 g_fce818975dda g_5aa874fa38a6 g_efdc64125061 g_0808f459cec0 g_e5f8cdece4a6 g_75e232a570e9 g_8a6731e08c13 g_8a220359326a g_acb27de8207c g_932da5bced66 g_aa54f58e96ac g_69e4c78d493f g_8af7e2c47267 g_bda6653de3f8 g_ae1499661420 g_4318e3f69720 g_f172ad939439 g_40742c58b1d2 g_ee2e34a4305b g_9e4dcbe2ed07 g_e5200cb50906 g_53a52906d129 g_b641e40b4002 g_e74ee941d3fd g_41ab0116bf71 g_199f11a29c76 g_027adec2ca24 g_2ceec8bd9741 g_55dc4d2bd0d7 g_3e0ada624ec1 g_1a40ebcb441c g_eeac1871fded g_82b941c5f3e6 g_4f905a235c04 g_75b446a0112e g_6ec8858d4a9f g_e862932aec2d g_dd27adb09b30 g_4e2d730cf5e4 g_5c9286487ea8 g_699eb9607c4e g_6c43f4574331 g_ebf5af716393 g_96aac4bf0d59 g_c14dad25b418 g_fcc22b630798 g_4e093d64cdb0 g_d50551e660c9 g_573cf52ce2b2 g_6cf0094ac74a g_e5ed37578f5e g_c976d1aef8c6 g_dba157c43664 g_5a62a4d9e8ac g_4ba39e73c5c0 g_ea2eb3c043ba g_5c2076734da4 g_8eba772fe35c g_de554e44d62f g_b453598aa677 g_14172b566e3e g_da61f5e555c7 g_e6ed51489cef g_09bed28452fd g_5b7b3b2f82ba g_d098c0c73946 g_d3929af6bb55 g_bb430c52d431 g_37f955e29627 g_2fc06887012f g_61b2398d515d g_b12e42b8cff6 g_9dd316566cf0 g_25f027ae1b57 g_a8c88c5b2eb5 g_b1c9f787926c g_f9800f979cd5
q_ef46aa1a7f38,g_fce818975dda g_2ceec8bd9741 g_96aac4bf0d59 g_c7ab1279da7c g_da61f5e555c7 g_9e4dcbe2ed07 g_e5f8cdece4a6 g_573cf52ce2b2 g_932da5bced66 g_14172b566e3e g_d85262e03c42 g_3bba88a233d2 g_c1e8162e3878 g_bb430c52d431 g_6cf0094ac74a g_8af7e2c47267 g_517fc156e469 g_0808f459cec0 g_eeac1871fded g_3ac546908be7 g_4318e3f69720 g_3e0ada624ec1 g_61b2398d515d g_bda6653de3f8 g_d3929af6bb55 g_acb27de8207c g_b641e40b4002 g_8a6731e08c13 g_55dc4d2bd0d7 g_d50551e660c9 g_dba157c43664 g_2aa313c0b281 g_efdc64125061 g_75e232a570e9 g_673cead63302 g_f172ad939439 g_ebf5af716393 g_0e6eb886a136 g_5aa874fa38a6 g_31b1fbb078bf g_4e093d64cdb0 g_e5200cb50906 g_e08691de98f8 g_8f2f7885bf92 g_70529e2d5954 g_05849d74cfab g_40742c58b1d2 g_d5e67a7d5157 g_8eba772fe35c g_1a40ebcb441c g_b9d4c1433954 g_75b446a0112e g_41ab0116bf71 g_f9800f979cd5 g_4ba39e73c5c0 g_f52beabe75e9 g_0a556e953785 g_37f955e29627 g_c14dad25b418 g_d9fafc45f03b g_dd27adb09b30 g_e0ccdfbf9f00 g_6c43f4574331 g_ee2e34a4305b g_4f905a235c04 g_e862932aec2d g_6ec8858d4a9f g_de554e44d62f g_1d2b7cf58ad5 g_027adec2ca24 g_2fc06887012f g_5c9286487ea8 g_ae1499661420 g_74d453c9a3a7 g_b453598aa677 g_53a52906d129 g_5c2076734da4 g_e5ed37578f5e g_4e2d730cf5e4 g_9dd316566cf0 g_36bea42c9e33 g_69e4c78d493f g_82b941c5f3e6 g_8a220359326a g_fcc22b630798 g_199f11a29c76 g_5b7b3b2f82ba g_d098c0c73946 g_699eb9607c4e g_5a62a4d9e8ac g_e74ee941d3fd g_c976d1aef8c6 g_ea2eb3c043ba g_e6ed51489cef g_09bed28452fd g_aa54f58e96ac g_a8c88c5b2eb5 g_25f027ae1b57 g_b1c9f787926c g_b12e42b8cff6
q_71bafba93cbc,g_41ab0116bf71 g_40742c58b1d2 g_2aa313c0b281 g_c7ab1279da7c g_c1e8162e3878 g_3ac546908be7 g_d85262e03c42 g_673cead63302 g_05849d74cfab g_e0ccdfbf9f00 g_e08691de98f8 g_70529e2d5954 g_8a6731e08c13 g_74d453c9a3a7 g_e5200cb50906 g_b9d4c1433954 g_5aa874fa38a6 g_1a40ebcb441c g_31b1fbb078bf g_ae1499661420 g_517fc156e469 g_ee2e34a4305b g_3bba88a233d2 g_d9fafc45f03b g_69e4c78d493f g_fce818975dda g_acb27de8207c g_d5e67a7d5157 g_f52beabe75e9 g_8f2f7885bf92 g_0a556e953785 g_f172ad939439 g_1d2b7cf58ad5 g_4ba39e73c5c0 g_efdc64125061 g_b641e40b4002 g_75e232a570e9 g_dd27adb09b30 g_0808f459cec0 g_9e4dcbe2ed07 g_55dc4d2bd0d7 g_53a52906d129 g_d50551e660c9 g_199f11a29c76 g_5c9286487ea8 g_027adec2ca24 g_82b941c5f3e6 g_bda6653de3f8 g_36bea42c9e33 g_e5ed37578f5e g_0e6eb886a136 g_932da5bced66 g_e5f8cdece4a6 g_6c43f4574331 g_6ec8858d4a9f g_573cf52ce2b2 g_8a220359326a g_8af7e2c47267 g_e862932aec2d g_4e2d730cf5e4 g_4318e3f69720 g_699eb9607c4e g_ebf5af716393 g_e74ee941d3fd g_4e093d64cdb0 g_2ceec8bd9741 g_eeac1871fded g_e6ed51489cef g_3e0ada624ec1 g_8eba772fe35c g_de554e44d62f g_c976d1aef8c6 g_4f905a235c04 g_96aac4bf0d59 g_aa54f58e96ac g_c14dad25b418 g_ea2eb3c043ba g_fcc22b630798 g_d3929af6bb55 g_6cf0094ac74a g_5b7b3b2f82ba g_da61f5e555c7 g_37f955e29627 g_14172b566e3e g_75b446a0112e g_5c2076734da4 g_d098c0c73946 g_5a62a4d9e8ac g_b453598aa677 g_dba157c43664 g_bb430c52d431 g_2fc06887012f g_09bed28452fd g_61b2398d515d g_b1c9f787926c g_25f027ae1b57 g_b12e42b8cff6 g_f9800f979cd5 g_9dd316566cf0 g_a8c88c5b2eb5
q_a30ce0be66a9,g_b1c9f787926c g_e74ee941d3fd g_aa54f58e96ac g_09bed28452fd g_b12e42b8cff6 g_1d2b7cf58ad5 g_e6ed51489cef g_ae1499661420 g_36bea42c9e33 g_4f905a235c04 g_6c43f4574331 g_37f955e29627 g_e0ccdfbf9f00 g_5a62a4d9e8ac g_5c2076734da4 g_75e232a570e9 g_74d453c9a3a7 g_6ec8858d4a9f g_a8c88c5b2eb5 g_0e6eb886a136 g_673cead63302 g_517fc156e469 g_8f2f7885bf92 g_fcc22b630798 g_d098c0c73946 g_25f027ae1b57 g_bda6653de3f8 g_55dc4d2bd0d7 g_5b7b3b2f82ba g_e5ed37578f5e g_199f11a29c76 g_0a556e953785 g_573cf52ce2b2 g_75b446a0112e g_e08691de98f8 g_d9fafc45f03b g_2fc06887012f g_53a52906d129 g_eeac1871fded g_5aa874fa38a6 g_f52beabe75e9 g_d3929af6bb55 g_de554e44d62f g_3e0ada624ec1 g_8af7e2c47267 g_82b941c5f3e6 g_b453598aa677 g_bb430c52d431 g_b9d4c1433954 g_acb27de8207c g_d50551e660c9 g_3bba88a233d2 g_e5f8cdece4a6 g_3ac546908be7 g_8a220359326a g_0808f459cec0 g_ebf5af716393 g_ea2eb3c043ba g_dba157c43664 g_c14dad25b418 g_c976d1aef8c6 g_4e2d730cf5e4 g_05849d74cfab g_d5e67a7d5157 g_9e4dcbe2ed07 g_2ceec8bd9741 g_932da5bced66 g_96aac4bf0d59 g_5c9286487ea8 g_4e093d64cdb0 g_027adec2ca24 g_4318e3f69720 g_b641e40b4002 g_ee2e34a4305b g_2aa313c0b281 g_da61f5e555c7 g_69e4c78d493f g_8eba772fe35c g_8a6731e08c13 g_e862932aec2d g_4ba39e73c5c0 g_c1e8162e3878 g_fce818975dda g_dd27adb09b30 g_61b2398d515d g_40742c58b1d2 g_c7ab1279da7c g_31b1fbb078bf g_9dd316566cf0 g_efdc64125061 g_14172b566e3e g_41ab0116bf71 g_1a40ebcb441c g_6cf0094ac74a g_d85262e03c42 g_f9800f979cd5 g_e5200cb50906 g_70529e2d5954 g_699eb9607c4e g_f172ad939439
q_ceec52abc0cc,g_69e4c78d493f g_05849d74cfab g_d85262e03c42 g_3bba88a233d2 g_f172ad939439 g_e0ccdfbf9f00 g_c1e8162e3878 g_3ac546908be7 g_673cead63302 g_40742c58b1d2 g_8f2f7885bf92 g_b641e40b4002 g_70529e2d5954 g_74d453c9a3a7 g_2aa313c0b281 g_4ba39e73c5c0 g_8a6731e08c13 g_b9d4c1433954 g_d9fafc45f03b g_0a556e953785 g_9e4dcbe2ed07 g_c7ab1279da7c g_e5200cb50906 g_f52beabe75e9 g_e5f8cdece4a6 g_ae1499661420 g_ee2e34a4305b g_fce818975dda g_ebf5af716393 g_5aa874fa38a6 g_0e6eb886a136 g_199f11a29c76 g_517fc156e469 g_acb27de8207c g_4e2d730cf5e4 g_d5e67a7d5157 g_932da5bced66 g_1a40ebcb441c g_4e093d64cdb0 g_dba157c43664 g_2ceec8bd9741 g_53a52906d129 g_75e232a570e9 g_ea2eb3c043ba g_31b1fbb078bf g_dd27adb09b30 g_55dc4d2bd0d7 g_e08691de98f8 g_eeac1871fded g_8af7e2c47267 g_6cf0094ac74a g_b453598aa677 g_6ec8858d4a9f g_5c9286487ea8 g_d3929af6bb55 g_4f905a235c04 g_36bea42c9e33 g_573cf52ce2b2 g_41ab0116bf71 g_e5ed37578f5e g_efdc64125061 g_1d2b7cf58ad5 g_6c43f4574331 g_fcc22b630798 g_027adec2ca24 g_8a220359326a g_699eb9607c4e g_4318e3f69720 g_d098c0c73946 g_bda6653de3f8 g_96aac4bf0d59 g_82b941c5f3e6 g_d50551e660c9 g_c14dad25b418 g_c976d1aef8c6 g_14172b566e3e g_3e0ada624ec1 g_aa54f58e96ac g_e74ee941d3fd g_0808f459cec0 g_5c2076734da4 g_75b446a0112e g_e862932aec2d g_8eba772fe35c g_de554e44d62f g_5b7b3b2f82ba g_2fc06887012f g_da61f5e555c7 g_bb430c52d431 g_e6ed51489cef g_37f955e29627 g_09bed28452fd g_5a62a4d9e8ac g_61b2398d515d g_25f027ae1b57 g_f9800f979cd5 g_9dd316566cf0 g_a8c88c5b2eb5 g_b12e42b8cff6 g_b1c9f787926c
q_762ad56c1d5e,g_e6ed51489cef g_5b7b3b2f82ba g_b12e42b8cff6 g_6ec8858d4a9f g_fcc22b630798 g_e0ccdfbf9f00 g_e5ed37578f5e g_25f027ae1b57 g_199f11a29c76 g_aa54f58e96ac g_5c2076734da4 g_1d2b7cf58ad5 g_d098c0c73946 g_0e6eb886a136 g_55dc4d2bd0d7 g_53a52906d129 g_ae1499661420 g_75e232a570e9 g_69e4c78d493f g_de554e44d62f g_c976d1aef8c6 g_8a220359326a g_82b941c5f3e6 g_09bed28452fd g_2fc06887012f g_37f955e29627 g_75b446a0112e g_673cead63302 g_e74ee941d3fd g_36bea42c9e33 g_31b1fbb078bf g_74d453c9a3a7 g_573cf52ce2b2 g_ea2eb3c043ba g_dba157c43664 g_8f2f7885bf92 g_f52beabe75e9 g_5c9286487ea8 g_4e2d730cf5e4 g_e862932aec2d g_4e093d64cdb0 g_6c43f4574331 g_d50551e660c9 g_1a40ebcb441c g_4f905a235c04 g_8eba772fe35c g_40742c58b1d2 g_ebf5af716393 g_efdc64125061 g_0a556e953785 g_bda6653de3f8 g_3bba88a233d2 g_e08691de98f8 g_5a62a4d9e8ac g_5aa874fa38a6 g_517fc156e469 g_8af7e2c47267 g_d9fafc45f03b g_eeac1871fded g_d3929af6bb55 g_a8c88c5b2eb5 g_9e4dcbe2ed07 g_b1c9f787926c g_3ac546908be7 g_e5f8cdece4a6 g_d5e67a7d5157 g_05849d74cfab g_4318e3f69720 g_b9d4c1433954 g_c1e8162e3878 g_e5200cb50906 g_b641e40b4002 g_2aa313c0b281 g_b453598aa677 g_acb27de8207c g_41ab0116bf71 g_3e0ada624ec1 g_8a6731e08c13 g_4ba39e73c5c0 g_ee2e34a4305b g_932da5bced66 g_bb430c52d431 g_2ceec8bd9741 g_96aac4bf0d59 g_0808f459cec0 g_dd27adb09b30 g_9dd316566cf0 g_d85262e03c42 g_c7ab1279da7c g_14172b566e3e g_6cf0094ac74a g_da61f5e555c7 g_027adec2ca24 g_fce818975dda g_c14dad25b418 g_70529e2d5954 g_699eb9607c4e g_f172ad939439 g_61b2398d515d g_f9800f979cd5
q_5a3a82be29b2,g_ee2e34a4305b g_70529e2d5954 g_e5200cb50906 g_74d453c9a3a7 g_e0ccdfbf9f00 g_05849d74cfab g_b9d4c1433954 g_3ac546908be7 g_d9fafc45f03b g_dd27adb09b30 g_2aa313c0b281 g_1a40ebcb441c g_c1e8162e3878 g_41ab0116bf71 g_673cead63302 g_e08691de98f8 g_f52beabe75e9 g_5aa874fa38a6 g_ea2eb3c043ba g_d85262e03c42 g_c7ab1279da7c g_69e4c78d493f g_517fc156e469 g_53a52906d129 g_d5e67a7d5157 g_75e232a570e9 g_b641e40b4002 g_1d2b7cf58ad5 g_82b941c5f3e6 g_40742c58b1d2 g_9e4dcbe2ed07 g_e74ee941d3fd g_6ec8858d4a9f g_31b1fbb078bf g_fce818975dda g_4e2d730cf5e4 g_ae1499661420 g_8f2f7885bf92 g_0808f459cec0 g_c14dad25b418 g_932da5bced66 g_699eb9607c4e g_d098c0c73946 g_efdc64125061 g_8a220359326a g_199f11a29c76 g_0e6eb886a136 g_f172ad939439 g_0a556e953785 g_36bea42c9e33 g_027adec2ca24 g_6c43f4574331 g_4ba39e73c5c0 g_de554e44d62f g_fcc22b630798 g_5c9286487ea8 g_ebf5af716393 g_8a6731e08c13 g_3bba88a233d2 g_5b7b3b2f82ba g_e5f8cdece4a6 g_5a62a4d9e8ac g_c976d1aef8c6 g_4318e3f69720 g_e862932aec2d g_8af7e2c47267 g_eeac1871fded g_25f027ae1b57 g_6cf0094ac74a g_d50551e660c9 g_bda6653de3f8 g_4f905a235c04 g_5c2076734da4 g_3e0ada624ec1 g_8eba772fe35c g_acb27de8207c g_96aac4bf0d59 g_2ceec8bd9741 g_573cf52ce2b2 g_75b446a0112e g_4e093d64cdb0 g_aa54f58e96ac g_55dc4d2bd0d7 g_b453598aa677 g_da61f5e555c7 g_d3929af6bb55 g_14172b566e3e g_e5ed37578f5e g_09bed28452fd g_e6ed51489cef g_2fc06887012f g_dba157c43664 g_37f955e29627 g_bb430c52d431 g_b12e42b8cff6 g_b1c9f787926c g_61b2398d515d g_f9800f979cd5 g_9dd316566cf0 g_a8c88c5b2eb5
q_e5ef790847a9,g_0a556e953785 g_673cead63302 g_c7ab1279da7c g_8a220359326a g_f172ad939439 g_05849d74cfab g_517fc156e469 g_bda6653de3f8 g_8f2f7885bf92 g_acb27de8207c g_c1e8162e3878 g_3ac546908be7 g_8a6731e08c13 g_d5e67a7d5157 g_3bba88a233d2 g_d85262e03c42 g_f52beabe75e9 g_2aa313c0b281 g_0808f459cec0 g_fce818975dda g_b9d4c1433954 g_027adec2ca24 g_1d2b7cf58ad5 g_932da5bced66 g_4318e3f69720 g_e0ccdfbf9f00 g_699eb9607c4e g_5aa874fa38a6 g_e5f8cdece4a6 g_53a52906d129 g_eeac1871fded g_b641e40b4002 g_74d453c9a3a7 g_4f905a235c04 g_8af7e2c47267 g_36bea42c9e33 g_d9fafc45f03b g_e08691de98f8 g_2ceec8bd9741 g_6cf0094ac74a g_ebf5af716393 g_55dc4d2bd0d7 g_3e0ada624ec1 g_199f11a29c76 g_4ba39e73c5c0 g_9e4dcbe2ed07 g_70529e2d5954 g_75e232a570e9 g_dd27adb09b30 g_4e093d64cdb0 g_efdc64125061 g_40742c58b1d2 g_c14dad25b418 g_6ec8858d4a9f g_dba157c43664 g_de554e44d62f g_31b1fbb078bf g_aa54f58e96ac g_573cf52ce2b2 g_69e4c78d493f g_6c43f4574331 g_96aac4bf0d59 g_ee2e34a4305b g_0e6eb886a136 g_d50551e660c9 g_e5200cb50906 g_b453598aa677 g_e5ed37578f5e g_5c9286487ea8 g_1a40ebcb441c g_4e2d730cf5e4 g_e74ee941d3fd g_e862932aec2d g_ae1499661420 g_da61f5e555c7 g_41ab0116bf71 g_75b446a0112e g_c976d1aef8c6 g_5c2076734da4 g_fcc22b630798 g_d3929af6bb55 g_8eba772fe35c g_5b7b3b2f82ba g_14172b566e3e g_ea2eb3c043ba g_82b941c5f3e6 g_2fc06887012f g_bb430c52d431 g_09bed28452fd g_5a62a4d9e8ac g_37f955e29627 g_61b2398d515d g_d098c0c73946 g_e6ed51489cef g_9dd316566cf0 g_b12e42b8cff6 g_f9800f979cd5 g_a8c88c5b2eb5 g_25f027ae1b57 g_b1c9f787926c
q_0dea42ce1172,g_0a556e953785 g_673cead63302 g_05849d74cfab g_c7ab1279da7c g_d85262e03c42 g_f172ad939439 g_acb27de8207c g_d5e67a7d5157 g_8a6731e08c13 g_3ac546908be7 g_f52beabe75e9 g_3bba88a233d2 g_8f2f7885bf92 g_c1e8162e3878 g_b641e40b4002 g_fce818975dda g_2aa313c0b281 g_517fc156e469 g_bda6653de3f8 g_ebf5af716393 g_4318e3f69720 g_e5f8cdece4a6 g_699eb9607c4e g_d9fafc45f03b g_e0ccdfbf9f00 g_027adec2ca24 g_74d453c9a3a7 g_4ba39e73c5c0 g_b9d4c1433954 g_dd27adb09b30 g_5aa874fa38a6 g_75e232a570e9 g_199f11a29c76 g_55dc4d2bd0d7 g_1d2b7cf58ad5 g_2ceec8bd9741 g_932da5bced66 g_9e4dcbe2ed07 g_e08691de98f8 g_40742c58b1d2 g_70529e2d5954 g_8af7e2c47267 g_6c43f4574331 g_0808f459cec0 g_69e4c78d493f g_8a220359326a g_3e0ada624ec1 g_53a52906d129 g_c14dad25b418 g_96aac4bf0d59 g_eeac1871fded g_e5ed37578f5e g_dba157c43664 g_4e093d64cdb0 g_36bea42c9e33 g_d50551e660c9 g_31b1fbb078bf g_6ec8858d4a9f g_0e6eb886a136 g_ee2e34a4305b g_efdc64125061 g_4f905a235c04 g_573cf52ce2b2 g_e5200cb50906 g_ae1499661420 g_5c9286487ea8 g_aa54f58e96ac g_b453598aa677 g_d3929af6bb55 g_4e2d730cf5e4 g_1a40ebcb441c g_6cf0094ac74a g_41ab0116bf71 g_da61f5e555c7 g_14172b566e3e g_c976d1aef8c6 g_e74ee941d3fd g_fcc22b630798 g_e862932aec2d g_de554e44d62f g_5c2076734da4 g_75b446a0112e g_8eba772fe35c g_5b7b3b2f82ba g_ea2eb3c043ba g_82b941c5f3e6 g_2fc06887012f g_37f955e29627 g_5a62a4d9e8ac g_d098c0c73946 g_bb430c52d431 g_e6ed51489cef g_09bed28452fd g_61b2398d515d g_9dd316566cf0 g_b12e42b8cff6 g_25f027ae1b57 g_f9800f979cd5 g_a8c88c5b2eb5 g_b1c9f787926c
q_10c0eacca0cb,g_2ceec8bd9741 g_e5f8cdece4a6 g_96aac4bf0d59 g_dba157c43664 g_da61f5e555c7 g_3bba88a233d2 g_bb430c52d431 g_6cf0094ac74a g_14172b566e3e g_eeac1871fded g_573cf52ce2b2 g_fce818975dda g_61b2398d515d g_c7ab1279da7c g_acb27de8207c g_d85262e03c42 g_d50551e660c9 g_9e4dcbe2ed07 g_55dc4d2bd0d7 g_932da5bced66 g_bda6653de3f8 g_8af7e2c47267 g_d3929af6bb55 g_517fc156e469 g_ebf5af716393 g_4318e3f69720 g_8f2f7885bf92 g_0808f459cec0 g_0e6eb886a136 g_3e0ada624ec1 g_c1e8162e3878 g_8a6731e08c13 g_75e232a570e9 g_efdc64125061 g_d5e67a7d5157 g_4e093d64cdb0 g_4ba39e73c5c0 g_2aa313c0b281 g_673cead63302 g_3ac546908be7 g_b641e40b4002 g_9dd316566cf0 g_0a556e953785 g_e5ed37578f5e g_d9fafc45f03b g_f172ad939439 g_f52beabe75e9 g_37f955e29627 g_e08691de98f8 g_70529e2d5954 g_40742c58b1d2 g_f9800f979cd5 g_6ec8858d4a9f g_8eba772fe35c g_e0ccdfbf9f00 g_05849d74cfab g_6c43f4574331 g_75b446a0112e g_dd27adb09b30 g_2fc06887012f g_5aa874fa38a6 g_027adec2ca24 g_1d2b7cf58ad5 g_31b1fbb078bf g_b9d4c1433954 g_74d453c9a3a7 g_e862932aec2d g_de554e44d62f g_5c9286487ea8 g_1a40ebcb441c g_36bea42c9e33 g_e5200cb50906 g_4f905a235c04 g_c14dad25b418 g_b453598aa677 g_53a52906d129 g_5c2076734da4 g_69e4c78d493f g_fcc22b630798 g_41ab0116bf71 g_199f11a29c76 g_5b7b3b2f82ba g_699eb9607c4e g_ee2e34a4305b g_c976d1aef8c6 g_4e2d730cf5e4 g_ae1499661420 g_82b941c5f3e6 g_e74ee941d3fd g_8a220359326a g_d098c0c73946 g_09bed28452fd g_aa54f58e96ac g_ea2eb3c043ba g_5a62a4d9e8ac g_e6ed51489cef g_a8c88c5b2eb5 g_b1c9f787926c g_b12e42b8cff6 g_25f027ae1b57
q_9a66fac6754a,g_d5e67a7d5157 g_673cead63302 g_05849d74cfab g_8f2f7885bf92 g_d85262e03c42 g_acb27de8207c g_f52beabe75e9 g_b641e40b4002 g_3ac546908be7 g_8a6731e08c13 g_699eb9607c4e g_dd27adb09b30 g_75e232a570e9 g_d9fafc45f03b g_ebf5af716393 g_f172ad939439 g_c1e8162e3878 g_2aa313c0b281 g_0a556e953785 g_4ba39e73c5c0 g_c7ab1279da7c g_027adec2ca24 g_3bba88a233d2 g_c14dad25b418 g_517fc156e469 g_199f11a29c76 g_1d2b7cf58ad5 g_eeac1871fded g_e5f8cdece4a6 g_74d453c9a3a7 g_53a52906d129 g_4318e3f69720 g_b9d4c1433954 g_e0ccdfbf9f00 g_6c43f4574331 g_fce818975dda g_55dc4d2bd0d7 g_bda6653de3f8 g_c976d1aef8c6 g_e5ed37578f5e g_70529e2d5954 g_2ceec8bd9741 g_9e4dcbe2ed07 g_5aa874fa38a6 g_d50551e660c9 g_69e4c78d493f g_40742c58b1d2 g_6ec8858d4a9f g_3e0ada624ec1 g_932da5bced66 g_e08691de98f8 g_8af7e2c47267 g_96aac4bf0d59 g_ee2e34a4305b g_ea2eb3c043ba g_5c2076734da4 g_8a220359326a g_e74ee941d3fd g_b453598aa677 g_0808f459cec0 g_e5200cb50906 g_dba157c43664 g_ae1499661420 g_6cf0094ac74a g_efdc64125061 g_2fc06887012f g_d3929af6bb55 g_573cf52ce2b2 g_14172b566e3e g_0e6eb886a136 g_4e2d730cf5e4 g_de554e44d62f g_1a40ebcb441c g_31b1fbb078bf g_4f905a235c04 g_5b7b3b2f82ba g_36bea42c9e33 g_da61f5e555c7 g_4e093d64cdb0 g_5c9286487ea8 g_aa54f58e96ac g_d098c0c73946 g_37f955e29627 g_e862932aec2d g_41ab0116bf71 g_fcc22b630798 g_8eba772fe35c g_75b446a0112e g_82b941c5f3e6 g_bb430c52d431 g_5a62a4d9e8ac g_e6ed51489cef g_09bed28452fd g_61b2398d515d g_9dd316566cf0 g_25f027ae1b57 g_a8c88c5b2eb5 g_f9800f979cd5 g_b12e42b8cff6 g_b1c9f787926c
q_7e562581bc82,g_5a62a4d9e8ac g_36bea42c9e33 g_4f905a235c04 g_e74ee941d3fd g_aa54f58e96ac g_ae1499661420 g_b9d4c1433954 g_5aa874fa38a6 g_517fc156e469 g_75e232a570e9 g_09bed28452fd g_673cead63302 g_05849d74cfab g_e0ccdfbf9f00 g_ee2e34a4305b g_932da5bced66 g_6c43f4574331 g_a8c88c5b2eb5 g_8f2f7885bf92 g_d9fafc45f03b g_d5e67a7d5157 g_0808f459cec0 g_25f027ae1b57 g_bda6653de3f8 g_b641e40b4002 g_fce818975dda g_199f11a29c76 g_1d2b7cf58ad5 g_37f955e29627 g_9e4dcbe2ed07 g_c14dad25b418 g_d3929af6bb55 g_6ec8858d4a9f g_c7ab1279da7c g_0a556e953785 g_53a52906d129 g_3ac546908be7 g_8a6731e08c13 g_c1e8162e3878 g_e6ed51489cef g_f52beabe75e9 g_0e6eb886a136 g_eeac1871fded g_8a220359326a g_de554e44d62f g_3bba88a233d2 g_d50551e660c9 g_55dc4d2bd0d7 g_fcc22b630798 g_2aa313c0b281 g_4318e3f69720 g_74d453c9a3a7 g_70529e2d5954 g_69e4c78d493f g_dd27adb09b30 g_b1c9f787926c g_5c2076734da4 g_2ceec8bd9741 g_573cf52ce2b2 g_ea2eb3c043ba g_3e0ada624ec1 g_d098c0c73946 g_e5f8cdece4a6 g_75b446a0112e g_40742c58b1d2 g_ebf5af716393 g_f172ad939439 g_d85262e03c42 g_4ba39e73c5c0 g_b453598aa677 g_acb27de8207c g_6cf0094ac74a g_b12e42b8cff6 g_f9800f979cd5 g_5c9286487ea8 g_4e2d730cf5e4 g_41ab0116bf71 g_4e093d64cdb0 g_dba157c43664 g_e08691de98f8 g_96aac4bf0d59 g_14172b566e3e g_5b7b3b2f82ba g_e5200cb50906 g_e5ed37578f5e g_82b941c5f3e6 g_c976d1aef8c6 g_31b1fbb078bf g_1a40ebcb441c g_8af7e2c47267 g_027adec2ca24 g_699eb9607c4e g_bb430c52d431 g_efdc64125061 g_2fc06887012f g_da61f5e555c7 g_8eba772fe35c g_61b2398d515d g_e862932aec2d g_9dd316566cf0
q_1455154069c3,g_05849d74cfab g_c7ab1279da7c g_932da5bced66 g_673cead63302 g_d85262e03c42 g_b9d4c1433954 g_b641e40b4002 g_c1e8162e3878 g_517fc156e469 g_f172ad939439 g_8f2f7885bf92 g_0a556e953785 g_fce818975dda g_e0ccdfbf9f00 g_40742c58b1d2 g_acb27de8207c g_d9fafc45f03b g_ee2e34a4305b g_5aa874fa38a6 g_74d453c9a3a7 g_f52beabe75e9 g_8a6731e08c13 g_3ac546908be7 g_70529e2d5954 g_2aa313c0b281 g_ebf5af716393 g_75e232a570e9 g_9e4dcbe2ed07 g_e5f8cdece4a6 g_d5e67a7d5157 g_3bba88a233d2 g_2ceec8bd9741 g_53a52906d129 g_0e6eb886a136 g_c14dad25b418 g_69e4c78d493f g_d50551e660c9 g_e5200cb50906 g_4ba39e73c5c0 g_36bea42c9e33 g_14172b566e3e g_dd27adb09b30 g_199f11a29c76 g_96aac4bf0d59 g_4f905a235c04 g_e08691de98f8 g_4e2d730cf5e4 g_4318e3f69720 g_027adec2ca24 g_6cf0094ac74a g_41ab0116bf71 g_8af7e2c47267 g_d3929af6bb55 g_8a220359326a g_b453598aa677 g_1d2b7cf58ad5 g_0808f459cec0 g_bda6653de3f8 g_3e0ada624ec1 g_31b1fbb078bf g_eeac1871fded g_5c9286487ea8 g_aa54f58e96ac g_ae1499661420 g_55dc4d2bd0d7 g_82b941c5f3e6 g_1a40ebcb441c g_6ec8858d4a9f g_dba157c43664 g_4e093d64cdb0 g_573cf52ce2b2 g_ea2eb3c043ba g_efdc64125061 g_5a62a4d9e8ac g_6c43f4574331 g_699eb9607c4e g_e5ed37578f5e g_fcc22b630798 g_e74ee941d3fd g_75b446a0112e g_8eba772fe35c g_da61f5e555c7 g_de554e44d62f g_e862932aec2d g_5c2076734da4 g_2fc06887012f g_d098c0c73946 g_c976d1aef8c6 g_5b7b3b2f82ba g_37f955e29627 g_bb430c52d431 g_61b2398d515d g_e6ed51489cef g_f9800f979cd5 g_09bed28452fd g_25f027ae1b57 g_b12e42b8cff6 g_9dd316566cf0 g_b1c9f787926c g_a8c88c5b2eb5
q_3c406044f6e0,g_bda6653de3f8 g_4318e3f69720 g_517fc156e469 g_3e0ada624ec1 g_eeac1871fded g_acb27de8207c g_c7ab1279da7c g_2ceec8bd9741 g_0808f459cec0 g_5aa874fa38a6 g_fce818975dda g_932da5bced66 g_673cead63302 g_d5e67a7d5157 g_3bba88a233d2 g_027adec2ca24 g_c1e8162e3878 g_75e232a570e9 g_e5f8cdece4a6 g_d50551e660c9 g_96aac4bf0d59 g_2aa313c0b281 g_3ac546908be7 g_d85262e03c42 g_8af7e2c47267 g_d9fafc45f03b g_b641e40b4002 g_8f2f7885bf92 g_70529e2d5954 g_de554e44d62f g_8a6731e08c13 g_f172ad939439 g_05849d74cfab g_b9d4c1433954 g_6c43f4574331 g_f52beabe75e9 g_1d2b7cf58ad5 g_da61f5e555c7 g_55dc4d2bd0d7 g_0a556e953785 g_dd27adb09b30 g_e08691de98f8 g_e0ccdfbf9f00 g_9e4dcbe2ed07 g_efdc64125061 g_40742c58b1d2 g_6cf0094ac74a g_74d453c9a3a7 g_573cf52ce2b2 g_c14dad25b418 g_dba157c43664 g_14172b566e3e g_699eb9607c4e g_e862932aec2d g_ebf5af716393 g_4e093d64cdb0 g_8a220359326a g_6ec8858d4a9f g_4ba39e73c5c0 g_41ab0116bf71 g_36bea42c9e33 g_75b446a0112e g_e5ed37578f5e g_31b1fbb078bf g_53a52906d129 g_d3929af6bb55 g_ee2e34a4305b g_5c2076734da4 g_8eba772fe35c g_0e6eb886a136 g_199f11a29c76 g_4f905a235c04 g_61b2398d515d g_fcc22b630798 g_bb430c52d431 g_ae1499661420 g_2fc06887012f g_1a40ebcb441c g_e5200cb50906 g_c976d1aef8c6 g_37f955e29627 g_e74ee941d3fd g_82b941c5f3e6 g_4e2d730cf5e4 g_5a62a4d9e8ac g_9dd316566cf0 g_5b7b3b2f82ba g_b453598aa677 g_69e4c78d493f g_5c9286487ea8 g_e6ed51489cef g_d098c0c73946 g_aa54f58e96ac g_09bed28452fd g_ea2eb3c043ba g_f9800f979cd5 g_b1c9f787926c g_b12e42b8cff6 g_25f027ae1b57 g_a8c88c5b2eb5
q_5561be52a214,g_09bed28452fd g_e74ee941d3fd g_aa54f58e96ac g_4f905a235c04 g_b12e42b8cff6 g_5a62a4d9e8ac g_36bea42c9e33 g_ae1499661420 g_6c43f4574331 g_1d2b7cf58ad5 g_8f2f7885bf92 g_e0ccdfbf9f00 g_a8c88c5b2eb5 g_573cf52ce2b2 g_b1c9f787926c g_e6ed51489cef g_0a556e953785 g_6ec8858d4a9f g_673cead63302 g_37f955e29627 g_517fc156e469 g_75e232a570e9 g_3bba88a233d2 g_eeac1871fded g_74d453c9a3a7 g_55dc4d2bd0d7 g_fcc22b630798 g_bda6653de3f8 g_5c2076734da4 g_d9fafc45f03b g_0e6eb886a136 g_25f027ae1b57 g_3ac546908be7 g_e5f8cdece4a6 g_dba157c43664 g_53a52906d129 g_d3929af6bb55 g_f52beabe75e9 g_e5ed37578f5e g_5b7b3b2f82ba g_199f11a29c76 g_de554e44d62f g_8a220359326a g_9e4dcbe2ed07 g_b9d4c1433954 g_75b446a0112e g_5aa874fa38a6 g_b453598aa677 g_d5e67a7d5157 g_e08691de98f8 g_ebf5af716393 g_4e093d64cdb0 g_d098c0c73946 g_5c9286487ea8 g_ea2eb3c043ba g_2aa313c0b281 g_c976d1aef8c6 g_2ceec8bd9741 g_69e4c78d493f g_05849d74cfab g_2fc06887012f g_4318e3f69720 g_8a6731e08c13 g_d50551e660c9 g_82b941c5f3e6 g_ee2e34a4305b g_acb27de8207c g_8af7e2c47267 g_b641e40b4002 g_efdc64125061 g_0808f459cec0 g_3e0ada624ec1 g_027adec2ca24 g_c1e8162e3878 g_4ba39e73c5c0 g_6cf0094ac74a g_4e2d730cf5e4 g_dd27adb09b30 g_8eba772fe35c g_bb430c52d431 g_932da5bced66 g_31b1fbb078bf g_c7ab1279da7c g_fce818975dda g_c14dad25b418 g_96aac4bf0d59 g_40742c58b1d2 g_e862932aec2d g_70529e2d5954 g_f9800f979cd5 g_e5200cb50906 g_1a40ebcb441c g_9dd316566cf0 g_699eb9607c4e g_41ab0116bf71 g_d85262e03c42 g_f172ad939439 g_da61f5e555c7 g_14172b566e3e g_61b2398d515d
q_d8a3d47a322a,g_ae1499661420 g_e0ccdfbf9f00 g_d9fafc45f03b g_74d453c9a3a7 g_2aa313c0b281 g_3ac546908be7 g_f52beabe75e9 g_673cead63302 g_d5e67a7d5157 g_dd27adb09b30 g_05849d74cfab g_70529e2d5954 g_40742c58b1d2 g_517fc156e469 g_c1e8162e3878 g_8f2f7885bf92 g_75e232a570e9 g_69e4c78d493f g_1d2b7cf58ad5 g_e08691de98f8 g_d85262e03c42 g_b9d4c1433954 g_6ec8858d4a9f g_ee2e34a4305b g_e5200cb50906 g_36bea42c9e33 g_6c43f4574331 g_82b941c5f3e6 g_31b1fbb078bf g_199f11a29c76 g_5aa874fa38a6 g_efdc64125061 g_3bba88a233d2 g_0a556e953785 g_e74ee941d3fd g_0e6eb886a136 g_b641e40b4002 g_c7ab1279da7c g_8a6731e08c13 g_eeac1871fded g_1a40ebcb441c g_bda6653de3f8 g_53a52906d129 g_fcc22b630798 g_4318e3f69720 g_75b446a0112e g_3e0ada624ec1 g_932da5bced66 g_fce818975dda g_ea2eb3c043ba g_027adec2ca24 g_41ab0116bf71 g_4e2d730cf5e4 g_699eb9607c4e g_8a220359326a g_9e4dcbe2ed07 g_d098c0c73946 g_ebf5af716393 g_8af7e2c47267 g_e5f8cdece4a6 g_c976d1aef8c6 g_f172ad939439 g_acb27de8207c g_0808f459cec0 g_2ceec8bd9741 g_5b7b3b2f82ba g_e5ed37578f5e g_4ba39e73c5c0 g_55dc4d2bd0d7 g_e862932aec2d g_5c2076734da4 g_aa54f58e96ac g_4f905a235c04 g_8eba772fe35c g_d50551e660c9 g_c14dad25b418 g_de554e44d62f g_d3929af6bb55 g_573cf52ce2b2 g_2fc06887012f g_5c9286487ea8 g_e6ed51489cef g_4e093d64cdb0 g_dba157c43664 g_6cf0094ac74a g_5a62a4d9e8ac g_37f955e29627 g_25f027ae1b57 g_96aac4bf0d59 g_da61f5e555c7 g_09bed28452fd g_14172b566e3e g_b453598aa677 g_b12e42b8cff6 g_bb430c52d431 g_b1c9f787926c g_61b2398d515d g_9dd316566cf0 g_f9800f979cd5 g_a8c88c5b2eb5
q_b0a93dfc3842,g_d9fafc45f03b g_dd27adb09b30 g_517fc156e469 g_2aa313c0b281 g_3ac546908be7 g_f52beabe75e9 g_c1e8162e3878 g_70529e2d5954 g_d5e67a7d5157 g_6ec8858d4a9f g_74d453c9a3a7 g_1d2b7cf58ad5 g_673cead63302 g_05849d74cfab g_e08691de98f8 g_e0ccdfbf9f00 g_75e232a570e9 g_c7ab1279da7c g_0a556e953785 g_0808f459cec0 g_bda6653de3f8 g_4318e3f69720 g_d85262e03c42 g_b9d4c1433954 g_acb27de8207c g_6c43f4574331 g_40742c58b1d2 g_5aa874fa38a6 g_efdc64125061 g_53a52906d129 g_fcc22b630798 g_8f2f7885bf92 g_82b941c5f3e6 g_e74ee941d3fd g_027adec2ca24 g_3bba88a233d2 g_ee2e34a4305b g_fce818975dda g_36bea42c9e33 g_8a6731e08c13 g_0e6eb886a136 g_5b7b3b2f82ba g_932da5bced66 g_699eb9607c4e g_b641e40b4002 g_1a40ebcb441c g_31b1fbb078bf g_eeac1871fded g_5c2076734da4 g_9e4dcbe2ed07 g_3e0ada624ec1 g_ebf5af716393 g_2ceec8bd9741 g_ae1499661420 g_199f11a29c76 g_d50551e660c9 g_e862932aec2d g_e5f8cdece4a6 g_de554e44d62f g_8a220359326a g_55dc4d2bd0d7 g_c14dad25b418 g_8eba772fe35c g_e5200cb50906 g_f172ad939439 g_8af7e2c47267 g_75b446a0112e g_4e2d730cf5e4 g_96aac4bf0d59 g_41ab0116bf71 g_e5ed37578f5e g_69e4c78d493f g_c976d1aef8c6 g_573cf52ce2b2 g_4ba39e73c5c0 g_5a62a4d9e8ac g_da61f5e555c7 g_ea2eb3c043ba g_5c9286487ea8 g_d098c0c73946 g_aa54f58e96ac g_4e093d64cdb0 g_09bed28452fd g_4f905a235c04 g_d3929af6bb55 g_14172b566e3e g_6cf0094ac74a g_2fc06887012f g_dba157c43664 g_37f955e29627 g_b453598aa677 g_e6ed51489cef g_61b2398d515d g_b12e42b8cff6 g_bb430c52d431 g_9dd316566cf0 g_25f027ae1b57 g_b1c9f787926c g_f9800f979cd5 g_a8c88c5b2eb5
q_2f13ef98ff46,g_dd27adb09b30 g_6ec8858d4a9f g_d9fafc45f03b g_2aa313c0b281 g_d5e67a7d5157 g_517fc156e469 g_f52beabe75e9 g_75e232a570e9 g_c1e8162e3878 g_d85262e03c42 g_673cead63302 g_3ac546908be7 g_6c43f4574331 g_70529e2d5954 g_c7ab1279da7c g_e08691de98f8 g_bda6653de3f8 g_1d2b7cf58ad5 g_acb27de8207c g_e0ccdfbf9f00 g_74d453c9a3a7 g_b9d4c1433954 g_efdc64125061 g_eeac1871fded g_8a6731e08c13 g_5aa874fa38a6 g_8f2f7885bf92 g_05849d74cfab g_4318e3f69720 g_b641e40b4002 g_027adec2ca24 g_40742c58b1d2 g_ebf5af716393 g_699eb9607c4e g_3bba88a233d2 g_e5f8cdece4a6 g_de554e44d62f g_53a52906d129 g_0a556e953785 g_ee2e34a4305b g_9e4dcbe2ed07 g_fce818975dda g_2ceec8bd9741 g_5b7b3b2f82ba g_0808f459cec0 g_d50551e660c9 g_55dc4d2bd0d7 g_932da5bced66 g_8eba772fe35c g_e74ee941d3fd g_c14dad25b418 g_fcc22b630798 g_3e0ada624ec1 g_8af7e2c47267 g_82b941c5f3e6 g_5c2076734da4 g_31b1fbb078bf g_1a40ebcb441c g_e5ed37578f5e g_199f11a29c76 g_f172ad939439 g_ae1499661420 g_e5200cb50906 g_4ba39e73c5c0 g_c976d1aef8c6 g_96aac4bf0d59 g_69e4c78d493f g_8a220359326a g_41ab0116bf71 g_0e6eb886a136 g_d3929af6bb55 g_e862932aec2d g_75b446a0112e g_da61f5e555c7 g_d098c0c73946 g_ea2eb3c043ba g_36bea42c9e33 g_573cf52ce2b2 g_4e2d730cf5e4 g_6cf0094ac74a g_5a62a4d9e8ac g_14172b566e3e g_dba157c43664 g_2fc06887012f g_4e093d64cdb0 g_4f905a235c04 g_5c9286487ea8 g_37f955e29627 g_e6ed51489cef g_b453598aa677 g_bb430c52d431 g_61b2398d515d g_09bed28452fd g_aa54f58e96ac g_9dd316566cf0 g_25f027ae1b57 g_b12e42b8cff6 g_b1c9f787926c g_f9800f979cd5 g_a8c88c5b2eb5
q_8f9c99668b9d,g_e08691de98f8 g_2aa313c0b281 g_74d453c9a3a7 g_3ac546908be7 g_c1e8162e3878 g_517fc156e469 g_f52beabe75e9 g_e0ccdfbf9f00 g_673cead63302 g_1d2b7cf58ad5 g_d9fafc45f03b g_70529e2d5954 g_dd27adb09b30 g_0a556e953785 g_c7ab1279da7c g_05849d74cfab g_d5e67a7d5157 g_53a52906d129 g_b9d4c1433954 g_0808f459cec0 g_31b1fbb078bf g_36bea42c9e33 g_6ec8858d4a9f g_d85262e03c42 g_e74ee941d3fd g_75e232a570e9 g_82b941c5f3e6 g_1a40ebcb441c g_0e6eb886a136 g_ee2e34a4305b g_41ab0116bf71 g_bda6653de3f8 g_699eb9607c4e g_8f2f7885bf92 g_efdc64125061 g_5aa874fa38a6 g_8a220359326a g_b641e40b4002 g_fce818975dda g_3bba88a233d2 g_8a6731e08c13 g_acb27de8207c g_40742c58b1d2 g_c14dad25b418 g_027adec2ca24 g_4e2d730cf5e4 g_932da5bced66 g_ae1499661420 g_199f11a29c76 g_5c2076734da4 g_4318e3f69720 g_e5200cb50906 g_8af7e2c47267 g_6c43f4574331 g_5b7b3b2f82ba g_5c9286487ea8 g_e862932aec2d g_69e4c78d493f g_9e4dcbe2ed07 g_eeac1871fded g_aa54f58e96ac g_ebf5af716393 g_f172ad939439 g_ea2eb3c043ba g_75b446a0112e g_de554e44d62f g_fcc22b630798 g_d098c0c73946 g_3e0ada624ec1 g_e5f8cdece4a6 g_55dc4d2bd0d7 g_8eba772fe35c g_4ba39e73c5c0 g_e5ed37578f5e g_4f905a235c04 g_573cf52ce2b2 g_c976d1aef8c6 g_2ceec8bd9741 g_96aac4bf0d59 g_d50551e660c9 g_5a62a4d9e8ac g_4e093d64cdb0 g_09bed28452fd g_6cf0094ac74a g_e6ed51489cef g_da61f5e555c7 g_37f955e29627 g_2fc06887012f g_d3929af6bb55 g_dba157c43664 g_b12e42b8cff6 g_14172b566e3e g_b453598aa677 g_bb430c52d431 g_25f027ae1b57 g_61b2398d515d g_b1c9f787926c g_9dd316566cf0 g_f9800f979cd5 g_a8c88c5b2eb5
q_e63d98a6ee33,g_932da5bced66 g_05849d74cfab g_c7ab1279da7c g_517fc156e469 g_fce818975dda g_673cead63302 g_c1e8162e3878 g_c14dad25b418 g_8f2f7885bf92 g_d85262e03c42 g_f172ad939439 g_2ceec8bd9741 g_8af7e2c47267 g_e5f8cdece4a6 g_acb27de8207c g_027adec2ca24 g_0a556e953785 g_f52beabe75e9 g_96aac4bf0d59 g_3ac546908be7 g_b9d4c1433954 g_b641e40b4002 g_3bba88a233d2 g_d9fafc45f03b g_70529e2d5954 g_bda6653de3f8 g_14172b566e3e g_3e0ada624ec1 g_2aa313c0b281 g_d50551e660c9 g_0e6eb886a136 g_4318e3f69720 g_75e232a570e9 g_d5e67a7d5157 g_da61f5e555c7 g_6cf0094ac74a g_4f905a235c04 g_e08691de98f8 g_e0ccdfbf9f00 g_5aa874fa38a6 g_eeac1871fded g_ebf5af716393 g_0808f459cec0 g_efdc64125061 g_8a6731e08c13 g_9e4dcbe2ed07 g_74d453c9a3a7 g_ee2e34a4305b g_4e2d730cf5e4 g_dd27adb09b30 g_53a52906d129 g_1d2b7cf58ad5 g_75b446a0112e g_40742c58b1d2 g_d3929af6bb55 g_36bea42c9e33 g_31b1fbb078bf g_e5200cb50906 g_dba157c43664 g_fcc22b630798 g_2fc06887012f g_8a220359326a g_e862932aec2d g_55dc4d2bd0d7 g_699eb9607c4e g_199f11a29c76 g_6ec8858d4a9f g_4ba39e73c5c0 g_b453598aa677 g_573cf52ce2b2 g_8eba772fe35c g_1a40ebcb441c g_6c43f4574331 g_41ab0116bf71 g_61b2398d515d g_5c9286487ea8 g_bb430c52d431 g_4e093d64cdb0 g_69e4c78d493f g_de554e44d62f g_e74ee941d3fd g_82b941c5f3e6 g_5a62a4d9e8ac g_5c2076734da4 g_e5ed37578f5e g_ae1499661420 g_d098c0c73946 g_ea2eb3c043ba g_aa54f58e96ac g_5b7b3b2f82ba g_c976d1aef8c6 g_37f955e29627 g_f9800f979cd5 g_09bed28452fd g_e6ed51489cef g_9dd316566cf0 g_b1c9f787926c g_25f027ae1b57 g_b12e42b8cff6 g_a8c88c5b2eb5
q_924985f5a91d,g_5aa874fa38a6 g_b9d4c1433954 g_517fc156e469 g_05849d74cfab g_f52beabe75e9 g_d5e67a7d5157 g_ee2e34a4305b g_bda6653de3f8 g_3ac546908be7 g_4318e3f69720 g_d9fafc45f03b g_70529e2d5954 g_3e0ada624ec1 g_f172ad939439 g_d85262e03c42 g_673cead63302 g_e0ccdfbf9f00 g_75e232a570e9 g_c7ab1279da7c g_8a6731e08c13 g_dd27adb09b30 g_c14dad25b418 g_c1e8162e3878 g_fce818975dda g_699eb9607c4e g_b641e40b4002 g_ae1499661420 g_9e4dcbe2ed07 g_2aa313c0b281 g_0808f459cec0 g_41ab0116bf71 g_ea2eb3c043ba g_69e4c78d493f g_acb27de8207c g_199f11a29c76 g_6c43f4574331 g_40742c58b1d2 g_4ba39e73c5c0 g_74d453c9a3a7 g_e5200cb50906 g_932da5bced66 g_3bba88a233d2 g_8f2f7885bf92 g_d098c0c73946 g_eeac1871fded g_53a52906d129 g_de554e44d62f g_4f905a235c04 g_36bea42c9e33 g_1d2b7cf58ad5 g_8a220359326a g_5c2076734da4 g_0a556e953785 g_e5f8cdece4a6 g_1a40ebcb441c g_e74ee941d3fd g_4e2d730cf5e4 g_e08691de98f8 g_ebf5af716393 g_5a62a4d9e8ac g_027adec2ca24 g_d50551e660c9 g_55dc4d2bd0d7 g_c976d1aef8c6 g_6ec8858d4a9f g_0e6eb886a136 g_2ceec8bd9741 g_82b941c5f3e6 g_8af7e2c47267 g_573cf52ce2b2 g_31b1fbb078bf g_6cf0094ac74a g_4e093d64cdb0 g_96aac4bf0d59 g_75b446a0112e g_fcc22b630798 g_efdc64125061 g_14172b566e3e g_b453598aa677 g_aa54f58e96ac g_2fc06887012f g_d3929af6bb55 g_25f027ae1b57 g_5b7b3b2f82ba g_e5ed37578f5e g_dba157c43664 g_da61f5e555c7 g_8eba772fe35c g_09bed28452fd g_e862932aec2d g_5c9286487ea8 g_37f955e29627 g_e6ed51489cef g_bb430c52d431 g_61b2398d515d g_a8c88c5b2eb5 g_b1c9f787926c g_9dd316566cf0 g_f9800f979cd5 g_b12e42b8cff6
q_751566422f61,g_1a40ebcb441c g_53a52906d129 g_31b1fbb078bf g_3ac546908be7 g_8a220359326a g_69e4c78d493f g_ea2eb3c043ba g_199f11a29c76 g_1d2b7cf58ad5 g_e0ccdfbf9f00 g_e5200cb50906 g_c1e8162e3878 g_6ec8858d4a9f g_0e6eb886a136 g_d098c0c73946 g_82b941c5f3e6 g_b12e42b8cff6 g_5b7b3b2f82ba g_fcc22b630798 g_e08691de98f8 g_e862932aec2d g_673cead63302 g_efdc64125061 g_2aa313c0b281 g_5c9286487ea8 g_4e2d730cf5e4 g_e6ed51489cef g_c976d1aef8c6 g_de554e44d62f g_5c2076734da4 g_74d453c9a3a7 g_ee2e34a4305b g_05849d74cfab g_70529e2d5954 g_8af7e2c47267 g_d85262e03c42 g_4e093d64cdb0 g_e74ee941d3fd g_8f2f7885bf92 g_d9fafc45f03b g_8eba772fe35c g_517fc156e469 g_f52beabe75e9 g_75b446a0112e g_c7ab1279da7c g_ae1499661420 g_b9d4c1433954 g_25f027ae1b57 g_0a556e953785 g_d5e67a7d5157 g_e5ed37578f5e g_75e232a570e9 g_9e4dcbe2ed07 g_41ab0116bf71 g_dba157c43664 g_55dc4d2bd0d7 g_aa54f58e96ac g_5aa874fa38a6 g_b641e40b4002 g_dd27adb09b30 g_699eb9607c4e g_ebf5af716393 g_2fc06887012f g_40742c58b1d2 g_3bba88a233d2 g_36bea42c9e33 g_0808f459cec0 g_8a6731e08c13 g_4f905a235c04 g_fce818975dda g_09bed28452fd g_027adec2ca24 g_6c43f4574331 g_c14dad25b418 g_932da5bced66 g_b453598aa677 g_f172ad939439 g_4ba39e73c5c0 g_acb27de8207c g_6cf0094ac74a g_573cf52ce2b2 g_eeac1871fded g_e5f8cdece4a6 g_bda6653de3f8 g_4318e3f69720 g_a8c88c5b2eb5 g_37f955e29627 g_d50551e660c9 g_d3929af6bb55 g_3e0ada624ec1 g_bb430c52d431 g_96aac4bf0d59 g_5a62a4d9e8ac g_da61f5e555c7 g_2ceec8bd9741 g_b1c9f787926c g_9dd316566cf0 g_14172b566e3e g_61b2398d515d g_f9800f979cd5
q_5781a03187a5,g_dd27adb09b30 g_2aa313c0b281 g_d9fafc45f03b g_517fc156e469 g_3ac546908be7 g_673cead63302 g_d85262e03c42 g_d5e67a7d5157 g_1d2b7cf58ad5 g_c7ab1279da7c g_5b7b3b2f82ba g_c1e8162e3878 g_70529e2d5954 g_75e232a570e9 g_e08691de98f8 g_f52beabe75e9 g_6ec8858d4a9f g_efdc64125061 g_74d453c9a3a7 g_e0ccdfbf9f00 g_acb27de8207c g_6c43f4574331 g_8f2f7885bf92 g_05849d74cfab g_e74ee941d3fd g_027adec2ca24 g_b9d4c1433954 g_53a52906d129 g_40742c58b1d2 g_0808f459cec0 g_1a40ebcb441c g_bda6653de3f8 g_b641e40b4002 g_8a6731e08c13 g_e5200cb50906 g_fce818975dda g_ee2e34a4305b g_0a556e953785 g_8eba772fe35c g_699eb9607c4e g_eeac1871fded g_5c2076734da4 g_e5f8cdece4a6 g_3bba88a233d2 g_41ab0116bf71 g_fcc22b630798 g_932da5bced66 g_31b1fbb078bf g_4318e3f69720 g_2ceec8bd9741 g_ebf5af716393 g_9e4dcbe2ed07 g_82b941c5f3e6 g_de554e44d62f g_8af7e2c47267 g_e5ed37578f5e g_e862932aec2d g_5aa874fa38a6 g_ae1499661420 g_55dc4d2bd0d7 g_199f11a29c76 g_c976d1aef8c6 g_69e4c78d493f g_f172ad939439 g_d50551e660c9 g_3e0ada624ec1 g_5c9286487ea8 g_0e6eb886a136 g_8a220359326a g_36bea42c9e33 g_c14dad25b418 g_4ba39e73c5c0 g_4e2d730cf5e4 g_96aac4bf0d59 g_75b446a0112e g_d098c0c73946 g_ea2eb3c043ba g_da61f5e555c7 g_d3929af6bb55 g_573cf52ce2b2 g_2fc06887012f g_4e093d64cdb0 g_dba157c43664 g_14172b566e3e g_6cf0094ac74a g_5a62a4d9e8ac g_37f955e29627 g_09bed28452fd g_e6ed51489cef g_4f905a235c04 g_b453598aa677 g_aa54f58e96ac g_b12e42b8cff6 g_61b2398d515d g_bb430c52d431 g_9dd316566cf0 g_25f027ae1b57 g_b1c9f787926c g_f9800f979cd5 g_a8c88c5b2eb5
q_fbfcb1a82a99,g_573cf52ce2b2 g_da61f5e555c7 g_2ceec8bd9741 g_e5f8cdece4a6 g_96aac4bf0d59 g_fce818975dda g_37f955e29627 g_55dc4d2bd0d7 g_c7ab1279da7c g_dba157c43664 g_8af7e2c47267 g_61b2398d515d g_bb430c52d431 g_14172b566e3e g_9e4dcbe2ed07 g_3bba88a233d2 g_3ac546908be7 g_d85262e03c42 g_4318e3f69720 g_932da5bced66 g_eeac1871fded g_bda6653de3f8 g_8a6731e08c13 g_4e093d64cdb0 g_acb27de8207c g_0e6eb886a136 g_c1e8162e3878 g_2aa313c0b281 g_673cead63302 g_efdc64125061 g_3e0ada624ec1 g_0a556e953785 g_e08691de98f8 g_d50551e660c9 g_517fc156e469 g_6cf0094ac74a g_0808f459cec0 g_d3929af6bb55 g_b641e40b4002 g_75b446a0112e g_4ba39e73c5c0 g_e5ed37578f5e g_ebf5af716393 g_e862932aec2d g_6ec8858d4a9f g_8eba772fe35c g_75e232a570e9 g_d5e67a7d5157 g_f172ad939439 g_d9fafc45f03b g_1a40ebcb441c g_31b1fbb078bf g_8f2f7885bf92 g_9dd316566cf0 g_40742c58b1d2 g_de554e44d62f g_5c9286487ea8 g_f52beabe75e9 g_e0ccdfbf9f00 g_5aa874fa38a6 g_4f905a235c04 g_199f11a29c76 g_1d2b7cf58ad5 g_05849d74cfab g_c14dad25b418 g_e5200cb50906 g_2fc06887012f g_41ab0116bf71 g_5c2076734da4 g_70529e2d5954 g_b9d4c1433954 g_74d453c9a3a7 g_53a52906d129 g_fcc22b630798 g_4e2d730cf5e4 g_f9800f979cd5 g_5b7b3b2f82ba g_027adec2ca24 g_6c43f4574331 g_8a220359326a g_dd27adb09b30 g_d098c0c73946 g_82b941c5f3e6 g_e6ed51489cef g_b453598aa677 g_69e4c78d493f g_ae1499661420 g_09bed28452fd g_c976d1aef8c6 g_36bea42c9e33 g_699eb9607c4e g_e74ee941d3fd g_aa54f58e96ac g_ea2eb3c043ba g_5a62a4d9e8ac g_ee2e34a4305b g_b1c9f787926c g_a8c88c5b2eb5 g_25f027ae1b57 g_b12e42b8cff6
q_b734aca67dc2,g_75e232a570e9 g_517fc156e469 g_c7ab1279da7c g_70529e2d5954 g_8f2f7885bf92 g_2aa313c0b281 g_3ac546908be7 g_c1e8162e3878 g_acb27de8207c g_673cead63302 g_9e4dcbe2ed07 g_8eba772fe35c g_eeac1871fded g_d5e67a7d5157 g_1d2b7cf58ad5 g_05849d74cfab g_e5f8cdece4a6 g_f52beabe75e9 g_d9fafc45f03b g_74d453c9a3a7 g_6ec8858d4a9f g_bda6653de3f8 g_d85262e03c42 g_ebf5af716393 g_96aac4bf0d59 g_fce818975dda g_b641e40b4002 g_b9d4c1433954 g_dd27adb09b30 g_6c43f4574331 g_e08691de98f8 g_efdc64125061 g_0a556e953785 g_e0ccdfbf9f00 g_027adec2ca24 g_3bba88a233d2 g_8af7e2c47267 g_d50551e660c9 g_932da5bced66 g_4318e3f69720 g_de554e44d62f g_699eb9607c4e g_2ceec8bd9741 g_5b7b3b2f82ba g_0808f459cec0 g_53a52906d129 g_8a6731e08c13 g_5aa874fa38a6 g_3e0ada624ec1 g_55dc4d2bd0d7 g_82b941c5f3e6 g_4ba39e73c5c0 g_ee2e34a4305b g_6cf0094ac74a g_c14dad25b418 g_e5ed37578f5e g_5c2076734da4 g_b453598aa677 g_31b1fbb078bf g_c976d1aef8c6 g_41ab0116bf71 g_e5200cb50906 g_fcc22b630798 g_8a220359326a g_1a40ebcb441c g_da61f5e555c7 g_199f11a29c76 g_f172ad939439 g_4e093d64cdb0 g_75b446a0112e g_0e6eb886a136 g_36bea42c9e33 g_d3929af6bb55 g_e862932aec2d g_40742c58b1d2 g_e74ee941d3fd g_2fc06887012f g_14172b566e3e g_573cf52ce2b2 g_4e2d730cf5e4 g_dba157c43664 g_69e4c78d493f g_4f905a235c04 g_ea2eb3c043ba g_37f955e29627 g_9dd316566cf0 g_d098c0c73946 g_ae1499661420 g_5a62a4d9e8ac g_5c9286487ea8 g_09bed28452fd g_61b2398d515d g_bb430c52d431 g_aa54f58e96ac g_e6ed51489cef g_b12e42b8cff6 g_f9800f979cd5 g_25f027ae1b57 g_b1c9f787926c g_a8c88c5b2eb5
q_42448e37e0b0,g_d5e67a7d5157 g_eeac1871fded g_d85262e03c42 g_75e232a570e9 g_5c2076734da4 g_2aa313c0b281 g_3e0ada624ec1 g_acb27de8207c g_4318e3f69720 g_2fc06887012f g_bda6653de3f8 g_3ac546908be7 g_dd27adb09b30 g_b641e40b4002 g_ebf5af716393 g_f52beabe75e9 g_e5f8cdece4a6 g_c1e8162e3878 g_d50551e660c9 g_e08691de98f8 g_8f2f7885bf92 g_d9fafc45f03b g_517fc156e469 g_c7ab1279da7c g_96aac4bf0d59 g_8a6731e08c13 g_6c43f4574331 g_673cead63302 g_4ba39e73c5c0 g_da61f5e555c7 g_55dc4d2bd0d7 g_e5ed37578f5e g_70529e2d5954 g_9e4dcbe2ed07 g_2ceec8bd9741 g_1d2b7cf58ad5 g_14172b566e3e g_5aa874fa38a6 g_40742c58b1d2 g_3bba88a233d2 g_b9d4c1433954 g_e0ccdfbf9f00 g_efdc64125061 g_fce818975dda g_6ec8858d4a9f g_e5200cb50906 g_8af7e2c47267 g_74d453c9a3a7 g_573cf52ce2b2 g_c976d1aef8c6 g_bb430c52d431 g_05849d74cfab g_8eba772fe35c g_d3929af6bb55 g_53a52906d129 g_699eb9607c4e g_932da5bced66 g_1a40ebcb441c g_31b1fbb078bf g_ae1499661420 g_41ab0116bf71 g_5b7b3b2f82ba g_c14dad25b418 g_f172ad939439 g_0a556e953785 g_027adec2ca24 g_de554e44d62f g_0e6eb886a136 g_75b446a0112e g_69e4c78d493f g_61b2398d515d g_199f11a29c76 g_37f955e29627 g_dba157c43664 g_e862932aec2d g_ee2e34a4305b g_e74ee941d3fd g_b453598aa677 g_d098c0c73946 g_4e2d730cf5e4 g_ea2eb3c043ba g_0808f459cec0 g_5c9286487ea8 g_8a220359326a g_4e093d64cdb0 g_9dd316566cf0 g_fcc22b630798 g_36bea42c9e33 g_4f905a235c04 g_e6ed51489cef g_82b941c5f3e6 g_6cf0094ac74a g_09bed28452fd g_aa54f58e96ac g_5a62a4d9e8ac g_f9800f979cd5 g_25f027ae1b57 g_b1c9f787926c g_b12e42b8cff6 g_a8c88c5b2eb5
q_3e06650dec57,g_e5f8cdece4a6 g_96aac4bf0d59 g_2ceec8bd9741 g_14172b566e3e g_da61f5e555c7 g_61b2398d515d g_bb430c52d431 g_573cf52ce2b2 g_c7ab1279da7c g_932da5bced66 g_3bba88a233d2 g_eeac1871fded g_acb27de8207c g_9e4dcbe2ed07 g_fce818975dda g_d50551e660c9 g_dba157c43664 g_8af7e2c47267 g_517fc156e469 g_d85262e03c42 g_bda6653de3f8 g_55dc4d2bd0d7 g_8f2f7885bf92 g_75e232a570e9 g_6cf0094ac74a g_c1e8162e3878 g_0808f459cec0 g_3e0ada624ec1 g_4318e3f69720 g_0e6eb886a136 g_2aa313c0b281 g_b641e40b4002 g_673cead63302 g_d3929af6bb55 g_efdc64125061 g_37f955e29627 g_3ac546908be7 g_8eba772fe35c g_ebf5af716393 g_8a6731e08c13 g_70529e2d5954 g_d5e67a7d5157 g_05849d74cfab g_e08691de98f8 g_f172ad939439 g_f9800f979cd5 g_e5ed37578f5e g_4e093d64cdb0 g_0a556e953785 g_40742c58b1d2 g_6ec8858d4a9f g_f52beabe75e9 g_d9fafc45f03b g_9dd316566cf0 g_027adec2ca24 g_75b446a0112e g_4ba39e73c5c0 g_2fc06887012f g_c14dad25b418 g_e0ccdfbf9f00 g_e862932aec2d g_5aa874fa38a6 g_31b1fbb078bf g_1d2b7cf58ad5 g_6c43f4574331 g_de554e44d62f g_b9d4c1433954 g_dd27adb09b30 g_41ab0116bf71 g_1a40ebcb441c g_e5200cb50906 g_5c2076734da4 g_4f905a235c04 g_fcc22b630798 g_74d453c9a3a7 g_5c9286487ea8 g_b453598aa677 g_5b7b3b2f82ba g_53a52906d129 g_36bea42c9e33 g_ee2e34a4305b g_4e2d730cf5e4 g_69e4c78d493f g_199f11a29c76 g_ae1499661420 g_82b941c5f3e6 g_8a220359326a g_d098c0c73946 g_09bed28452fd g_e74ee941d3fd g_c976d1aef8c6 g_e6ed51489cef g_5a62a4d9e8ac g_699eb9607c4e g_ea2eb3c043ba g_aa54f58e96ac g_b1c9f787926c g_a8c88c5b2eb5 g_b12e42b8cff6 g_25f027ae1b57
q_0f9cd6bd9f54,g_2ceec8bd9741 g_c7ab1279da7c g_96aac4bf0d59 g_e5f8cdece4a6 g_14172b566e3e g_573cf52ce2b2 g_da61f5e555c7 g_fce818975dda g_bb430c52d431 g_eeac1871fded g_61b2398d515d g_3bba88a233d2 g_dba157c43664 g_acb27de8207c g_d3929af6bb55 g_d50551e660c9 g_9e4dcbe2ed07 g_55dc4d2bd0d7 g_932da5bced66 g_6cf0094ac74a g_bda6653de3f8 g_d85262e03c42 g_517fc156e469 g_8af7e2c47267 g_2aa313c0b281 g_8f2f7885bf92 g_c1e8162e3878 g_8a6731e08c13 g_ebf5af716393 g_0a556e953785 g_4e093d64cdb0 g_0808f459cec0 g_75e232a570e9 g_efdc64125061 g_e08691de98f8 g_4318e3f69720 g_3e0ada624ec1 g_3ac546908be7 g_4ba39e73c5c0 g_673cead63302 g_f9800f979cd5 g_d5e67a7d5157 g_b641e40b4002 g_8eba772fe35c g_0e6eb886a136 g_37f955e29627 g_f172ad939439 g_6c43f4574331 g_d9fafc45f03b g_6ec8858d4a9f g_e5ed37578f5e g_027adec2ca24 g_40742c58b1d2 g_05849d74cfab g_9dd316566cf0 g_c14dad25b418 g_f52beabe75e9 g_70529e2d5954 g_5aa874fa38a6 g_31b1fbb078bf g_36bea42c9e33 g_4f905a235c04 g_75b446a0112e g_41ab0116bf71 g_e862932aec2d g_e0ccdfbf9f00 g_b9d4c1433954 g_1d2b7cf58ad5 g_2fc06887012f g_b453598aa677 g_dd27adb09b30 g_de554e44d62f g_5c2076734da4 g_74d453c9a3a7 g_53a52906d129 g_e5200cb50906 g_e74ee941d3fd g_1a40ebcb441c g_fcc22b630798 g_5c9286487ea8 g_5b7b3b2f82ba g_82b941c5f3e6 g_09bed28452fd g_aa54f58e96ac g_4e2d730cf5e4 g_ae1499661420 g_199f11a29c76 g_5a62a4d9e8ac g_ee2e34a4305b g_c976d1aef8c6 g_69e4c78d493f g_699eb9607c4e g_8a220359326a g_e6ed51489cef g_d098c0c73946 g_ea2eb3c043ba g_b1c9f787926c g_a8c88c5b2eb5 g_b12e42b8cff6 g_25f027ae1b57
q_bd94e739d80d,g_699eb9607c4e g_acb27de8207c g_8f2f7885bf92 g_673cead63302 g_d5e67a7d5157 g_05849d74cfab g_b641e40b4002 g_c7ab1279da7c g_0a556e953785 g_027adec2ca24 g_517fc156e469 g_c1e8162e3878 g_3bba88a233d2 g_f52beabe75e9 g_3ac546908be7 g_ebf5af716393 g_d85262e03c42 g_fce818975dda g_2aa313c0b281 g_e5f8cdece4a6 g_bda6653de3f8 g_f172ad939439 g_96aac4bf0d59 g_8a6731e08c13 g_dd27adb09b30 g_2ceec8bd9741 g_1d2b7cf58ad5 g_75e232a570e9 g_3e0ada624ec1 g_55dc4d2bd0d7 g_4318e3f69720 g_0808f459cec0 g_6c43f4574331 g_eeac1871fded g_d50551e660c9 g_d9fafc45f03b g_932da5bced66 g_e5ed37578f5e g_199f11a29c76 g_c14dad25b418 g_8af7e2c47267 g_9e4dcbe2ed07 g_e0ccdfbf9f00 g_74d453c9a3a7 g_4ba39e73c5c0 g_6ec8858d4a9f g_b453598aa677 g_e08691de98f8 g_70529e2d5954 g_5aa874fa38a6 g_c976d1aef8c6 g_5c2076734da4 g_e74ee941d3fd g_b9d4c1433954 g_8a220359326a g_efdc64125061 g_da61f5e555c7 g_14172b566e3e g_53a52906d129 g_40742c58b1d2 g_573cf52ce2b2 g_d3929af6bb55 g_dba157c43664 g_ee2e34a4305b g_69e4c78d493f g_6cf0094ac74a g_4e093d64cdb0 g_2fc06887012f g_de554e44d62f g_36bea42c9e33 g_aa54f58e96ac g_5b7b3b2f82ba g_0e6eb886a136 g_31b1fbb078bf g_fcc22b630798 g_e862932aec2d g_8eba772fe35c g_e5200cb50906 g_1a40ebcb441c g_4f905a235c04 g_ae1499661420 g_4e2d730cf5e4 g_37f955e29627 g_5c9286487ea8 g_75b446a0112e g_ea2eb3c043ba g_41ab0116bf71 g_09bed28452fd g_61b2398d515d g_82b941c5f3e6 g_bb430c52d431 g_d098c0c73946 g_5a62a4d9e8ac g_9dd316566cf0 g_e6ed51489cef g_b12e42b8cff6 g_f9800f979cd5 g_a8c88c5b2eb5 g_b1c9f787926c g_25f027ae1b57
q_8e1114fd705d,g_4318e3f69720 g_517fc156e469 g_eeac1871fded g_bda6653de3f8 g_acb27de8207c g_c7ab1279da7c g_3e0ada624ec1 g_2ceec8bd9741 g_0808f459cec0 g_d5e67a7d5157 g_027adec2ca24 g_932da5bced66 g_fce818975dda g_de554e44d62f g_96aac4bf0d59 g_d50551e660c9 g_c1e8162e3878 g_e5f8cdece4a6 g_8af7e2c47267 g_3bba88a233d2 g_673cead63302 g_2aa313c0b281 g_d85262e03c42 g_8f2f7885bf92 g_3ac546908be7 g_8a6731e08c13 g_dd27adb09b30 g_75e232a570e9 g_5aa874fa38a6 g_b641e40b4002 g_efdc64125061 g_70529e2d5954 g_da61f5e555c7 g_573cf52ce2b2 g_d9fafc45f03b g_1d2b7cf58ad5 g_0a556e953785 g_6c43f4574331 g_55dc4d2bd0d7 g_f172ad939439 g_6cf0094ac74a g_e08691de98f8 g_05849d74cfab g_f52beabe75e9 g_b9d4c1433954 g_9e4dcbe2ed07 g_40742c58b1d2 g_8eba772fe35c g_dba157c43664 g_e0ccdfbf9f00 g_14172b566e3e g_4e093d64cdb0 g_ebf5af716393 g_6ec8858d4a9f g_699eb9607c4e g_c14dad25b418 g_d3929af6bb55 g_8a220359326a g_5c2076734da4 g_74d453c9a3a7 g_61b2398d515d g_bb430c52d431 g_4ba39e73c5c0 g_36bea42c9e33 g_e862932aec2d g_41ab0116bf71 g_53a52906d129 g_31b1fbb078bf g_4f905a235c04 g_e5ed37578f5e g_75b446a0112e g_ee2e34a4305b g_5b7b3b2f82ba g_e74ee941d3fd g_1a40ebcb441c g_2fc06887012f g_0e6eb886a136 g_9dd316566cf0 g_c976d1aef8c6 g_199f11a29c76 g_e5200cb50906 g_b453598aa677 g_09bed28452fd g_ae1499661420 g_37f955e29627 g_fcc22b630798 g_4e2d730cf5e4 g_e6ed51489cef g_82b941c5f3e6 g_5c9286487ea8 g_69e4c78d493f g_d098c0c73946 g_5a62a4d9e8ac g_aa54f58e96ac g_ea2eb3c043ba g_f9800f979cd5 g_b12e42b8cff6 g_b1c9f787926c g_a8c88c5b2eb5 g_25f027ae1b57
q_d30bfe5e1069,g_96aac4bf0d59 g_14172b566e3e g_2ceec8bd9741 g_e5f8cdece4a6 g_da61f5e555c7 g_bb430c52d431 g_61b2398d515d g_fce818975dda g_d85262e03c42 g_c7ab1279da7c g_9e4dcbe2ed07 g_d50551e660c9 g_573cf52ce2b2 g_acb27de8207c g_932da5bced66 g_eeac1871fded g_3bba88a233d2 g_dba157c43664 g_8af7e2c47267 g_c1e8162e3878 g_6cf0094ac74a g_0808f459cec0 g_b641e40b4002 g_3e0ada624ec1 g_2aa313c0b281 g_4318e3f69720 g_517fc156e469 g_40742c58b1d2 g_d3929af6bb55 g_9dd316566cf0 g_bda6653de3f8 g_55dc4d2bd0d7 g_ebf5af716393 g_70529e2d5954 g_efdc64125061 g_8f2f7885bf92 g_05849d74cfab g_75e232a570e9 g_f9800f979cd5 g_3ac546908be7 g_0e6eb886a136 g_027adec2ca24 g_f172ad939439 g_d5e67a7d5157 g_e08691de98f8 g_d9fafc45f03b g_8eba772fe35c g_673cead63302 g_8a6731e08c13 g_37f955e29627 g_e862932aec2d g_41ab0116bf71 g_4ba39e73c5c0 g_31b1fbb078bf g_e5200cb50906 g_0a556e953785 g_c14dad25b418 g_dd27adb09b30 g_6c43f4574331 g_f52beabe75e9 g_5aa874fa38a6 g_1a40ebcb441c g_e5ed37578f5e g_2fc06887012f g_4e093d64cdb0 g_ee2e34a4305b g_6ec8858d4a9f g_b9d4c1433954 g_75b446a0112e g_e0ccdfbf9f00 g_74d453c9a3a7 g_5c9286487ea8 g_1d2b7cf58ad5 g_5c2076734da4 g_de554e44d62f g_4e2d730cf5e4 g_b453598aa677 g_69e4c78d493f g_53a52906d129 g_36bea42c9e33 g_fcc22b630798 g_ae1499661420 g_5b7b3b2f82ba g_4f905a235c04 g_82b941c5f3e6 g_c976d1aef8c6 g_d098c0c73946 g_199f11a29c76 g_e74ee941d3fd g_699eb9607c4e g_e6ed51489cef g_8a220359326a g_ea2eb3c043ba g_09bed28452fd g_5a62a4d9e8ac g_aa54f58e96ac g_b1c9f787926c g_a8c88c5b2eb5 g_25f027ae1b57 g_b12e42b8cff6
q_3a73ebb006fd,g_acb27de8207c g_027adec2ca24 g_2ceec8bd9741 g_c7ab1279da7c g_8f2f7885bf92 g_517fc156e469 g_d5e67a7d5157 g_673cead63302 g_0a556e953785 g_eeac1871fded g_fce818975dda g_3bba88a233d2 g_b641e40b4002 g_bda6653de3f8 g_0808f459cec0 g_96aac4bf0d59 g_05849d74cfab g_e5f8cdece4a6 g_c1e8162e3878 g_3e0ada624ec1 g_932da5bced66 g_d50551e660c9 g_4318e3f69720 g_d85262e03c42 g_8af7e2c47267 g_8a6731e08c13 g_2aa313c0b281 g_55dc4d2bd0d7 g_da61f5e555c7 g_1d2b7cf58ad5 g_3ac546908be7 g_75e232a570e9 g_6c43f4574331 g_ebf5af716393 g_f52beabe75e9 g_f172ad939439 g_c14dad25b418 g_e08691de98f8 g_573cf52ce2b2 g_e5ed37578f5e g_e0ccdfbf9f00 g_dba157c43664 g_6cf0094ac74a g_199f11a29c76 g_4ba39e73c5c0 g_e74ee941d3fd g_699eb9607c4e g_9e4dcbe2ed07 g_d9fafc45f03b g_14172b566e3e g_36bea42c9e33 g_74d453c9a3a7 g_8a220359326a g_dd27adb09b30 g_b453598aa677 g_4e093d64cdb0 g_d3929af6bb55 g_5aa874fa38a6 g_efdc64125061 g_6ec8858d4a9f g_b9d4c1433954 g_70529e2d5954 g_aa54f58e96ac g_c976d1aef8c6 g_53a52906d129 g_4f905a235c04 g_5c2076734da4 g_8eba772fe35c g_e862932aec2d g_bb430c52d431 g_de554e44d62f g_0e6eb886a136 g_61b2398d515d g_2fc06887012f g_69e4c78d493f g_31b1fbb078bf g_ae1499661420 g_09bed28452fd g_40742c58b1d2 g_75b446a0112e g_fcc22b630798 g_ee2e34a4305b g_37f955e29627 g_9dd316566cf0 g_5b7b3b2f82ba g_1a40ebcb441c g_4e2d730cf5e4 g_e5200cb50906 g_41ab0116bf71 g_ea2eb3c043ba g_82b941c5f3e6 g_5c9286487ea8 g_5a62a4d9e8ac g_d098c0c73946 g_e6ed51489cef g_f9800f979cd5 g_b12e42b8cff6 g_a8c88c5b2eb5 g_b1c9f787926c g_25f027ae1b57
q_cc7dee24bf9e,g_4f905a235c04 g_f52beabe75e9 g_d5e67a7d5157 g_b9d4c1433954 g_3ac546908be7 g_d85262e03c42 g_2aa313c0b281 g_5aa874fa38a6 g_d9fafc45f03b g_673cead63302 g_3e0ada624ec1 g_05849d74cfab g_c1e8162e3878 g_c7ab1279da7c g_4318e3f69720 g_b641e40b4002 g_8a6731e08c13 g_517fc156e469 g_75e232a570e9 g_ebf5af716393 g_3bba88a233d2 g_f172ad939439 g_2fc06887012f g_bda6653de3f8 g_699eb9607c4e g_932da5bced66 g_eeac1871fded g_70529e2d5954 g_8f2f7885bf92 g_027adec2ca24 g_9e4dcbe2ed07 g_c14dad25b418 g_40742c58b1d2 g_6c43f4574331 g_e0ccdfbf9f00 g_4ba39e73c5c0 g_74d453c9a3a7 g_8af7e2c47267 g_ae1499661420 g_acb27de8207c g_e08691de98f8 g_fce818975dda g_dd27adb09b30 g_4e2d730cf5e4 g_d3929af6bb55 g_0a556e953785 g_e5f8cdece4a6 g_ee2e34a4305b g_1d2b7cf58ad5 g_199f11a29c76 g_0e6eb886a136 g_31b1fbb078bf g_5c2076734da4 g_53a52906d129 g_ea2eb3c043ba g_573cf52ce2b2 g_2ceec8bd9741 g_e5200cb50906 g_55dc4d2bd0d7 g_6cf0094ac74a g_efdc64125061 g_8a220359326a g_1a40ebcb441c g_96aac4bf0d59 g_36bea42c9e33 g_6ec8858d4a9f g_69e4c78d493f g_d50551e660c9 g_c976d1aef8c6 g_0808f459cec0 g_dba157c43664 g_de554e44d62f g_d098c0c73946 g_e5ed37578f5e g_fcc22b630798 g_41ab0116bf71 g_4e093d64cdb0 g_75b446a0112e g_da61f5e555c7 g_37f955e29627 g_aa54f58e96ac g_b453598aa677 g_5c9286487ea8 g_e74ee941d3fd g_8eba772fe35c g_e862932aec2d g_82b941c5f3e6 g_14172b566e3e g_bb430c52d431 g_09bed28452fd g_5b7b3b2f82ba g_5a62a4d9e8ac g_e6ed51489cef g_a8c88c5b2eb5 g_61b2398d515d g_25f027ae1b57 g_9dd316566cf0 g_b1c9f787926c g_f9800f979cd5 g_b12e42b8cff6
q_a8a3809374f0,g_4318e3f69720 g_eeac1871fded g_bda6653de3f8 g_3e0ada624ec1 g_5aa874fa38a6 g_d5e67a7d5157 g_8a6731e08c13 g_3ac546908be7 g_517fc156e469 g_3bba88a233d2 g_c7ab1279da7c g_673cead63302 g_fce818975dda g_932da5bced66 g_d9fafc45f03b g_2aa313c0b281 g_0808f459cec0 g_f52beabe75e9 g_d85262e03c42 g_c1e8162e3878 g_b9d4c1433954 g_f172ad939439 g_acb27de8207c g_e5f8cdece4a6 g_05849d74cfab g_2ceec8bd9741 g_de554e44d62f g_0a556e953785 g_75e232a570e9 g_55dc4d2bd0d7 g_1d2b7cf58ad5 g_dd27adb09b30 g_70529e2d5954 g_699eb9607c4e g_8af7e2c47267 g_9e4dcbe2ed07 g_573cf52ce2b2 g_e0ccdfbf9f00 g_d50551e660c9 g_6cf0094ac74a g_40742c58b1d2 g_027adec2ca24 g_36bea42c9e33 g_4e093d64cdb0 g_4f905a235c04 g_efdc64125061 g_8f2f7885bf92 g_b641e40b4002 g_8a220359326a g_da61f5e555c7 g_199f11a29c76 g_c14dad25b418 g_74d453c9a3a7 g_ebf5af716393 g_dba157c43664 g_4ba39e73c5c0 g_e08691de98f8 g_6c43f4574331 g_96aac4bf0d59 g_31b1fbb078bf g_75b446a0112e g_6ec8858d4a9f g_53a52906d129 g_ae1499661420 g_0e6eb886a136 g_ee2e34a4305b g_5c2076734da4 g_41ab0116bf71 g_e5200cb50906 g_1a40ebcb441c g_c976d1aef8c6 g_14172b566e3e g_2fc06887012f g_4e2d730cf5e4 g_e862932aec2d g_69e4c78d493f g_e5ed37578f5e g_d3929af6bb55 g_bb430c52d431 g_fcc22b630798 g_8eba772fe35c g_d098c0c73946 g_ea2eb3c043ba g_61b2398d515d g_37f955e29627 g_aa54f58e96ac g_5b7b3b2f82ba g_5a62a4d9e8ac g_b453598aa677 g_e74ee941d3fd g_5c9286487ea8 g_82b941c5f3e6 g_e6ed51489cef g_9dd316566cf0 g_09bed28452fd g_f9800f979cd5 g_a8c88c5b2eb5 g_25f027ae1b57 g_b1c9f787926c g_b12e42b8cff6
q_53c8a5eba7e5,g_61b2398d515d g_bb430c52d431 g_da61f5e555c7 g_96aac4bf0d59 g_2ceec8bd9741 g_e5f8cdece4a6 g_14172b566e3e g_573cf52ce2b2 g_eeac1871fded g_d50551e660c9 g_c7ab1279da7c g_932da5bced66 g_fce818975dda g_d85262e03c42 g_dba157c43664 g_8af7e2c47267 g_9e4dcbe2ed07 g_9dd316566cf0 g_acb27de8207c g_3bba88a233d2 g_55dc4d2bd0d7 g_f9800f979cd5 g_bda6653de3f8 g_6cf0094ac74a g_c1e8162e3878 g_d3929af6bb55 g_517fc156e469 g_efdc64125061 g_0e6eb886a136 g_2aa313c0b281 g_37f955e29627 g_b641e40b4002 g_3e0ada624ec1 g_ebf5af716393 g_75e232a570e9 g_4318e3f69720 g_0808f459cec0 g_8eba772fe35c g_8f2f7885bf92 g_3ac546908be7 g_e08691de98f8 g_70529e2d5954 g_40742c58b1d2 g_2fc06887012f g_673cead63302 g_e5ed37578f5e g_31b1fbb078bf g_8a6731e08c13 g_e862932aec2d g_d9fafc45f03b g_75b446a0112e g_6ec8858d4a9f g_f172ad939439 g_1a40ebcb441c g_d5e67a7d5157 g_c14dad25b418 g_0a556e953785 g_05849d74cfab g_4e093d64cdb0 g_41ab0116bf71 g_e0ccdfbf9f00 g_f52beabe75e9 g_027adec2ca24 g_e5200cb50906 g_6c43f4574331 g_4ba39e73c5c0 g_5aa874fa38a6 g_5c9286487ea8 g_b9d4c1433954 g_dd27adb09b30 g_5c2076734da4 g_74d453c9a3a7 g_de554e44d62f g_1d2b7cf58ad5 g_4e2d730cf5e4 g_fcc22b630798 g_ee2e34a4305b g_b453598aa677 g_4f905a235c04 g_53a52906d129 g_5b7b3b2f82ba g_36bea42c9e33 g_69e4c78d493f g_e6ed51489cef g_ae1499661420 g_82b941c5f3e6 g_d098c0c73946 g_199f11a29c76 g_e74ee941d3fd g_8a220359326a g_c976d1aef8c6 g_09bed28452fd g_ea2eb3c043ba g_5a62a4d9e8ac g_699eb9607c4e g_b1c9f787926c g_aa54f58e96ac g_a8c88c5b2eb5 g_b12e42b8cff6 g_25f027ae1b57
q_d8a752276b86,g_d3929af6bb55 g_2ceec8bd9741 g_fce818975dda g_e5f8cdece4a6 g_d85262e03c42 g_c1e8162e3878 g_c7ab1279da7c g_96aac4bf0d59 g_b641e40b4002 g_3bba88a233d2 g_573cf52ce2b2 g_14172b566e3e g_ebf5af716393 g_3ac546908be7 g_2aa313c0b281 g_9e4dcbe2ed07 g_acb27de8207c g_8a6731e08c13 g_70529e2d5954 g_932da5bced66 g_75e232a570e9 g_dba157c43664 g_da61f5e555c7 g_673cead63302 g_4ba39e73c5c0 g_e08691de98f8 g_517fc156e469 g_d5e67a7d5157 g_efdc64125061 g_55dc4d2bd0d7 g_d9fafc45f03b g_40742c58b1d2 g_6c43f4574331 g_05849d74cfab g_8af7e2c47267 g_d50551e660c9 g_f172ad939439 g_e5200cb50906 g_0e6eb886a136 g_3e0ada624ec1 g_8f2f7885bf92 g_f52beabe75e9 g_1a40ebcb441c g_eeac1871fded g_31b1fbb078bf g_dd27adb09b30 g_8eba772fe35c g_6cf0094ac74a g_bb430c52d431 g_ae1499661420 g_c14dad25b418 g_61b2398d515d g_4e093d64cdb0 g_e0ccdfbf9f00 g_4318e3f69720 g_6ec8858d4a9f g_ee2e34a4305b g_74d453c9a3a7 g_e5ed37578f5e g_41ab0116bf71 g_bda6653de3f8 g_b9d4c1433954 g_5aa874fa38a6 g_e862932aec2d g_5c9286487ea8 g_2fc06887012f g_027adec2ca24 g_37f955e29627 g_4f905a235c04 g_1d2b7cf58ad5 g_69e4c78d493f g_b453598aa677 g_f9800f979cd5 g_0a556e953785 g_53a52906d129 g_4e2d730cf5e4 g_0808f459cec0 g_199f11a29c76 g_82b941c5f3e6 g_75b446a0112e g_fcc22b630798 g_36bea42c9e33 g_c976d1aef8c6 g_699eb9607c4e g_ea2eb3c043ba g_5c2076734da4 g_de554e44d62f g_5b7b3b2f82ba g_e74ee941d3fd g_e6ed51489cef g_d098c0c73946 g_8a220359326a g_aa54f58e96ac g_09bed28452fd g_5a62a4d9e8ac g_9dd316566cf0 g_25f027ae1b57 g_a8c88c5b2eb5 g_b1c9f787926c g_b12e42b8cff6
q_201244c49654,g_3e0ada624ec1 g_75e232a570e9 g_2fc06887012f g_3ac546908be7 g_9e4dcbe2ed07 g_75b446a0112e g_d5e67a7d5157 g_673cead63302 g_b641e40b4002 g_2aa313c0b281 g_e5f8cdece4a6 g_d85262e03c42 g_5aa874fa38a6 g_e0ccdfbf9f00 g_f52beabe75e9 g_eeac1871fded g_c1e8162e3878 g_8f2f7885bf92 g_c7ab1279da7c g_4318e3f69720 g_3bba88a233d2 g_d9fafc45f03b g_55dc4d2bd0d7 g_8a6731e08c13 g_bda6653de3f8 g_ebf5af716393 g_2ceec8bd9741 g_932da5bced66 g_8af7e2c47267 g_05849d74cfab g_0e6eb886a136 g_fce818975dda g_517fc156e469 g_573cf52ce2b2 g_b9d4c1433954 g_acb27de8207c g_74d453c9a3a7 g_efdc64125061 g_d3929af6bb55 g_ae1499661420 g_6c43f4574331 g_e08691de98f8 g_5c2076734da4 g_31b1fbb078bf g_199f11a29c76 g_e5ed37578f5e g_70529e2d5954 g_40742c58b1d2 g_1d2b7cf58ad5 g_4e2d730cf5e4 g_e5200cb50906 g_f172ad939439 g_1a40ebcb441c g_6ec8858d4a9f g_4ba39e73c5c0 g_d50551e660c9 g_4f905a235c04 g_8eba772fe35c g_69e4c78d493f g_53a52906d129 g_dd27adb09b30 g_96aac4bf0d59 g_fcc22b630798 g_0a556e953785 g_699eb9607c4e g_da61f5e555c7 g_dba157c43664 g_c14dad25b418 g_41ab0116bf71 g_ee2e34a4305b g_ea2eb3c043ba g_82b941c5f3e6 g_c976d1aef8c6 g_37f955e29627 g_36bea42c9e33 g_e862932aec2d g_de554e44d62f g_d098c0c73946 g_4e093d64cdb0 g_6cf0094ac74a g_027adec2ca24 g_14172b566e3e g_5c9286487ea8 g_bb430c52d431 g_5b7b3b2f82ba g_b453598aa677 g_8a220359326a g_0808f459cec0 g_e74ee941d3fd g_61b2398d515d g_aa54f58e96ac g_09bed28452fd g_e6ed51489cef g_5a62a4d9e8ac g_9dd316566cf0 g_25f027ae1b57 g_a8c88c5b2eb5 g_f9800f979cd5 g_b1c9f787926c g_b12e42b8cff6
q_5770a492c524,g_f172ad939439 g_fce818975dda g_2ceec8bd9741 g_e5f8cdece4a6 g_8a6731e08c13 g_d85262e03c42 g_3bba88a233d2 g_c7ab1279da7c g_673cead63302 g_d3929af6bb55 g_517fc156e469 g_dba157c43664 g_8f2f7885bf92 g_9e4dcbe2ed07 g_4ba39e73c5c0 g_932da5bced66 g_0a556e953785 g_3ac546908be7 g_b9d4c1433954 g_c1e8162e3878 g_5aa874fa38a6 g_4318e3f69720 g_ebf5af716393 g_05849d74cfab g_bda6653de3f8 g_2aa313c0b281 g_b641e40b4002 g_acb27de8207c g_573cf52ce2b2 g_4e093d64cdb0 g_6cf0094ac74a g_f52beabe75e9 g_4f905a235c04 g_d5e67a7d5157 g_0808f459cec0 g_3e0ada624ec1 g_55dc4d2bd0d7 g_eeac1871fded g_96aac4bf0d59 g_75e232a570e9 g_40742c58b1d2 g_d9fafc45f03b g_0e6eb886a136 g_53a52906d129 g_e0ccdfbf9f00 g_e5200cb50906 g_70529e2d5954 g_1d2b7cf58ad5 g_8a220359326a g_dd27adb09b30 g_e08691de98f8 g_699eb9607c4e g_36bea42c9e33 g_6c43f4574331 g_8af7e2c47267 g_14172b566e3e g_5c9286487ea8 g_efdc64125061 g_b453598aa677 g_69e4c78d493f g_d50551e660c9 g_74d453c9a3a7 g_c14dad25b418 g_41ab0116bf71 g_aa54f58e96ac g_ee2e34a4305b g_de554e44d62f g_da61f5e555c7 g_bb430c52d431 g_1a40ebcb441c g_ae1499661420 g_31b1fbb078bf g_6ec8858d4a9f g_027adec2ca24 g_199f11a29c76 g_4e2d730cf5e4 g_e5ed37578f5e g_37f955e29627 g_75b446a0112e g_61b2398d515d g_fcc22b630798 g_82b941c5f3e6 g_e74ee941d3fd g_ea2eb3c043ba g_5c2076734da4 g_2fc06887012f g_5a62a4d9e8ac g_8eba772fe35c g_e862932aec2d g_d098c0c73946 g_c976d1aef8c6 g_09bed28452fd g_5b7b3b2f82ba g_e6ed51489cef g_f9800f979cd5 g_a8c88c5b2eb5 g_9dd316566cf0 g_25f027ae1b57 g_b12e42b8cff6 g_b1c9f787926c
q_feda76072961,g_eeac1871fded g_4ba39e73c5c0 g_4318e3f69720 g_9e4dcbe2ed07 g_3bba88a233d2 g_8a6731e08c13 g_bda6653de3f8 g_3ac546908be7 g_2ceec8bd9741 g_d5e67a7d5157 g_6cf0094ac74a g_5aa874fa38a6 g_e5f8cdece4a6 g_75e232a570e9 g_3e0ada624ec1 g_ebf5af716393 g_8f2f7885bf92 g_699eb9607c4e g_d50551e660c9 g_fce818975dda g_dba157c43664 g_0a556e953785 g_c7ab1279da7c g_55dc4d2bd0d7 g_0808f459cec0 g_b9d4c1433954 g_f52beabe75e9 g_da61f5e555c7 g_932da5bced66 g_70529e2d5954 g_b641e40b4002 g_d85262e03c42 g_f172ad939439 g_c1e8162e3878 g_2aa313c0b281 g_8af7e2c47267 g_05849d74cfab g_673cead63302 g_573cf52ce2b2 g_517fc156e469 g_4e093d64cdb0 g_acb27de8207c g_d9fafc45f03b g_e0ccdfbf9f00 g_40742c58b1d2 g_1d2b7cf58ad5 g_9dd316566cf0 g_6ec8858d4a9f g_4f905a235c04 g_efdc64125061 g_ee2e34a4305b g_bb430c52d431 g_96aac4bf0d59 g_14172b566e3e g_c14dad25b418 g_de554e44d62f g_dd27adb09b30 g_6c43f4574331 g_8a220359326a g_027adec2ca24 g_e5200cb50906 g_199f11a29c76 g_36bea42c9e33 g_69e4c78d493f g_e5ed37578f5e g_74d453c9a3a7 g_c976d1aef8c6 g_53a52906d129 g_1a40ebcb441c g_31b1fbb078bf g_8eba772fe35c g_0e6eb886a136 g_e08691de98f8 g_ae1499661420 g_41ab0116bf71 g_2fc06887012f g_b453598aa677 g_61b2398d515d g_5c2076734da4 g_fcc22b630798 g_4e2d730cf5e4 g_75b446a0112e g_ea2eb3c043ba g_d3929af6bb55 g_09bed28452fd g_5b7b3b2f82ba g_d098c0c73946 g_5a62a4d9e8ac g_e74ee941d3fd g_e862932aec2d g_82b941c5f3e6 g_5c9286487ea8 g_37f955e29627 g_aa54f58e96ac g_f9800f979cd5 g_a8c88c5b2eb5 g_e6ed51489cef g_25f027ae1b57 g_b12e42b8cff6 g_b1c9f787926c
q_b7edf020b9c0,g_c14dad25b418 g_f52beabe75e9 g_75e232a570e9 g_b9d4c1433954 g_d5e67a7d5157 g_932da5bced66 g_05849d74cfab g_3ac546908be7 g_c7ab1279da7c g_673cead63302 g_5aa874fa38a6 g_c1e8162e3878 g_517fc156e469 g_b641e40b4002 g_2aa313c0b281 g_ee2e34a4305b g_70529e2d5954 g_d9fafc45f03b g_d85262e03c42 g_d50551e660c9 g_699eb9607c4e g_e08691de98f8 g_74d453c9a3a7 g_9e4dcbe2ed07 g_8f2f7885bf92 g_14172b566e3e g_dd27adb09b30 g_e0ccdfbf9f00 g_fce818975dda g_3e0ada624ec1 g_1d2b7cf58ad5 g_4318e3f69720 g_ea2eb3c043ba g_53a52906d129 g_8a6731e08c13 g_5c2076734da4 g_acb27de8207c g_0808f459cec0 g_199f11a29c76 g_6ec8858d4a9f g_6c43f4574331 g_bda6653de3f8 g_4e2d730cf5e4 g_da61f5e555c7 g_d098c0c73946 g_2fc06887012f g_ebf5af716393 g_eeac1871fded g_027adec2ca24 g_e5f8cdece4a6 g_f172ad939439 g_c976d1aef8c6 g_40742c58b1d2 g_8af7e2c47267 g_96aac4bf0d59 g_31b1fbb078bf g_3bba88a233d2 g_4ba39e73c5c0 g_1a40ebcb441c g_4f905a235c04 g_55dc4d2bd0d7 g_e74ee941d3fd g_e5200cb50906 g_69e4c78d493f g_0e6eb886a136 g_efdc64125061 g_ae1499661420 g_8a220359326a g_0a556e953785 g_6cf0094ac74a g_e5ed37578f5e g_2ceec8bd9741 g_de554e44d62f g_fcc22b630798 g_41ab0116bf71 g_82b941c5f3e6 g_d3929af6bb55 g_b453598aa677 g_36bea42c9e33 g_5a62a4d9e8ac g_75b446a0112e g_573cf52ce2b2 g_8eba772fe35c g_5b7b3b2f82ba g_e862932aec2d g_37f955e29627 g_dba157c43664 g_aa54f58e96ac g_5c9286487ea8 g_4e093d64cdb0 g_61b2398d515d g_bb430c52d431 g_e6ed51489cef g_b1c9f787926c g_09bed28452fd g_f9800f979cd5 g_25f027ae1b57 g_9dd316566cf0 g_b12e42b8cff6 g_a8c88c5b2eb5
q_3c17bda58457,g_9e4dcbe2ed07 g_2ceec8bd9741 g_e5f8cdece4a6 g_da61f5e555c7 g_6cf0094ac74a g_fce818975dda g_c7ab1279da7c g_96aac4bf0d59 g_573cf52ce2b2 g_bb430c52d431 g_eeac1871fded g_932da5bced66 g_d85262e03c42 g_dba157c43664 g_3bba88a233d2 g_14172b566e3e g_75e232a570e9 g_8af7e2c47267 g_3e0ada624ec1 g_d3929af6bb55 g_55dc4d2bd0d7 g_0e6eb886a136 g_d50551e660c9 g_8f2f7885bf92 g_c1e8162e3878 g_3ac546908be7 g_4318e3f69720 g_61b2398d515d g_bda6653de3f8 g_efdc64125061 g_517fc156e469 g_0808f459cec0 g_75b446a0112e g_2aa313c0b281 g_673cead63302 g_b641e40b4002 g_ebf5af716393 g_f172ad939439 g_8eba772fe35c g_70529e2d5954 g_acb27de8207c g_e0ccdfbf9f00 g_8a6731e08c13 g_0a556e953785 g_05849d74cfab g_b9d4c1433954 g_31b1fbb078bf g_5aa874fa38a6 g_e5200cb50906 g_e08691de98f8 g_4e093d64cdb0 g_4ba39e73c5c0 g_1a40ebcb441c g_d5e67a7d5157 g_40742c58b1d2 g_f52beabe75e9 g_f9800f979cd5 g_6ec8858d4a9f g_9dd316566cf0 g_e862932aec2d g_2fc06887012f g_c14dad25b418 g_37f955e29627 g_d9fafc45f03b g_b453598aa677 g_de554e44d62f g_e5ed37578f5e g_41ab0116bf71 g_1d2b7cf58ad5 g_6c43f4574331 g_74d453c9a3a7 g_4f905a235c04 g_5c9286487ea8 g_ee2e34a4305b g_fcc22b630798 g_53a52906d129 g_82b941c5f3e6 g_4e2d730cf5e4 g_8a220359326a g_36bea42c9e33 g_199f11a29c76 g_69e4c78d493f g_5c2076734da4 g_027adec2ca24 g_dd27adb09b30 g_d098c0c73946 g_ae1499661420 g_5b7b3b2f82ba g_e6ed51489cef g_699eb9607c4e g_ea2eb3c043ba g_c976d1aef8c6 g_e74ee941d3fd g_5a62a4d9e8ac g_aa54f58e96ac g_09bed28452fd g_a8c88c5b2eb5 g_25f027ae1b57 g_b12e42b8cff6 g_b1c9f787926c
q_ffe618c47945,g_d098c0c73946 g_b9d4c1433954 g_2aa313c0b281 g_3e0ada624ec1 g_d85262e03c42 g_3ac546908be7 g_e5200cb50906 g_ae1499661420 g_75e232a570e9 g_f52beabe75e9 g_e08691de98f8 g_e0ccdfbf9f00 g_74d453c9a3a7 g_5aa874fa38a6 g_5c2076734da4 g_dd27adb09b30 g_69e4c78d493f g_9e4dcbe2ed07 g_41ab0116bf71 g_d9fafc45f03b g_8f2f7885bf92 g_d5e67a7d5157 g_673cead63302 g_6c43f4574331 g_2fc06887012f g_ea2eb3c043ba g_1d2b7cf58ad5 g_40742c58b1d2 g_70529e2d5954 g_4318e3f69720 g_b641e40b4002 g_eeac1871fded g_4ba39e73c5c0 g_3bba88a233d2 g_517fc156e469 g_1a40ebcb441c g_efdc64125061 g_8a6731e08c13 g_4f905a235c04 g_c1e8162e3878 g_bda6653de3f8 g_199f11a29c76 g_05849d74cfab g_4e2d730cf5e4 g_6ec8858d4a9f g_53a52906d129 g_55dc4d2bd0d7 g_932da5bced66 g_c976d1aef8c6 g_ebf5af716393 g_75b446a0112e g_0a556e953785 g_ee2e34a4305b g_e5f8cdece4a6 g_c7ab1279da7c g_e74ee941d3fd g_fcc22b630798 g_fce818975dda g_573cf52ce2b2 g_82b941c5f3e6 g_5b7b3b2f82ba g_8eba772fe35c g_31b1fbb078bf g_699eb9607c4e g_0e6eb886a136 g_8af7e2c47267 g_e5ed37578f5e g_f172ad939439 g_c14dad25b418 g_de554e44d62f g_25f027ae1b57 g_acb27de8207c g_0808f459cec0 g_36bea42c9e33 g_e6ed51489cef g_5c9286487ea8 g_d3929af6bb55 g_d50551e660c9 g_37f955e29627 g_2ceec8bd9741 g_8a220359326a g_aa54f58e96ac g_b453598aa677 g_dba157c43664 g_6cf0094ac74a g_4e093d64cdb0 g_e862932aec2d g_027adec2ca24 g_14172b566e3e g_09bed28452fd g_96aac4bf0d59 g_da61f5e555c7 g_bb430c52d431 g_5a62a4d9e8ac g_b12e42b8cff6 g_b1c9f787926c g_a8c88c5b2eb5 g_9dd316566cf0 g_61b2398d515d g_f9800f979cd5
q_640c8bf05b42,g_d9fafc45f03b g_517fc156e469 g_d5e67a7d5157 g_dd27adb09b30 g_673cead63302 g_f52beabe75e9 g_3ac546908be7 g_2aa313c0b281 g_75e232a570e9 g_e0ccdfbf9f00 g_6ec8858d4a9f g_1d2b7cf58ad5 g_05849d74cfab g_74d453c9a3a7 g_bda6653de3f8 g_70529e2d5954 g_4318e3f69720 g_027adec2ca24 g_c7ab1279da7c g_acb27de8207c g_0808f459cec0 g_c1e8162e3878 g_eeac1871fded g_8a6731e08c13 g_b641e40b4002 g_2ceec8bd9741 g_d85262e03c42 g_6c43f4574331 g_5aa874fa38a6 g_3e0ada624ec1 g_8f2f7885bf92 g_e08691de98f8 g_c14dad25b418 g_932da5bced66 g_b9d4c1433954 g_fcc22b630798 g_d50551e660c9 g_ebf5af716393 g_3bba88a233d2 g_fce818975dda g_ee2e34a4305b g_199f11a29c76 g_e5f8cdece4a6 g_40742c58b1d2 g_0a556e953785 g_699eb9607c4e g_53a52906d129 g_8af7e2c47267 g_efdc64125061 g_de554e44d62f g_55dc4d2bd0d7 g_36bea42c9e33 g_9e4dcbe2ed07 g_96aac4bf0d59 g_e74ee941d3fd g_0e6eb886a136 g_5b7b3b2f82ba g_e5ed37578f5e g_da61f5e555c7 g_5c2076734da4 g_4e2d730cf5e4 g_ae1499661420 g_75b446a0112e g_f172ad939439 g_c976d1aef8c6 g_82b941c5f3e6 g_573cf52ce2b2 g_31b1fbb078bf g_8a220359326a g_5a62a4d9e8ac g_4ba39e73c5c0 g_ea2eb3c043ba g_1a40ebcb441c g_e5200cb50906 g_8eba772fe35c g_e862932aec2d g_d3929af6bb55 g_41ab0116bf71 g_6cf0094ac74a g_14172b566e3e g_69e4c78d493f g_2fc06887012f g_37f955e29627 g_d098c0c73946 g_dba157c43664 g_4e093d64cdb0 g_4f905a235c04 g_61b2398d515d g_09bed28452fd g_aa54f58e96ac g_bb430c52d431 g_b453598aa677 g_9dd316566cf0 g_5c9286487ea8 g_e6ed51489cef g_25f027ae1b57 g_b1c9f787926c g_b12e42b8cff6 g_f9800f979cd5 g_a8c88c5b2eb5
q_b4cb75015bcb,g_dd27adb09b30 g_d9fafc45f03b g_2aa313c0b281 g_d5e67a7d5157 g_517fc156e469 g_3ac546908be7 g_70529e2d5954 g_75e232a570e9 g_c1e8162e3878 g_673cead63302 g_d85262e03c42 g_6ec8858d4a9f g_f52beabe75e9 g_e08691de98f8 g_74d453c9a3a7 g_1d2b7cf58ad5 g_05849d74cfab g_b9d4c1433954 g_ee2e34a4305b g_c7ab1279da7c g_e0ccdfbf9f00 g_40742c58b1d2 g_efdc64125061 g_b641e40b4002 g_5b7b3b2f82ba g_53a52906d129 g_8f2f7885bf92 g_6c43f4574331 g_e74ee941d3fd g_0808f459cec0 g_fce818975dda g_1a40ebcb441c g_8a6731e08c13 g_acb27de8207c g_41ab0116bf71 g_699eb9607c4e g_5aa874fa38a6 g_82b941c5f3e6 g_027adec2ca24 g_e5200cb50906 g_4318e3f69720 g_ebf5af716393 g_bda6653de3f8 g_31b1fbb078bf g_932da5bced66 g_0a556e953785 g_3bba88a233d2 g_9e4dcbe2ed07 g_d098c0c73946 g_ae1499661420 g_69e4c78d493f g_e5f8cdece4a6 g_fcc22b630798 g_eeac1871fded g_3e0ada624ec1 g_2ceec8bd9741 g_f172ad939439 g_8eba772fe35c g_36bea42c9e33 g_de554e44d62f g_5c2076734da4 g_c976d1aef8c6 g_5c9286487ea8 g_199f11a29c76 g_4ba39e73c5c0 g_ea2eb3c043ba g_0e6eb886a136 g_4e2d730cf5e4 g_8a220359326a g_c14dad25b418 g_55dc4d2bd0d7 g_d50551e660c9 g_96aac4bf0d59 g_e5ed37578f5e g_8af7e2c47267 g_e862932aec2d g_75b446a0112e g_6cf0094ac74a g_573cf52ce2b2 g_14172b566e3e g_5a62a4d9e8ac g_da61f5e555c7 g_d3929af6bb55 g_dba157c43664 g_4e093d64cdb0 g_2fc06887012f g_4f905a235c04 g_b453598aa677 g_37f955e29627 g_25f027ae1b57 g_e6ed51489cef g_aa54f58e96ac g_09bed28452fd g_b12e42b8cff6 g_bb430c52d431 g_61b2398d515d g_9dd316566cf0 g_b1c9f787926c g_f9800f979cd5 g_a8c88c5b2eb5
q_2746042453c3,g_6c43f4574331 g_2aa313c0b281 g_bda6653de3f8 g_517fc156e469 g_3ac546908be7 g_d5e67a7d5157 g_f52beabe75e9 g_c7ab1279da7c g_5aa874fa38a6 g_75e232a570e9 g_c1e8162e3878 g_4318e3f69720 g_3e0ada624ec1 g_673cead63302 g_acb27de8207c g_d9fafc45f03b g_d85262e03c42 g_027adec2ca24 g_8f2f7885bf92 g_eeac1871fded g_e08691de98f8 g_b9d4c1433954 g_70529e2d5954 g_1d2b7cf58ad5 g_3bba88a233d2 g_dd27adb09b30 g_fce818975dda g_efdc64125061 g_e5f8cdece4a6 g_573cf52ce2b2 g_5c2076734da4 g_ae1499661420 g_b641e40b4002 g_2ceec8bd9741 g_74d453c9a3a7 g_8a6731e08c13 g_05849d74cfab g_8af7e2c47267 g_0a556e953785 g_6ec8858d4a9f g_699eb9607c4e g_e0ccdfbf9f00 g_d3929af6bb55 g_ebf5af716393 g_55dc4d2bd0d7 g_8eba772fe35c g_9e4dcbe2ed07 g_40742c58b1d2 g_1a40ebcb441c g_e5200cb50906 g_d50551e660c9 g_de554e44d62f g_932da5bced66 g_96aac4bf0d59 g_31b1fbb078bf g_c976d1aef8c6 g_2fc06887012f g_f172ad939439 g_4ba39e73c5c0 g_82b941c5f3e6 g_09bed28452fd g_e5ed37578f5e g_ee2e34a4305b g_0808f459cec0 g_199f11a29c76 g_e862932aec2d g_e74ee941d3fd g_75b446a0112e g_41ab0116bf71 g_53a52906d129 g_c14dad25b418 g_da61f5e555c7 g_69e4c78d493f g_5b7b3b2f82ba g_fcc22b630798 g_4f905a235c04 g_ea2eb3c043ba g_8a220359326a g_14172b566e3e g_d098c0c73946 g_0e6eb886a136 g_b453598aa677 g_4e093d64cdb0 g_4e2d730cf5e4 g_e6ed51489cef g_36bea42c9e33 g_dba157c43664 g_6cf0094ac74a g_bb430c52d431 g_37f955e29627 g_5c9286487ea8 g_b1c9f787926c g_aa54f58e96ac g_61b2398d515d g_5a62a4d9e8ac g_9dd316566cf0 g_b12e42b8cff6 g_25f027ae1b57 g_f9800f979cd5 g_a8c88c5b2eb5
q_b683ea536f2b,g_acb27de8207c g_2ceec8bd9741 g_e5f8cdece4a6 g_96aac4bf0d59 g_fce818975dda g_3bba88a233d2 g_c7ab1279da7c g_517fc156e469 g_d3929af6bb55 g_8a6731e08c13 g_dba157c43664 g_da61f5e555c7 g_bda6653de3f8 g_d85262e03c42 g_14172b566e3e g_932da5bced66 g_b641e40b4002 g_573cf52ce2b2 g_d50551e660c9 g_8f2f7885bf92 g_c1e8162e3878 g_55dc4d2bd0d7 g_8af7e2c47267 g_027adec2ca24 g_4ba39e73c5c0 g_eeac1871fded g_ebf5af716393 g_4e093d64cdb0 g_0a556e953785 g_3e0ada624ec1 g_f172ad939439 g_4318e3f69720 g_6cf0094ac74a g_0808f459cec0 g_61b2398d515d g_673cead63302 g_9e4dcbe2ed07 g_e5ed37578f5e g_bb430c52d431 g_efdc64125061 g_75e232a570e9 g_05849d74cfab g_2aa313c0b281 g_40742c58b1d2 g_6c43f4574331 g_d5e67a7d5157 g_e08691de98f8 g_d9fafc45f03b g_b453598aa677 g_3ac546908be7 g_70529e2d5954 g_8eba772fe35c g_0e6eb886a136 g_dd27adb09b30 g_c14dad25b418 g_5aa874fa38a6 g_f52beabe75e9 g_e862932aec2d g_1d2b7cf58ad5 g_2fc06887012f g_74d453c9a3a7 g_6ec8858d4a9f g_37f955e29627 g_e0ccdfbf9f00 g_de554e44d62f g_4f905a235c04 g_5c9286487ea8 g_b9d4c1433954 g_75b446a0112e g_5c2076734da4 g_9dd316566cf0 g_31b1fbb078bf g_41ab0116bf71 g_36bea42c9e33 g_53a52906d129 g_5b7b3b2f82ba g_09bed28452fd g_fcc22b630798 g_699eb9607c4e g_e5200cb50906 g_69e4c78d493f g_1a40ebcb441c g_199f11a29c76 g_c976d1aef8c6 g_4e2d730cf5e4 g_e74ee941d3fd g_f9800f979cd5 g_82b941c5f3e6 g_8a220359326a g_ee2e34a4305b g_ae1499661420 g_e6ed51489cef g_aa54f58e96ac g_5a62a4d9e8ac g_d098c0c73946 g_ea2eb3c043ba g_b1c9f787926c g_b12e42b8cff6 g_a8c88c5b2eb5 g_25f027ae1b57
q_55553beaac9c,g_acb27de8207c g_c7ab1279da7c g_517fc156e469 g_673cead63302 g_1d2b7cf58ad5 g_3ac546908be7 g_8f2f7885bf92 g_c1e8162e3878 g_027adec2ca24 g_d5e67a7d5157 g_2aa313c0b281 g_d85262e03c42 g_0808f459cec0 g_3bba88a233d2 g_8a6731e08c13 g_05849d74cfab g_d9fafc45f03b g_e0ccdfbf9f00 g_dd27adb09b30 g_fce818975dda g_f52beabe75e9 g_b641e40b4002 g_40742c58b1d2 g_0a556e953785 g_70529e2d5954 g_bda6653de3f8 g_d50551e660c9 g_f172ad939439 g_e08691de98f8 g_3e0ada624ec1 g_75e232a570e9 g_e5f8cdece4a6 g_4318e3f69720 g_6c43f4574331 g_96aac4bf0d59 g_55dc4d2bd0d7 g_2ceec8bd9741 g_699eb9607c4e g_efdc64125061 g_932da5bced66 g_b9d4c1433954 g_5aa874fa38a6 g_74d453c9a3a7 g_e5ed37578f5e g_8a220359326a g_8af7e2c47267 g_199f11a29c76 g_4ba39e73c5c0 g_53a52906d129 g_eeac1871fded g_31b1fbb078bf g_6ec8858d4a9f g_9e4dcbe2ed07 g_e74ee941d3fd g_c976d1aef8c6 g_69e4c78d493f g_ee2e34a4305b g_41ab0116bf71 g_ae1499661420 g_36bea42c9e33 g_e5200cb50906 g_de554e44d62f g_c14dad25b418 g_1a40ebcb441c g_ebf5af716393 g_573cf52ce2b2 g_da61f5e555c7 g_e862932aec2d g_4e093d64cdb0 g_8eba772fe35c g_5c2076734da4 g_aa54f58e96ac g_fcc22b630798 g_14172b566e3e g_5b7b3b2f82ba g_0e6eb886a136 g_5c9286487ea8 g_82b941c5f3e6 g_6cf0094ac74a g_d3929af6bb55 g_b453598aa677 g_dba157c43664 g_75b446a0112e g_e6ed51489cef g_4f905a235c04 g_2fc06887012f g_4e2d730cf5e4 g_37f955e29627 g_ea2eb3c043ba g_09bed28452fd g_61b2398d515d g_bb430c52d431 g_d098c0c73946 g_5a62a4d9e8ac g_9dd316566cf0 g_b12e42b8cff6 g_b1c9f787926c g_25f027ae1b57 g_f9800f979cd5 g_a8c88c5b2eb5
q_fd58c4267003,g_3ac546908be7 g_d5e67a7d5157 g_2aa313c0b281 g_1d2b7cf58ad5 g_673cead63302 g_75e232a570e9 g_d9fafc45f03b g_e0ccdfbf9f00 g_8f2f7885bf92 g_f52beabe75e9 g_dd27adb09b30 g_c976d1aef8c6 g_74d453c9a3a7 g_6ec8858d4a9f g_e08691de98f8 g_699eb9607c4e g_c1e8162e3878 g_e74ee941d3fd g_517fc156e469 g_199f11a29c76 g_e5ed37578f5e g_5c2076734da4 g_eeac1871fded g_6c43f4574331 g_c7ab1279da7c g_4ba39e73c5c0 g_b641e40b4002 g_acb27de8207c g_9e4dcbe2ed07 g_05849d74cfab g_0a556e953785 g_ae1499661420 g_5b7b3b2f82ba g_53a52906d129 g_d85262e03c42 g_ebf5af716393 g_8a6731e08c13 g_70529e2d5954 g_1a40ebcb441c g_55dc4d2bd0d7 g_8a220359326a g_4318e3f69720 g_efdc64125061 g_3bba88a233d2 g_c14dad25b418 g_de554e44d62f g_b9d4c1433954 g_0e6eb886a136 g_e5f8cdece4a6 g_fce818975dda g_ea2eb3c043ba g_fcc22b630798 g_2fc06887012f g_31b1fbb078bf g_bda6653de3f8 g_5aa874fa38a6 g_69e4c78d493f g_0808f459cec0 g_d50551e660c9 g_027adec2ca24 g_3e0ada624ec1 g_ee2e34a4305b g_8af7e2c47267 g_36bea42c9e33 g_2ceec8bd9741 g_e5200cb50906 g_40742c58b1d2 g_b453598aa677 g_75b446a0112e g_d098c0c73946 g_09bed28452fd g_82b941c5f3e6 g_8eba772fe35c g_573cf52ce2b2 g_aa54f58e96ac g_dba157c43664 g_4e2d730cf5e4 g_932da5bced66 g_e862932aec2d g_da61f5e555c7 g_96aac4bf0d59 g_37f955e29627 g_f172ad939439 g_4e093d64cdb0 g_41ab0116bf71 g_6cf0094ac74a g_d3929af6bb55 g_14172b566e3e g_5c9286487ea8 g_4f905a235c04 g_e6ed51489cef g_9dd316566cf0 g_bb430c52d431 g_b12e42b8cff6 g_5a62a4d9e8ac g_61b2398d515d g_25f027ae1b57 g_b1c9f787926c g_f9800f979cd5 g_a8c88c5b2eb5
q_86003f48baec,g_573cf52ce2b2 g_e5f8cdece4a6 g_96aac4bf0d59 g_3bba88a233d2 g_55dc4d2bd0d7 g_14172b566e3e g_8a6731e08c13 g_2ceec8bd9741 g_4ba39e73c5c0 g_acb27de8207c g_da61f5e555c7 g_9e4dcbe2ed07 g_fce818975dda g_d5e67a7d5157 g_eeac1871fded g_d85262e03c42 g_2aa313c0b281 g_ebf5af716393 g_d3929af6bb55 g_d50551e660c9 g_75e232a570e9 g_e5ed37578f5e g_bb430c52d431 g_c7ab1279da7c g_3ac546908be7 g_dba157c43664 g_c1e8162e3878 g_8f2f7885bf92 g_3e0ada624ec1 g_37f955e29627 g_673cead63302 g_bda6653de3f8 g_0a556e953785 g_b641e40b4002 g_517fc156e469 g_4e093d64cdb0 g_e08691de98f8 g_4318e3f69720 g_f172ad939439 g_f52beabe75e9 g_61b2398d515d g_d9fafc45f03b g_8af7e2c47267 g_efdc64125061 g_0e6eb886a136 g_40742c58b1d2 g_6c43f4574331 g_6ec8858d4a9f g_932da5bced66 g_2fc06887012f g_05849d74cfab g_74d453c9a3a7 g_1d2b7cf58ad5 g_5c2076734da4 g_5aa874fa38a6 g_e0ccdfbf9f00 g_dd27adb09b30 g_699eb9607c4e g_b9d4c1433954 g_75b446a0112e g_b453598aa677 g_c14dad25b418 g_4f905a235c04 g_31b1fbb078bf g_6cf0094ac74a g_de554e44d62f g_53a52906d129 g_027adec2ca24 g_199f11a29c76 g_ae1499661420 g_70529e2d5954 g_0808f459cec0 g_36bea42c9e33 g_e862932aec2d g_8eba772fe35c g_41ab0116bf71 g_fcc22b630798 g_e5200cb50906 g_c976d1aef8c6 g_5c9286487ea8 g_09bed28452fd g_1a40ebcb441c g_69e4c78d493f g_8a220359326a g_aa54f58e96ac g_9dd316566cf0 g_5b7b3b2f82ba g_e74ee941d3fd g_4e2d730cf5e4 g_82b941c5f3e6 g_f9800f979cd5 g_e6ed51489cef g_ea2eb3c043ba g_ee2e34a4305b g_d098c0c73946 g_5a62a4d9e8ac g_a8c88c5b2eb5 g_b1c9f787926c g_b12e42b8cff6 g_25f027ae1b57
q_336ae774051b,g_c7ab1279da7c g_fce818975dda g_3ac546908be7 g_d85262e03c42 g_8a6731e08c13 g_2ceec8bd9741 g_673cead63302 g_ebf5af716393 g_0a556e953785 g_5c9286487ea8 g_f172ad939439 g_4ba39e73c5c0 g_3bba88a233d2 g_c1e8162e3878 g_dba157c43664 g_e5f8cdece4a6 g_55dc4d2bd0d7 g_932da5bced66 g_9e4dcbe2ed07 g_acb27de8207c g_4e093d64cdb0 g_b641e40b4002 g_8f2f7885bf92 g_2aa313c0b281 g_e08691de98f8 g_573cf52ce2b2 g_1d2b7cf58ad5 g_f52beabe75e9 g_d3929af6bb55 g_8af7e2c47267 g_05849d74cfab g_75e232a570e9 g_6cf0094ac74a g_53a52906d129 g_699eb9607c4e g_0e6eb886a136 g_96aac4bf0d59 g_517fc156e469 g_5aa874fa38a6 g_b453598aa677 g_1a40ebcb441c g_b9d4c1433954 g_e0ccdfbf9f00 g_d5e67a7d5157 g_e5200cb50906 g_199f11a29c76 g_efdc64125061 g_4f905a235c04 g_bda6653de3f8 g_31b1fbb078bf g_0808f459cec0 g_6ec8858d4a9f g_e5ed37578f5e g_de554e44d62f g_dd27adb09b30 g_8a220359326a g_69e4c78d493f g_6c43f4574331 g_14172b566e3e g_c14dad25b418 g_3e0ada624ec1 g_5c2076734da4 g_eeac1871fded g_aa54f58e96ac g_40742c58b1d2 g_d9fafc45f03b g_4e2d730cf5e4 g_4318e3f69720 g_41ab0116bf71 g_70529e2d5954 g_c976d1aef8c6 g_027adec2ca24 g_da61f5e555c7 g_d50551e660c9 g_e74ee941d3fd g_74d453c9a3a7 g_ee2e34a4305b g_37f955e29627 g_5b7b3b2f82ba g_ae1499661420 g_ea2eb3c043ba g_36bea42c9e33 g_82b941c5f3e6 g_e862932aec2d g_8eba772fe35c g_fcc22b630798 g_2fc06887012f g_75b446a0112e g_bb430c52d431 g_09bed28452fd g_d098c0c73946 g_5a62a4d9e8ac g_61b2398d515d g_e6ed51489cef g_f9800f979cd5 g_9dd316566cf0 g_25f027ae1b57 g_b1c9f787926c g_b12e42b8cff6 g_a8c88c5b2eb5
q_554060d3e404,g_2aa313c0b281 g_3ac546908be7 g_e08691de98f8 g_d85262e03c42 g_74d453c9a3a7 g_e5200cb50906 g_d9fafc45f03b g_4e2d730cf5e4 g_c1e8162e3878 g_40742c58b1d2 g_ae1499661420 g_e0ccdfbf9f00 g_41ab0116bf71 g_f52beabe75e9 g_70529e2d5954 g_0e6eb886a136 g_ebf5af716393 g_05849d74cfab g_1a40ebcb441c g_d098c0c73946 g_4f905a235c04 g_b9d4c1433954 g_9e4dcbe2ed07 g_31b1fbb078bf g_69e4c78d493f g_6ec8858d4a9f g_c7ab1279da7c g_ea2eb3c043ba g_8af7e2c47267 g_673cead63302 g_8a6731e08c13 g_75e232a570e9 g_53a52906d129 g_efdc64125061 g_0a556e953785 g_82b941c5f3e6 g_1d2b7cf58ad5 g_dd27adb09b30 g_8f2f7885bf92 g_932da5bced66 g_199f11a29c76 g_d5e67a7d5157 g_4ba39e73c5c0 g_b641e40b4002 g_5c9286487ea8 g_fce818975dda g_e5f8cdece4a6 g_2fc06887012f g_3bba88a233d2 g_573cf52ce2b2 g_f172ad939439 g_6c43f4574331 g_5aa874fa38a6 g_e862932aec2d g_e5ed37578f5e g_75b446a0112e g_ee2e34a4305b g_55dc4d2bd0d7 g_8eba772fe35c g_517fc156e469 g_eeac1871fded g_36bea42c9e33 g_5c2076734da4 g_5b7b3b2f82ba g_2ceec8bd9741 g_bda6653de3f8 g_027adec2ca24 g_4318e3f69720 g_dba157c43664 g_c14dad25b418 g_fcc22b630798 g_d3929af6bb55 g_acb27de8207c g_e74ee941d3fd g_0808f459cec0 g_8a220359326a g_25f027ae1b57 g_da61f5e555c7 g_c976d1aef8c6 g_d50551e660c9 g_de554e44d62f g_96aac4bf0d59 g_4e093d64cdb0 g_aa54f58e96ac g_37f955e29627 g_e6ed51489cef g_14172b566e3e g_3e0ada624ec1 g_699eb9607c4e g_bb430c52d431 g_6cf0094ac74a g_b453598aa677 g_09bed28452fd g_5a62a4d9e8ac g_61b2398d515d g_b1c9f787926c g_b12e42b8cff6 g_a8c88c5b2eb5 g_9dd316566cf0 g_f9800f979cd5
q_35e5b99d921d,g_d58135ca2500 g_27c6695f43b4 g_6afaaa245b15 g_4d6776380fd9 g_4e7e5eeb3e63 g_f908fb6beecc g_5c1c28e9e6c4 g_da4d95302db1 g_fc0f65e3c658 g_625d957dcf4e g_8f00f3e70789 g_a6cd623d0c06 g_b1b836a77a5c g_7fef21054c44 g_a9cca1b01ddf g_c3b5ac129f4b g_5f11386408d3 g_420ea4ac237b g_0e3f78067b3d g_2ac31f834a9a g_6ec194dd9de7 g_2b36fdf4b5db g_1fdc6f14c03f g_9056fa1e395d g_0ea024ac357a g_f270e9aa5b4c g_4202e8ab28bc g_80524edfa56b g_8deb9d8b2ced g_a66ca8859c39 g_030bf5370d6f g_35fc0a8100b2 g_460cd048abc0 g_dab84955fdda g_d7bd864b93b4 g_49794c4d3e67 g_b82ede4f7084 g_880187c17066 g_d9fcdd56da10 g_0ac82d7f9d83
q_3cedbdbcd6b6,g_8f00f3e70789 g_4202e8ab28bc g_4e7e5eeb3e63 g_d58135ca2500 g_7fef21054c44 g_6afaaa245b15 g_b82ede4f7084 g_6ec194dd9de7 g_420ea4ac237b g_fc0f65e3c658 g_1fdc6f14c03f g_4d6776380fd9 g_b1b836a77a5c g_f270e9aa5b4c g_80524edfa56b g_0e3f78067b3d g_27c6695f43b4 g_5c1c28e9e6c4 g_0ea024ac357a g_625d957dcf4e g_dab84955fdda g_a9cca1b01ddf g_5f11386408d3 g_9056fa1e395d g_2ac31f834a9a g_d9fcdd56da10 g_35fc0a8100b2 g_d7bd864b93b4 g_2b36fdf4b5db g_f908fb6beecc g_8deb9d8b2ced g_a6cd623d0c06 g_c3b5ac129f4b g_a66ca8859c39 g_da4d95302db1 g_0ac82d7f9d83 g_460cd048abc0 g_880187c17066 g_030bf5370d6f g_49794c4d3e67
q_8434f9737bad,g_b82ede4f7084 g_9056fa1e395d g_6afaaa245b15 g_6ec194dd9de7 g_7fef21054c44 g_2ac31f834a9a g_80524edfa56b g_8deb9d8b2ced g_625d957dcf4e g_5f11386408d3 g_4d6776380fd9 g_4202e8ab28bc g_b1b836a77a5c g_27c6695f43b4 g_d58135ca2500 g_8f00f3e70789 g_a9cca1b01ddf g_a66ca8859c39 g_f908fb6beecc g_35fc0a8100b2 g_2b36fdf4b5db g_0ea024ac357a g_d9fcdd56da10 g_460cd048abc0 g_4e7e5eeb3e63 g_5c1c28e9e6c4 g_0e3f78067b3d g_dab84955fdda g_1fdc6f14c03f g_a6cd623d0c06 g_f270e9aa5b4c g_d7bd864b93b4 g_fc0f65e3c658 g_420ea4ac237b g_49794c4d3e67 g_0ac82d7f9d83 g_880187c17066 g_030bf5370d6f g_c3b5ac129f4b g_da4d95302db1
q_578a6d675849,g_b1b836a77a5c g_7fef21054c44 g_6ec194dd9de7 g_d7bd864b93b4 g_35fc0a8100b2 g_4202e8ab28bc g_420ea4ac237b g_4e7e5eeb3e63 g_6afaaa245b15 g_27c6695f43b4 g_0ea024ac357a g_8f00f3e70789 g_d58135ca2500 g_f270e9aa5b4c g_80524edfa56b g_fc0f65e3c658 g_9056fa1e395d g_a9cca1b01ddf g_4d6776380fd9 g_5f11386408d3 g_460cd048abc0 g_625d957dcf4e g_dab84955fdda g_0e3f78067b3d g_b82ede4f7084 g_c3b5ac129f4b g_5c1c28e9e6c4 g_1fdc6f14c03f g_0ac82d7f9d83 g_2b36fdf4b5db g_2ac31f834a9a g_f908fb6beecc g_a6cd623d0c06 g_a66ca8859c39 g_8deb9d8b2ced g_d9fcdd56da10 g_da4d95302db1 g_49794c4d3e67 g_030bf5370d6f g_880187c17066
q_0002ff67052c,g_a66ca8859c39 g_d9fcdd56da10 g_d7bd864b93b4 g_8f00f3e70789 g_0ac82d7f9d83 g_7fef21054c44 g_4e7e5eeb3e63 g_dab84955fdda g_b82ede4f7084 g_27c6695f43b4 g_4d6776380fd9 g_d58135ca2500 g_4202e8ab28bc g_80524edfa56b g_6afaaa245b15 g_625d957dcf4e g_0ea024ac357a g_880187c17066 g_0e3f78067b3d g_2b36fdf4b5db g_a9cca1b01ddf g_5c1c28e9e6c4 g_1fdc6f14c03f g_460cd048abc0 g_b1b836a77a5c g_fc0f65e3c658 g_f270e9aa5b4c g_8deb9d8b2ced g_a6cd623d0c06 g_420ea4ac237b g_9056fa1e395d g_f908fb6beecc g_5f11386408d3 g_6ec194dd9de7 g_030bf5370d6f g_35fc0a8100b2 g_2ac31f834a9a g_da4d95302db1 g_c3b5ac129f4b g_49794c4d3e67
q_0838501fc86d,g_27c6695f43b4 g_d58135ca2500 g_7fef21054c44 g_2b36fdf4b5db g_4d6776380fd9 g_a66ca8859c39 g_460cd048abc0 g_6afaaa245b15 g_5c1c28e9e6c4 g_8f00f3e70789 g_4e7e5eeb3e63 g_0e3f78067b3d g_d9fcdd56da10 g_4202e8ab28bc g_9056fa1e395d g_625d957dcf4e g_d7bd864b93b4 g_1fdc6f14c03f g_80524edfa56b g_0ac82d7f9d83 g_dab84955fdda g_b82ede4f7084 g_fc0f65e3c658 g_a9cca1b01ddf g_f908fb6beecc g_49794c4d3e67 g_6ec194dd9de7 g_c3b5ac129f4b g_880187c17066 g_f270e9aa5b4c g_a6cd623d0c06 g_b1b836a77a5c g_5f11386408d3 g_2ac31f834a9a g_0ea024ac357a g_420ea4ac237b g_8deb9d8b2ced g_da4d95302db1 g_030bf5370d6f g_35fc0a8100b2
q_5e9c5e005801,g_b1b836a77a5c g_b82ede4f7084 g_35fc0a8100b2 g_6ec194dd9de7 g_4202e8ab28bc g_7fef21054c44 g_420ea4ac237b g_80524edfa56b g_4e7e5eeb3e63 g_0ea024ac357a g_8f00f3e70789 g_f270e9aa5b4c g_d58135ca2500 g_fc0f65e3c658 g_2ac31f834a9a g_d7bd864b93b4 g_6afaaa245b15 g_8deb9d8b2ced g_625d957dcf4e g_5f11386408d3 g_9056fa1e395d g_a9cca1b01ddf g_4d6776380fd9 g_dab84955fdda g_460cd048abc0 g_5c1c28e9e6c4 g_a6cd623d0c06 g_c3b5ac129f4b g_0e3f78067b3d g_f908fb6beecc g_1fdc6f14c03f g_d9fcdd56da10 g_030bf5370d6f g_27c6695f43b4 g_2b36fdf4b5db g_0ac82d7f9d83 g_49794c4d3e67 g_a66ca8859c39 g_da4d95302db1 g_880187c17066
q_cd099aa46ccb,g_f270e9aa5b4c g_8f00f3e70789 g_6afaaa245b15 g_4202e8ab28bc g_a9cca1b01ddf g_5f11386408d3 g_80524edfa56b g_b82ede4f7084 g_6ec194dd9de7 g_0ea024ac357a g_7fef21054c44 g_4e7e5eeb3e63 g_4d6776380fd9 g_d7bd864b93b4 g_a6cd623d0c06 g_2ac31f834a9a g_35fc0a8100b2 g_a66ca8859c39 g_b1b836a77a5c g_1fdc6f14c03f g_460cd048abc0 g_9056fa1e395d g_0e3f78067b3d g_27c6695f43b4 g_d58135ca2500 g_dab84955fdda g_f908fb6beecc g_625d957dcf4e g_d9fcdd56da10 g_5c1c28e9e6c4 g_8deb9d8b2ced g_fc0f65e3c658 g_da4d95302db1 g_2b36fdf4b5db g_0ac82d7f9d83 g_c3b5ac129f4b g_030bf5370d6f g_420ea4ac237b g_880187c17066 g_49794c4d3e67
q_de36c99c34dc,g_a66ca8859c39 g_9056fa1e395d g_6afaaa245b15 g_4d6776380fd9 g_8f00f3e70789 g_27c6695f43b4 g_80524edfa56b g_2b36fdf4b5db g_d9fcdd56da10 g_880187c17066 g_4202e8ab28bc g_460cd048abc0 g_0e3f78067b3d g_5f11386408d3 g_d7bd864b93b4 g_b82ede4f7084 g_d58135ca2500 g_4e7e5eeb3e63 g_f908fb6beecc g_7fef21054c44 g_2ac31f834a9a g_dab84955fdda g_6ec194dd9de7 g_625d957dcf4e g_0ac82d7f9d83 g_a9cca1b01ddf g_8deb9d8b2ced g_b1b836a77a5c g_a6cd623d0c06 g_1fdc6f14c03f g_5c1c28e9e6c4 g_35fc0a8100b2 g_0ea024ac357a g_030bf5370d6f g_49794c4d3e67 g_f270e9aa5b4c g_c3b5ac129f4b g_fc0f65e3c658 g_420ea4ac237b g_da4d95302db1
q_da80d62b2f4f,g_4202e8ab28bc g_4e7e5eeb3e63 g_6afaaa245b15 g_9056fa1e395d g_8f00f3e70789 g_80524edfa56b g_d58135ca2500 g_a9cca1b01ddf g_4d6776380fd9 g_1fdc6f14c03f g_6ec194dd9de7 g_f270e9aa5b4c g_27c6695f43b4 g_5f11386408d3 g_b82ede4f7084 g_d9fcdd56da10 g_dab84955fdda g_0e3f78067b3d g_2ac31f834a9a g_5c1c28e9e6c4 g_2b36fdf4b5db g_fc0f65e3c658 g_b1b836a77a5c g_625d957dcf4e g_7fef21054c44 g_8deb9d8b2ced g_f908fb6beecc g_0ea024ac357a g_460cd048abc0 g_35fc0a8100b2 g_0ac82d7f9d83 g_da4d95302db1 g_a6cd623d0c06 g_030bf5370d6f g_d7bd864b93b4 g_a66ca8859c39 g_420ea4ac237b g_880187c17066 g_49794c4d3e67 g_c3b5ac129f4b
q_e7478bed9eae,g_a66ca8859c39 g_6afaaa245b15 g_80524edfa56b g_0ac82d7f9d83 g_4d6776380fd9 g_f908fb6beecc g_dab84955fdda g_9056fa1e395d g_8deb9d8b2ced g_d58135ca2500 g_27c6695f43b4 g_d9fcdd56da10 g_2b36fdf4b5db g_460cd048abc0 g_8f00f3e70789 g_4e7e5eeb3e63 g_1fdc6f14c03f g_5c1c28e9e6c4 g_d7bd864b93b4 g_4202e8ab28bc g_a6cd623d0c06 g_030bf5370d6f g_625d957dcf4e g_7fef21054c44 g_5f11386408d3 g_c3b5ac129f4b g_fc0f65e3c658 g_0e3f78067b3d g_35fc0a8100b2 g_b1b836a77a5c g_f270e9aa5b4c g_b82ede4f7084 g_0ea024ac357a g_a9cca1b01ddf g_2ac31f834a9a g_6ec194dd9de7 g_420ea4ac237b g_880187c17066 g_da4d95302db1 g_49794c4d3e67
q_0e408ab46e0c,g_27c6695f43b4 g_9056fa1e395d g_4202e8ab28bc g_7fef21054c44 g_6ec194dd9de7 g_8f00f3e70789 g_4e7e5eeb3e63 g_6afaaa245b15 g_d58135ca2500 g_b82ede4f7084 g_4d6776380fd9 g_a9cca1b01ddf g_2ac31f834a9a g_5f11386408d3 g_d9fcdd56da10 g_80524edfa56b g_5c1c28e9e6c4 g_1fdc6f14c03f g_625d957dcf4e g_2b36fdf4b5db g_0e3f78067b3d g_f270e9aa5b4c g_b1b836a77a5c g_0ac82d7f9d83 g_8deb9d8b2ced g_35fc0a8100b2 g_fc0f65e3c658 g_460cd048abc0 g_0ea024ac357a g_dab84955fdda g_a6cd623d0c06 g_a66ca8859c39 g_f908fb6beecc g_da4d95302db1 g_d7bd864b93b4 g_49794c4d3e67 g_420ea4ac237b g_880187c17066 g_c3b5ac129f4b g_030bf5370d6f
q_4662d4dd9eb9,g_7fef21054c44 g_d58135ca2500 g_27c6695f43b4 g_6afaaa245b15 g_8f00f3e70789 g_625d957dcf4e g_5c1c28e9e6c4 g_2b36fdf4b5db g_4d6776380fd9 g_4202e8ab28bc g_4e7e5eeb3e63 g_0e3f78067b3d g_b1b836a77a5c g_1fdc6f14c03f g_9056fa1e395d g_fc0f65e3c658 g_a9cca1b01ddf g_f908fb6beecc g_6ec194dd9de7 g_d7bd864b93b4 g_b82ede4f7084 g_460cd048abc0 g_d9fcdd56da10 g_80524edfa56b g_2ac31f834a9a g_420ea4ac237b g_a66ca8859c39 g_c3b5ac129f4b g_dab84955fdda g_0ea024ac357a g_5f11386408d3 g_a6cd623d0c06 g_f270e9aa5b4c g_880187c17066 g_35fc0a8100b2 g_8deb9d8b2ced g_49794c4d3e67 g_0ac82d7f9d83 g_030bf5370d6f g_da4d95302db1
q_0a39c10a3e54,g_6ec194dd9de7 g_b1b836a77a5c g_7fef21054c44 g_35fc0a8100b2 g_420ea4ac237b g_d7bd864b93b4 g_fc0f65e3c658 g_8f00f3e70789 g_0ea024ac357a g_b82ede4f7084 g_d9fcdd56da10 g_4e7e5eeb3e63 g_4202e8ab28bc g_f270e9aa5b4c g_460cd048abc0 g_9056fa1e395d g_d58135ca2500 g_dab84955fdda g_a9cca1b01ddf g_80524edfa56b g_2ac31f834a9a g_625d957dcf4e g_8deb9d8b2ced g_4d6776380fd9 g_5f11386408d3 g_1fdc6f14c03f g_6afaaa245b15 g_5c1c28e9e6c4 g_c3b5ac129f4b g_0e3f78067b3d g_27c6695f43b4 g_a6cd623d0c06 g_0ac82d7f9d83 g_2b36fdf4b5db g_a66ca8859c39 g_f908fb6beecc g_49794c4d3e67 g_da4d95302db1 g_030bf5370d6f g_880187c17066
q_5d18212e700c,g_6ec194dd9de7 g_a9cca1b01ddf g_5f11386408d3 g_b1b836a77a5c g_b82ede4f7084 g_2ac31f834a9a g_7fef21054c44 g_8f00f3e70789 g_0ea024ac357a g_4e7e5eeb3e63 g_d58135ca2500 g_6afaaa245b15 g_80524edfa56b g_27c6695f43b4 g_8deb9d8b2ced g_f270e9aa5b4c g_625d957dcf4e g_4202e8ab28bc g_f908fb6beecc g_dab84955fdda g_1fdc6f14c03f g_35fc0a8100b2 g_4d6776380fd9 g_420ea4ac237b g_a66ca8859c39 g_9056fa1e395d g_fc0f65e3c658 g_a6cd623d0c06 g_d7bd864b93b4 g_0e3f78067b3d g_49794c4d3e67 g_d9fcdd56da10 g_460cd048abc0 g_5c1c28e9e6c4 g_da4d95302db1 g_2b36fdf4b5db g_0ac82d7f9d83 g_c3b5ac129f4b g_030bf5370d6f g_880187c17066
q_33d7a0ecab6b,g_0ea024ac357a g_d58135ca2500 g_6ec194dd9de7 g_7fef21054c44 g_420ea4ac237b g_b1b836a77a5c g_b82ede4f7084 g_f908fb6beecc g_4202e8ab28bc g_fc0f65e3c658 g_8f00f3e70789 g_6afaaa245b15 g_dab84955fdda g_d9fcdd56da10 g_5f11386408d3 g_1fdc6f14c03f g_0e3f78067b3d g_35fc0a8100b2 g_80524edfa56b g_9056fa1e395d g_27c6695f43b4 g_625d957dcf4e g_d7bd864b93b4 g_f270e9aa5b4c g_a9cca1b01ddf g_4d6776380fd9 g_2ac31f834a9a g_a6cd623d0c06 g_4e7e5eeb3e63 g_c3b5ac129f4b g_5c1c28e9e6c4 g_2b36fdf4b5db g_8deb9d8b2ced g_0ac82d7f9d83 g_a66ca8859c39 g_030bf5370d6f g_460cd048abc0 g_da4d95302db1 g_49794c4d3e67 g_880187c17066
q_2d7baa67e444,g_2b36fdf4b5db g_9056fa1e395d g_27c6695f43b4 g_0ac82d7f9d83 g_1fdc6f14c03f g_4d6776380fd9 g_0e3f78067b3d g_d58135ca2500 g_80524edfa56b g_6afaaa245b15 g_d7bd864b93b4 g_6ec194dd9de7 g_4202e8ab28bc g_a66ca8859c39 g_8f00f3e70789 g_460cd048abc0 g_7fef21054c44 g_b82ede4f7084 g_5c1c28e9e6c4 g_b1b836a77a5c g_f908fb6beecc g_fc0f65e3c658 g_4e7e5eeb3e63 g_625d957dcf4e g_d9fcdd56da10 g_a9cca1b01ddf g_dab84955fdda g_8deb9d8b2ced g_c3b5ac129f4b g_35fc0a8100b2 g_5f11386408d3 g_2ac31f834a9a g_420ea4ac237b g_880187c17066 g_0ea024ac357a g_a6cd623d0c06 g_f270e9aa5b4c g_030bf5370d6f g_49794c4d3e67 g_da4d95302db1
q_636c7465c69b,g_420ea4ac237b g_b1b836a77a5c g_b82ede4f7084 g_6ec194dd9de7 g_80524edfa56b g_dab84955fdda g_5f11386408d3 g_2ac31f834a9a g_0ea024ac357a g_4d6776380fd9 g_6afaaa245b15 g_7fef21054c44 g_35fc0a8100b2 g_a66ca8859c39 g_d7bd864b93b4 g_d9fcdd56da10 g_f908fb6beecc g_4202e8ab28bc g_8f00f3e70789 g_d58135ca2500 g_f270e9aa5b4c g_a6cd623d0c06 g_a9cca1b01ddf g_8deb9d8b2ced g_9056fa1e395d g_1fdc6f14c03f g_625d957dcf4e g_4e7e5eeb3e63 g_0e3f78067b3d g_27c6695f43b4 g_fc0f65e3c658 g_0ac82d7f9d83 g_460cd048abc0 g_030bf5370d6f g_5c1c28e9e6c4 g_c3b5ac129f4b g_2b36fdf4b5db g_880187c17066 g_da4d95302db1 g_49794c4d3e67
q_0c2c449b157f,g_dab84955fdda g_a9cca1b01ddf g_d9fcdd56da10 g_8f00f3e70789 g_80524edfa56b g_b82ede4f7084 g_4202e8ab28bc g_4e7e5eeb3e63 g_6afaaa245b15 g_1fdc6f14c03f g_6ec194dd9de7 g_f270e9aa5b4c g_5f11386408d3 g_8deb9d8b2ced g_d58135ca2500 g_b1b836a77a5c g_a66ca8859c39 g_7fef21054c44 g_0ea024ac357a g_27c6695f43b4 g_2ac31f834a9a g_0e3f78067b3d g_5c1c28e9e6c4 g_4d6776380fd9 g_f908fb6beecc g_9056fa1e395d g_625d957dcf4e g_35fc0a8100b2 g_a6cd623d0c06 g_460cd048abc0 g_fc0f65e3c658 g_d7bd864b93b4 g_2b36fdf4b5db g_0ac82d7f9d83 g_030bf5370d6f g_49794c4d3e67 g_da4d95302db1 g_420ea4ac237b g_880187c17066 g_c3b5ac129f4b
q_1c00952487dd,g_6afaaa245b15 g_b82ede4f7084 g_5f11386408d3 g_9056fa1e395d g_a9cca1b01ddf g_4202e8ab28bc g_f270e9aa5b4c g_8f00f3e70789 g_80524edfa56b g_6ec194dd9de7 g_2ac31f834a9a g_b1b836a77a5c g_f908fb6beecc g_2b36fdf4b5db g_d9fcdd56da10 g_1fdc6f14c03f g_460cd048abc0 g_0e3f78067b3d g_a6cd623d0c06 g_27c6695f43b4 g_4d6776380fd9 g_d58135ca2500 g_a66ca8859c39 g_7fef21054c44 g_625d957dcf4e g_4e7e5eeb3e63 g_0ea024ac357a g_8deb9d8b2ced g_dab84955fdda g_880187c17066 g_5c1c28e9e6c4 g_35fc0a8100b2 g_0ac82d7f9d83 g_da4d95302db1 g_49794c4d3e67 g_d7bd864b93b4 g_030bf5370d6f g_420ea4ac237b g_fc0f65e3c658 g_c3b5ac129f4b
q_25a5dd370e91,g_6ec194dd9de7 g_b1b836a77a5c g_5f11386408d3 g_fc0f65e3c658 g_0ea024ac357a g_b82ede4f7084 g_2ac31f834a9a g_a9cca1b01ddf g_8deb9d8b2ced g_420ea4ac237b g_7fef21054c44 g_8f00f3e70789 g_4202e8ab28bc g_6afaaa245b15 g_4d6776380fd9 g_80524edfa56b g_625d957dcf4e g_35fc0a8100b2 g_9056fa1e395d g_f270e9aa5b4c g_4e7e5eeb3e63 g_f908fb6beecc g_dab84955fdda g_d58135ca2500 g_1fdc6f14c03f g_27c6695f43b4 g_d7bd864b93b4 g_a6cd623d0c06 g_a66ca8859c39 g_da4d95302db1 g_d9fcdd56da10 g_0e3f78067b3d g_c3b5ac129f4b g_5c1c28e9e6c4 g_460cd048abc0 g_0ac82d7f9d83 g_2b36fdf4b5db g_030bf5370d6f g_49794c4d3e67 g_880187c17066
q_9e4c4d00fc85,g_dab84955fdda g_0ea024ac357a g_f270e9aa5b4c g_420ea4ac237b g_80524edfa56b g_8f00f3e70789 g_b1b836a77a5c g_4202e8ab28bc g_6ec194dd9de7 g_35fc0a8100b2 g_4e7e5eeb3e63 g_a9cca1b01ddf g_7fef21054c44 g_a6cd623d0c06 g_5f11386408d3 g_fc0f65e3c658 g_6afaaa245b15 g_b82ede4f7084 g_1fdc6f14c03f g_d58135ca2500 g_d9fcdd56da10 g_0e3f78067b3d g_625d957dcf4e g_8deb9d8b2ced g_9056fa1e395d g_2ac31f834a9a g_d7bd864b93b4 g_f908fb6beecc g_4d6776380fd9 g_0ac82d7f9d83 g_27c6695f43b4 g_030bf5370d6f g_da4d95302db1 g_5c1c28e9e6c4 g_a66ca8859c39 g_c3b5ac129f4b g_2b36fdf4b5db g_460cd048abc0 g_49794c4d3e67 g_880187c17066
q_708722508e45,g_c3b5ac129f4b g_dab84955fdda g_80524edfa56b g_420ea4ac237b g_0ea024ac357a g_9056fa1e395d g_1fdc6f14c03f g_4d6776380fd9 g_2b36fdf4b5db g_4202e8ab28bc g_0e3f78067b3d g_f908fb6beecc g_6afaaa245b15 g_d7bd864b93b4 g_7fef21054c44 g_fc0f65e3c658 g_460cd048abc0 g_5c1c28e9e6c4 g_6ec194dd9de7 g_d9fcdd56da10 g_f270e9aa5b4c g_35fc0a8100b2 g_8deb9d8b2ced g_8f00f3e70789 g_d58135ca2500 g_a6cd623d0c06 g_030bf5370d6f g_b1b836a77a5c g_625d957dcf4e g_5f11386408d3 g_b82ede4f7084 g_0ac82d7f9d83 g_4e7e5eeb3e63 g_a66ca8859c39 g_27c6695f43b4 g_a9cca1b01ddf g_2ac31f834a9a g_880187c17066 g_da4d95302db1 g_49794c4d3e67
q_5ff3d73deeb5,g_9056fa1e395d g_2b36fdf4b5db g_460cd048abc0 g_625d957dcf4e g_27c6695f43b4 g_5c1c28e9e6c4 g_6afaaa245b15 g_0e3f78067b3d g_4d6776380fd9 g_4202e8ab28bc g_d58135ca2500 g_6ec194dd9de7 g_0ac82d7f9d83 g_80524edfa56b g_1fdc6f14c03f g_2ac31f834a9a g_d9fcdd56da10 g_b82ede4f7084 g_d7bd864b93b4 g_8f00f3e70789 g_a66ca8859c39 g_f908fb6beecc g_7fef21054c44 g_4e7e5eeb3e63 g_420ea4ac237b g_a9cca1b01ddf g_c3b5ac129f4b g_b1b836a77a5c g_fc0f65e3c658 g_5f11386408d3 g_0ea024ac357a g_dab84955fdda g_8deb9d8b2ced g_030bf5370d6f g_f270e9aa5b4c g_49794c4d3e67 g_880187c17066 g_35fc0a8100b2 g_a6cd623d0c06 g_da4d95302db1
q_a662c719dbd4,g_6ec194dd9de7 g_b1b836a77a5c g_2ac31f834a9a g_6afaaa245b15 g_5f11386408d3 g_a9cca1b01ddf g_7fef21054c44 g_4d6776380fd9 g_80524edfa56b g_4202e8ab28bc g_f270e9aa5b4c g_8f00f3e70789 g_9056fa1e395d g_b82ede4f7084 g_625d957dcf4e g_d58135ca2500 g_4e7e5eeb3e63 g_f908fb6beecc g_0ea024ac357a g_27c6695f43b4 g_8deb9d8b2ced g_35fc0a8100b2 g_1fdc6f14c03f g_a6cd623d0c06 g_420ea4ac237b g_5c1c28e9e6c4 g_da4d95302db1 g_460cd048abc0 g_0e3f78067b3d g_fc0f65e3c658 g_dab84955fdda g_2b36fdf4b5db g_a66ca8859c39 g_c3b5ac129f4b g_d9fcdd56da10 g_030bf5370d6f g_49794c4d3e67 g_d7bd864b93b4 g_0ac82d7f9d83 g_880187c17066
q_332da42dc80b,g_f908fb6beecc g_7fef21054c44 g_80524edfa56b g_a6cd623d0c06 g_030bf5370d6f g_8deb9d8b2ced g_a9cca1b01ddf g_5f11386408d3 g_b82ede4f7084 g_460cd048abc0 g_f270e9aa5b4c g_6afaaa245b15 g_0ea024ac357a g_2b36fdf4b5db g_a66ca8859c39 g_49794c4d3e67 g_b1b836a77a5c g_625d957dcf4e g_4202e8ab28bc g_35fc0a8100b2 g_8f00f3e70789 g_0e3f78067b3d g_880187c17066 g_d9fcdd56da10 g_5c1c28e9e6c4 g_d7bd864b93b4 g_dab84955fdda g_2ac31f834a9a g_9056fa1e395d g_6ec194dd9de7 g_1fdc6f14c03f g_4d6776380fd9 g_da4d95302db1 g_d58135ca2500 g_27c6695f43b4 g_c3b5ac129f4b g_0ac82d7f9d83 g_4e7e5eeb3e63 g_420ea4ac237b g_fc0f65e3c658
q_c4bea4a71d78,g_2b36fdf4b5db g_460cd048abc0 g_a6cd623d0c06 g_880187c17066 g_f908fb6beecc g_b82ede4f7084 g_4d6776380fd9 g_4202e8ab28bc g_6afaaa245b15 g_9056fa1e395d g_7fef21054c44 g_a9cca1b01ddf g_a66ca8859c39 g_80524edfa56b g_625d957dcf4e g_d7bd864b93b4 g_5f11386408d3 g_5c1c28e9e6c4 g_d9fcdd56da10 g_b1b836a77a5c g_27c6695f43b4 g_6ec194dd9de7 g_49794c4d3e67 g_8f00f3e70789 g_d58135ca2500 g_1fdc6f14c03f g_0e3f78067b3d g_2ac31f834a9a g_dab84955fdda g_f270e9aa5b4c g_8deb9d8b2ced g_030bf5370d6f g_4e7e5eeb3e63 g_c3b5ac129f4b g_da4d95302db1 g_0ac82d7f9d83 g_0ea024ac357a g_35fc0a8100b2 g_420ea4ac237b g_fc0f65e3c658
q_97d4b9f2edef,g_6ec194dd9de7 g_a9cca1b01ddf g_f270e9aa5b4c g_5f11386408d3 g_9056fa1e395d g_4d6776380fd9 g_6afaaa245b15 g_460cd048abc0 g_2ac31f834a9a g_27c6695f43b4 g_4202e8ab28bc g_a6cd623d0c06 g_8f00f3e70789 g_0ea024ac357a g_7fef21054c44 g_1fdc6f14c03f g_f908fb6beecc g_4e7e5eeb3e63 g_8deb9d8b2ced g_d58135ca2500 g_b1b836a77a5c g_80524edfa56b g_b82ede4f7084 g_da4d95302db1 g_625d957dcf4e g_2b36fdf4b5db g_5c1c28e9e6c4 g_d9fcdd56da10 g_0ac82d7f9d83 g_dab84955fdda g_35fc0a8100b2 g_d7bd864b93b4 g_fc0f65e3c658 g_49794c4d3e67 g_0e3f78067b3d g_c3b5ac129f4b g_a66ca8859c39 g_030bf5370d6f g_420ea4ac237b g_880187c17066
q_c3c0464ecb4b,g_5f11386408d3 g_a9cca1b01ddf g_6afaaa245b15 g_8f00f3e70789 g_b82ede4f7084 g_6ec194dd9de7 g_f270e9aa5b4c g_b1b836a77a5c g_4202e8ab28bc g_f908fb6beecc g_80524edfa56b g_4d6776380fd9 g_4e7e5eeb3e63 g_2ac31f834a9a g_a6cd623d0c06 g_d58135ca2500 g_7fef21054c44 g_0ea024ac357a g_1fdc6f14c03f g_27c6695f43b4 g_625d957dcf4e g_9056fa1e395d g_35fc0a8100b2 g_460cd048abc0 g_8deb9d8b2ced g_dab84955fdda g_d9fcdd56da10 g_5c1c28e9e6c4 g_da4d95302db1 g_0e3f78067b3d g_d7bd864b93b4 g_420ea4ac237b g_fc0f65e3c658 g_2b36fdf4b5db g_a66ca8859c39 g_0ac82d7f9d83 g_030bf5370d6f g_49794c4d3e67 g_c3b5ac129f4b g_880187c17066
q_4c49c093afba,g_f908fb6beecc g_a6cd623d0c06 g_0ea024ac357a g_d9fcdd56da10 g_b82ede4f7084 g_80524edfa56b g_5f11386408d3 g_6afaaa245b15 g_0e3f78067b3d g_6ec194dd9de7 g_7fef21054c44 g_4202e8ab28bc g_a9cca1b01ddf g_8f00f3e70789 g_460cd048abc0 g_2b36fdf4b5db g_dab84955fdda g_4d6776380fd9 g_2ac31f834a9a g_b1b836a77a5c g_9056fa1e395d g_35fc0a8100b2 g_a66ca8859c39 g_1fdc6f14c03f g_f270e9aa5b4c g_c3b5ac129f4b g_5c1c28e9e6c4 g_d58135ca2500 g_880187c17066 g_d7bd864b93b4 g_030bf5370d6f g_625d957dcf4e g_8deb9d8b2ced g_27c6695f43b4 g_0ac82d7f9d83 g_4e7e5eeb3e63 g_420ea4ac237b g_da4d95302db1 g_fc0f65e3c658 g_49794c4d3e67
q_6fd29e379ddc,g_80524edfa56b g_6afaaa245b15 g_4d6776380fd9 g_b82ede4f7084 g_7fef21054c44 g_4202e8ab28bc g_a66ca8859c39 g_27c6695f43b4 g_5f11386408d3 g_d58135ca2500 g_8f00f3e70789 g_9056fa1e395d g_f908fb6beecc g_5c1c28e9e6c4 g_0e3f78067b3d g_b1b836a77a5c g_2ac31f834a9a g_625d957dcf4e g_6ec194dd9de7 g_d7bd864b93b4 g_a9cca1b01ddf g_2b36fdf4b5db g_0ea024ac357a g_4e7e5eeb3e63 g_880187c17066 g_1fdc6f14c03f g_8deb9d8b2ced g_d9fcdd56da10 g_460cd048abc0 g_dab84955fdda g_420ea4ac237b g_c3b5ac129f4b g_35fc0a8100b2 g_a6cd623d0c06 g_fc0f65e3c658 g_f270e9aa5b4c g_0ac82d7f9d83 g_49794c4d3e67 g_030bf5370d6f g_da4d95302db1
q_36cbf20dc5a3,g_27c6695f43b4 g_5c1c28e9e6c4 g_8f00f3e70789 g_d58135ca2500 g_7fef21054c44 g_6afaaa245b15 g_4e7e5eeb3e63 g_2b36fdf4b5db g_4202e8ab28bc g_a9cca1b01ddf g_d9fcdd56da10 g_49794c4d3e67 g_1fdc6f14c03f g_f270e9aa5b4c g_625d957dcf4e g_0ac82d7f9d83 g_4d6776380fd9 g_6ec194dd9de7 g_f908fb6beecc g_0e3f78067b3d g_5f11386408d3 g_460cd048abc0 g_9056fa1e395d g_80524edfa56b g_b1b836a77a5c g_dab84955fdda g_8deb9d8b2ced g_2ac31f834a9a g_a66ca8859c39 g_a6cd623d0c06 g_b82ede4f7084 g_c3b5ac129f4b g_d7bd864b93b4 g_880187c17066 g_fc0f65e3c658 g_0ea024ac357a g_420ea4ac237b g_35fc0a8100b2 g_da4d95302db1 g_030bf5370d6f
q_087f0500de87,g_460cd048abc0 g_6ec194dd9de7 g_2ac31f834a9a g_a9cca1b01ddf g_9056fa1e395d g_b82ede4f7084 g_5f11386408d3 g_6afaaa245b15 g_4202e8ab28bc g_80524edfa56b g_4d6776380fd9 g_7fef21054c44 g_d58135ca2500 g_8deb9d8b2ced g_b1b836a77a5c g_27c6695f43b4 g_4e7e5eeb3e63 g_625d957dcf4e g_d9fcdd56da10 g_f908fb6beecc g_2b36fdf4b5db g_8f00f3e70789 g_0ea024ac357a g_5c1c28e9e6c4 g_35fc0a8100b2 g_f270e9aa5b4c g_a6cd623d0c06 g_1fdc6f14c03f g_d7bd864b93b4 g_0e3f78067b3d g_dab84955fdda g_fc0f65e3c658 g_0ac82d7f9d83 g_a66ca8859c39 g_c3b5ac129f4b g_49794c4d3e67 g_420ea4ac237b g_030bf5370d6f g_da4d95302db1 g_880187c17066
q_c7963e0b965e,g_d7bd864b93b4 g_a66ca8859c39 g_27c6695f43b4 g_4d6776380fd9 g_6afaaa245b15 g_d9fcdd56da10 g_7fef21054c44 g_0e3f78067b3d g_8f00f3e70789 g_d58135ca2500 g_625d957dcf4e g_9056fa1e395d g_b82ede4f7084 g_1fdc6f14c03f g_4202e8ab28bc g_5c1c28e9e6c4 g_35fc0a8100b2 g_4e7e5eeb3e63 g_0ac82d7f9d83 g_2b36fdf4b5db g_dab84955fdda g_6ec194dd9de7 g_80524edfa56b g_460cd048abc0 g_f908fb6beecc g_fc0f65e3c658 g_a9cca1b01ddf g_5f11386408d3 g_b1b836a77a5c g_f270e9aa5b4c g_420ea4ac237b g_0ea024ac357a g_880187c17066 g_8deb9d8b2ced g_2ac31f834a9a g_a6cd623d0c06 g_49794c4d3e67 g_030bf5370d6f g_c3b5ac129f4b g_da4d95302db1
q_0f9e75b48cdc,g_b1b836a77a5c g_8deb9d8b2ced g_7fef21054c44 g_6ec194dd9de7 g_d58135ca2500 g_a9cca1b01ddf g_6afaaa245b15 g_625d957dcf4e g_2b36fdf4b5db g_9056fa1e395d g_4202e8ab28bc g_27c6695f43b4 g_4d6776380fd9 g_1fdc6f14c03f g_2ac31f834a9a g_8f00f3e70789 g_80524edfa56b g_4e7e5eeb3e63 g_b82ede4f7084 g_35fc0a8100b2 g_5c1c28e9e6c4 g_dab84955fdda g_5f11386408d3 g_460cd048abc0 g_d9fcdd56da10 g_fc0f65e3c658 g_f270e9aa5b4c g_f908fb6beecc g_0ea024ac357a g_0e3f78067b3d g_a66ca8859c39 g_a6cd623d0c06 g_49794c4d3e67 g_d7bd864b93b4 g_030bf5370d6f g_420ea4ac237b g_880187c17066 g_0ac82d7f9d83 g_c3b5ac129f4b g_da4d95302db1
q_04b2a0b42a2d,g_6afaaa245b15 g_2ac31f834a9a g_27c6695f43b4 g_d58135ca2500 g_d9fcdd56da10 g_f908fb6beecc g_8deb9d8b2ced g_8f00f3e70789 g_a9cca1b01ddf g_4d6776380fd9 g_a66ca8859c39 g_625d957dcf4e g_9056fa1e395d g_80524edfa56b g_4e7e5eeb3e63 g_5f11386408d3 g_2b36fdf4b5db g_4202e8ab28bc g_7fef21054c44 g_0e3f78067b3d g_b1b836a77a5c g_460cd048abc0 g_b82ede4f7084 g_1fdc6f14c03f g_6ec194dd9de7 g_dab84955fdda g_5c1c28e9e6c4 g_880187c17066 g_0ac82d7f9d83 g_49794c4d3e67 g_35fc0a8100b2 g_d7bd864b93b4 g_030bf5370d6f g_fc0f65e3c658 g_f270e9aa5b4c g_0ea024ac357a g_a6cd623d0c06 g_da4d95302db1 g_420ea4ac237b g_c3b5ac129f4b
q_a59b411d0c05,g_4d6776380fd9 g_27c6695f43b4 g_7fef21054c44 g_d58135ca2500 g_8f00f3e70789 g_6afaaa245b15 g_5c1c28e9e6c4 g_5f11386408d3 g_4202e8ab28bc g_4e7e5eeb3e63 g_1fdc6f14c03f g_6ec194dd9de7 g_fc0f65e3c658 g_80524edfa56b g_a9cca1b01ddf g_c3b5ac129f4b g_9056fa1e395d g_b82ede4f7084 g_2b36fdf4b5db g_625d957dcf4e g_b1b836a77a5c g_0e3f78067b3d g_460cd048abc0 g_d7bd864b93b4 g_dab84955fdda g_f908fb6beecc g_2ac31f834a9a g_f270e9aa5b4c g_0ea024ac357a g_a6cd623d0c06 g_d9fcdd56da10 g_420ea4ac237b g_a66ca8859c39 g_35fc0a8100b2 g_0ac82d7f9d83 g_8deb9d8b2ced g_49794c4d3e67 g_da4d95302db1 g_880187c17066 g_030bf5370d6f
q_cc7600b7ede4,g_6ec194dd9de7 g_7fef21054c44 g_4202e8ab28bc g_b1b836a77a5c g_9056fa1e395d g_2b36fdf4b5db g_80524edfa56b g_460cd048abc0 g_a9cca1b01ddf g_8deb9d8b2ced g_5c1c28e9e6c4 g_2ac31f834a9a g_27c6695f43b4 g_8f00f3e70789 g_b82ede4f7084 g_0ac82d7f9d83 g_6afaaa245b15 g_4d6776380fd9 g_d9fcdd56da10 g_f270e9aa5b4c g_d58135ca2500 g_1fdc6f14c03f g_625d957dcf4e g_5f11386408d3 g_4e7e5eeb3e63 g_0ea024ac357a g_f908fb6beecc g_0e3f78067b3d g_dab84955fdda g_420ea4ac237b g_fc0f65e3c658 g_d7bd864b93b4 g_c3b5ac129f4b g_35fc0a8100b2 g_a66ca8859c39 g_a6cd623d0c06 g_49794c4d3e67 g_880187c17066 g_030bf5370d6f g_da4d95302db1
q_356abfbc12d4,g_80524edfa56b g_f270e9aa5b4c g_5f11386408d3 g_6ec194dd9de7 g_8deb9d8b2ced g_b1b836a77a5c g_f908fb6beecc g_a9cca1b01ddf g_7fef21054c44 g_2ac31f834a9a g_5c1c28e9e6c4 g_d9fcdd56da10 g_4202e8ab28bc g_8f00f3e70789 g_b82ede4f7084 g_030bf5370d6f g_6afaaa245b15 g_35fc0a8100b2 g_a6cd623d0c06 g_460cd048abc0 g_dab84955fdda g_9056fa1e395d g_1fdc6f14c03f g_d58135ca2500 g_0ea024ac357a g_49794c4d3e67 g_27c6695f43b4 g_4e7e5eeb3e63 g_625d957dcf4e g_4d6776380fd9 g_2b36fdf4b5db g_da4d95302db1 g_a66ca8859c39 g_0e3f78067b3d g_c3b5ac129f4b g_420ea4ac237b g_0ac82d7f9d83 g_d7bd864b93b4 g_fc0f65e3c658 g_880187c17066
q_3f1eba96b974,g_0e3f78067b3d g_4202e8ab28bc g_7fef21054c44 g_5c1c28e9e6c4 g_8f00f3e70789 g_b1b836a77a5c g_460cd048abc0 g_1fdc6f14c03f g_80524edfa56b g_2b36fdf4b5db g_f908fb6beecc g_6afaaa245b15 g_6ec194dd9de7 g_0ea024ac357a g_f270e9aa5b4c g_a9cca1b01ddf g_5f11386408d3 g_d58135ca2500 g_b82ede4f7084 g_4e7e5eeb3e63 g_a6cd623d0c06 g_9056fa1e395d g_dab84955fdda g_625d957dcf4e g_27c6695f43b4 g_4d6776380fd9 g_420ea4ac237b g_c3b5ac129f4b g_d9fcdd56da10 g_2ac31f834a9a g_d7bd864b93b4 g_35fc0a8100b2 g_fc0f65e3c658 g_da4d95302db1 g_a66ca8859c39 g_49794c4d3e67 g_030bf5370d6f g_880187c17066 g_8deb9d8b2ced g_0ac82d7f9d83
q_791d1a8c3ef8,g_88519814e971 g_0d07bd83c21f g_9a86c9a82e74 g_fb7b982b218d g_1fa2f29b3a3e g_ea83919f4b1d g_e1c581ac35b2 g_5f8aeb5f3535 g_cd223ae2c14c g_354f05e3b9ad g_0138d31917f4 g_2850963261b2 g_9c5e6a801105 g_5edb8f14442a g_90298087d115 g_9d1973506502 g_74d0d140bc8c g_e92a1a807dd9 g_2df05c310aa2 g_c8c314a57065 g_506bb93fd6be g_7d4123a3b599 g_0877251de687 g_541cb66753a1 g_64eb57938f1b g_6d212b0778a0 g_0701cad717f8 g_76dc3140199d g_ca78770f1023 g_76768f93f9b5 g_57feb3de5703 g_ddcacee0c164 g_775754ce68f5 g_cafd200d5a45 g_6ca741cd71d0 g_c96c864320bd g_024c7d4e6cb4 g_fe9c2f00554a g_d6796aac6fad g_2352a9384666 g_cd822c958ead g_161bb62a3c06 g_fdda2ce239a7 g_5f9a2a28d938 g_831d285a00d2 g_5922615e970b g_165f7b062c42 g_eb2f9447d949 g_0d24e8f85db0 g_9803034485b1 g_f354e18ac0e2 g_fe963cfb43b0 g_625a947450e3 g_15c48691c814 g_709bf5016911 g_55d37ee4b19c g_be9250df6a75 g_cd4de557f4d5 g_42e7ae6e5fc0 g_a005a5f862cb g_d19bde46609a g_8e4cc318d5ff g_0ef5ac929f19 g_dd5e8c615752 g_a96518fc97f4 g_a86f6c6158ae g_972a7cf1d4cf g_da324aadb427 g_9b53fe41c1b8 g_972d93a38356 g_970fb75c4403 g_b966c16ed62e g_9af3a32f3ad5 g_4a4f24278bd4 g_9f2beae38595 g_9ef238ae78a3 g_91acd178398d g_f2621ae227bc g_31f11613061e g_630340946591 g_33244e31950b g_fda0e974280b g_85817a57d554 g_4937dbcd9886 g_1c62e0ae8ea9 g_f7e9b00e6cf3 g_333cb4a6fcbd g_391694b733b1 g_2315fb39b52b g_87aa8a58571a g_8da4322d0890 g_1c1f9b6306d6 g_2f1574ae2289 g_31f23394ca54 g_1cd366b4bac7 g_68f1b5b754be g_e190db501469 g_0e97bd3a7274 g_63c4f90d50c9 g_bbc374a3181e
q_5c2ae4f3727b,g_a86f6c6158ae g_88519814e971 g_7d4123a3b599 g_6d212b0778a0 g_ca78770f1023 g_2850963261b2 g_2352a9384666 g_fdda2ce239a7 g_e1c581ac35b2 g_fda0e974280b g_5edb8f14442a g_fb7b982b218d g_5f9a2a28d938 g_9b53fe41c1b8 g_e92a1a807dd9 g_775754ce68f5 g_9803034485b1 g_57feb3de5703 g_709bf5016911 g_ddcacee0c164 g_be9250df6a75 g_0877251de687 g_9c5e6a801105 g_0d07bd83c21f g_ea83919f4b1d g_c96c864320bd g_9a86c9a82e74 g_f2621ae227bc g_c8c314a57065 g_cafd200d5a45 g_6ca741cd71d0 g_85817a57d554 g_354f05e3b9ad g_2df05c310aa2 g_161bb62a3c06 g_972d93a38356 g_024c7d4e6cb4 g_1fa2f29b3a3e g_f354e18ac0e2 g_0e97bd3a7274 g_76dc3140199d g_a96518fc97f4 g_970fb75c4403 g_74d0d140bc8c g_90298087d115 g_33244e31950b g_506bb93fd6be g_541cb66753a1 g_9d1973506502 g_68f1b5b754be g_8da4322d0890 g_0701cad717f8 g_9ef238ae78a3 g_64eb57938f1b g_1cd366b4bac7 g_d6796aac6fad g_d19bde46609a g_fe9c2f00554a g_eb2f9447d949 g_625a947450e3 g_4a4f24278bd4 g_0138d31917f4 g_fe963cfb43b0 g_831d285a00d2 g_333cb4a6fcbd g_91acd178398d g_1c1f9b6306d6 g_1c62e0ae8ea9 g_972a7cf1d4cf g_2f1574ae2289 g_dd5e8c615752 g_cd223ae2c14c g_76768f93f9b5 g_9af3a32f3ad5 g_0d24e8f85db0 g_5922615e970b g_b966c16ed62e g_55d37ee4b19c g_2315fb39b52b g_5f8aeb5f3535 g_42e7ae6e5fc0 g_e190db501469 g_cd4de557f4d5 g_bbc374a3181e g_31f11613061e g_a005a5f862cb g_da324aadb427 g_391694b733b1 g_8e4cc318d5ff g_4937dbcd9886 g_87aa8a58571a g_31f23394ca54 g_165f7b062c42 g_f7e9b00e6cf3 g_63c4f90d50c9 g_630340946591 g_9f2beae38595 g_0ef5ac929f19 g_cd822c958ead g_15c48691c814
q_014a036d266c,g_7d4123a3b599 g_6d212b0778a0 g_fdda2ce239a7 g_76768f93f9b5 g_c96c864320bd g_e1c581ac35b2 g_8e4cc318d5ff g_5922615e970b g_f2621ae227bc g_ca78770f1023 g_cd822c958ead g_74d0d140bc8c g_c8c314a57065 g_354f05e3b9ad g_775754ce68f5 g_506bb93fd6be g_2352a9384666 g_8da4322d0890 g_9ef238ae78a3 g_024c7d4e6cb4 g_9af3a32f3ad5 g_d6796aac6fad g_fb7b982b218d g_e92a1a807dd9 g_1c62e0ae8ea9 g_4a4f24278bd4 g_5f9a2a28d938 g_f7e9b00e6cf3 g_9b53fe41c1b8 g_709bf5016911 g_2850963261b2 g_5edb8f14442a g_f354e18ac0e2 g_391694b733b1 g_0138d31917f4 g_1fa2f29b3a3e g_bbc374a3181e g_88519814e971 g_972d93a38356 g_0701cad717f8 g_90298087d115 g_d19bde46609a g_0d24e8f85db0 g_be9250df6a75 g_57feb3de5703 g_0d07bd83c21f g_0e97bd3a7274 g_831d285a00d2 g_fe963cfb43b0 g_76dc3140199d g_2315fb39b52b g_dd5e8c615752 g_cafd200d5a45 g_333cb4a6fcbd g_cd4de557f4d5 g_eb2f9447d949 g_9d1973506502 g_9a86c9a82e74 g_972a7cf1d4cf g_fe9c2f00554a g_1c1f9b6306d6 g_85817a57d554 g_31f23394ca54 g_33244e31950b g_161bb62a3c06 g_91acd178398d g_9c5e6a801105 g_ea83919f4b1d g_4937dbcd9886 g_fda0e974280b g_31f11613061e g_2df05c310aa2 g_625a947450e3 g_cd223ae2c14c g_68f1b5b754be g_ddcacee0c164 g_42e7ae6e5fc0 g_15c48691c814 g_a86f6c6158ae g_a96518fc97f4 g_87aa8a58571a g_0ef5ac929f19 g_9f2beae38595 g_a005a5f862cb g_541cb66753a1 g_b966c16ed62e g_e190db501469 g_2f1574ae2289 g_64eb57938f1b g_6ca741cd71d0 g_165f7b062c42 g_0877251de687 g_630340946591 g_da324aadb427 g_9803034485b1 g_1cd366b4bac7 g_5f8aeb5f3535 g_970fb75c4403 g_55d37ee4b19c g_63c4f90d50c9
q_eaf8567f2cc6,g_5f9a2a28d938 g_7d4123a3b599 g_6d212b0778a0 g_90298087d115 g_e1c581ac35b2 g_57feb3de5703 g_fdda2ce239a7 g_2352a9384666 g_161bb62a3c06 g_74d0d140bc8c g_ea83919f4b1d g_0877251de687 g_fb7b982b218d g_9b53fe41c1b8 g_0701cad717f8 g_354f05e3b9ad g_b966c16ed62e g_fda0e974280b g_cd223ae2c14c g_775754ce68f5 g_1fa2f29b3a3e g_88519814e971 g_9d1973506502 g_972d93a38356 g_76768f93f9b5 g_506bb93fd6be g_c96c864320bd g_d6796aac6fad g_2850963261b2 g_5922615e970b g_c8c314a57065 g_ca78770f1023 g_0d07bd83c21f g_541cb66753a1 g_a86f6c6158ae g_6ca741cd71d0 g_709bf5016911 g_0e97bd3a7274 g_9af3a32f3ad5 g_cd822c958ead g_0138d31917f4 g_9a86c9a82e74 g_f2621ae227bc g_e92a1a807dd9 g_76dc3140199d g_cafd200d5a45 g_831d285a00d2 g_e190db501469 g_333cb4a6fcbd g_5f8aeb5f3535 g_9c5e6a801105 g_2df05c310aa2 g_42e7ae6e5fc0 g_8da4322d0890 g_024c7d4e6cb4 g_625a947450e3 g_64eb57938f1b g_9803034485b1 g_fe9c2f00554a g_0d24e8f85db0 g_5edb8f14442a g_85817a57d554 g_9f2beae38595 g_165f7b062c42 g_f354e18ac0e2 g_dd5e8c615752 g_ddcacee0c164 g_be9250df6a75 g_8e4cc318d5ff g_33244e31950b g_eb2f9447d949 g_1c1f9b6306d6 g_31f11613061e g_d19bde46609a g_87aa8a58571a g_68f1b5b754be g_0ef5ac929f19 g_1c62e0ae8ea9 g_a96518fc97f4 g_4a4f24278bd4 g_972a7cf1d4cf g_970fb75c4403 g_55d37ee4b19c g_15c48691c814 g_cd4de557f4d5 g_630340946591 g_fe963cfb43b0 g_da324aadb427 g_2315fb39b52b g_4937dbcd9886 g_bbc374a3181e g_f7e9b00e6cf3 g_391694b733b1 g_a005a5f862cb g_91acd178398d g_9ef238ae78a3 g_63c4f90d50c9 g_2f1574ae2289 g_1cd366b4bac7 g_31f23394ca54
q_770f368d3cd4,g_fe963cfb43b0 g_55d37ee4b19c g_a96518fc97f4 g_7d4123a3b599 g_6d212b0778a0 g_9d1973506502 g_625a947450e3 g_354f05e3b9ad g_391694b733b1 g_fdda2ce239a7 g_31f23394ca54 g_9c5e6a801105 g_506bb93fd6be g_e92a1a807dd9 g_5f8aeb5f3535 g_4a4f24278bd4 g_024c7d4e6cb4 g_87aa8a58571a g_1fa2f29b3a3e g_4937dbcd9886 g_ea83919f4b1d g_775754ce68f5 g_161bb62a3c06 g_0d24e8f85db0 g_2315fb39b52b g_9ef238ae78a3 g_76768f93f9b5 g_a86f6c6158ae g_15c48691c814 g_2df05c310aa2 g_0701cad717f8 g_831d285a00d2 g_9af3a32f3ad5 g_ddcacee0c164 g_9a86c9a82e74 g_0877251de687 g_74d0d140bc8c g_cd223ae2c14c g_d19bde46609a g_eb2f9447d949 g_b966c16ed62e g_972d93a38356 g_0138d31917f4 g_f354e18ac0e2 g_90298087d115 g_2352a9384666 g_5f9a2a28d938 g_42e7ae6e5fc0 g_541cb66753a1 g_dd5e8c615752 g_0d07bd83c21f g_2f1574ae2289 g_e1c581ac35b2 g_c96c864320bd g_9803034485b1 g_76dc3140199d g_f2621ae227bc g_5922615e970b g_cd822c958ead g_165f7b062c42 g_8e4cc318d5ff g_cafd200d5a45 g_88519814e971 g_fb7b982b218d g_fe9c2f00554a g_709bf5016911 g_6ca741cd71d0 g_9f2beae38595 g_2850963261b2 g_d6796aac6fad g_cd4de557f4d5 g_91acd178398d g_f7e9b00e6cf3 g_c8c314a57065 g_57feb3de5703 g_a005a5f862cb g_fda0e974280b g_da324aadb427 g_1c62e0ae8ea9 g_1c1f9b6306d6 g_8da4322d0890 g_68f1b5b754be g_33244e31950b g_9b53fe41c1b8 g_630340946591 g_64eb57938f1b g_5edb8f14442a g_85817a57d554 g_be9250df6a75 g_333cb4a6fcbd g_972a7cf1d4cf g_0ef5ac929f19 g_ca78770f1023 g_970fb75c4403 g_1cd366b4bac7 g_63c4f90d50c9 g_bbc374a3181e g_31f11613061e g_0e97bd3a7274 g_e190db501469
q_89239049fb14,g_5922615e970b g_506bb93fd6be g_c96c864320bd g_7d4123a3b599 g_6d212b0778a0 g_74d0d140bc8c g_fdda2ce239a7 g_2352a9384666 g_90298087d115 g_e1c581ac35b2 g_cd223ae2c14c g_ea83919f4b1d g_c8c314a57065 g_972a7cf1d4cf g_cd822c958ead g_0d07bd83c21f g_5f9a2a28d938 g_76768f93f9b5 g_fb7b982b218d g_775754ce68f5 g_f7e9b00e6cf3 g_cd4de557f4d5 g_eb2f9447d949 g_8e4cc318d5ff g_9a86c9a82e74 g_57feb3de5703 g_64eb57938f1b g_d19bde46609a g_354f05e3b9ad g_024c7d4e6cb4 g_9d1973506502 g_cafd200d5a45 g_76dc3140199d g_e92a1a807dd9 g_4a4f24278bd4 g_9af3a32f3ad5 g_dd5e8c615752 g_2315fb39b52b g_0138d31917f4 g_15c48691c814 g_31f11613061e g_625a947450e3 g_2850963261b2 g_88519814e971 g_5f8aeb5f3535 g_42e7ae6e5fc0 g_0ef5ac929f19 g_5edb8f14442a g_f2621ae227bc g_541cb66753a1 g_709bf5016911 g_831d285a00d2 g_0e97bd3a7274 g_0701cad717f8 g_a96518fc97f4 g_1fa2f29b3a3e g_1c1f9b6306d6 g_33244e31950b g_0d24e8f85db0 g_161bb62a3c06 g_fda0e974280b g_972d93a38356 g_9c5e6a801105 g_85817a57d554 g_ca78770f1023 g_87aa8a58571a g_91acd178398d g_630340946591 g_d6796aac6fad g_e190db501469 g_2df05c310aa2 g_9ef238ae78a3 g_6ca741cd71d0 g_fe963cfb43b0 g_333cb4a6fcbd g_ddcacee0c164 g_b966c16ed62e g_fe9c2f00554a g_9f2beae38595 g_be9250df6a75 g_970fb75c4403 g_391694b733b1 g_9b53fe41c1b8 g_1c62e0ae8ea9 g_da324aadb427 g_8da4322d0890 g_2f1574ae2289 g_a86f6c6158ae g_0877251de687 g_55d37ee4b19c g_f354e18ac0e2 g_68f1b5b754be g_165f7b062c42 g_a005a5f862cb g_31f23394ca54 g_4937dbcd9886 g_9803034485b1 g_bbc374a3181e g_1cd366b4bac7 g_63c4f90d50c9
q_1ad341165d37,g_1fa2f29b3a3e g_f354e18ac0e2 g_0877251de687 g_024c7d4e6cb4 g_7d4123a3b599 g_e92a1a807dd9 g_6d212b0778a0 g_d6796aac6fad g_354f05e3b9ad g_0d24e8f85db0 g_541cb66753a1 g_a86f6c6158ae g_9a86c9a82e74 g_fdda2ce239a7 g_9c5e6a801105 g_e1c581ac35b2 g_9d1973506502 g_88519814e971 g_0d07bd83c21f g_625a947450e3 g_0138d31917f4 g_161bb62a3c06 g_f2621ae227bc g_9b53fe41c1b8 g_d19bde46609a g_ea83919f4b1d g_6ca741cd71d0 g_91acd178398d g_2df05c310aa2 g_55d37ee4b19c g_506bb93fd6be g_2352a9384666 g_775754ce68f5 g_85817a57d554 g_33244e31950b g_be9250df6a75 g_4937dbcd9886 g_90298087d115 g_c96c864320bd g_fb7b982b218d g_76dc3140199d g_cd223ae2c14c g_ca78770f1023 g_1c62e0ae8ea9 g_cd822c958ead g_5f8aeb5f3535 g_74d0d140bc8c g_a96518fc97f4 g_87aa8a58571a g_dd5e8c615752 g_57feb3de5703 g_0701cad717f8 g_2850963261b2 g_c8c314a57065 g_ddcacee0c164 g_76768f93f9b5 g_fe963cfb43b0 g_2f1574ae2289 g_165f7b062c42 g_831d285a00d2 g_cafd200d5a45 g_9af3a32f3ad5 g_391694b733b1 g_eb2f9447d949 g_a005a5f862cb g_5f9a2a28d938 g_b966c16ed62e g_4a4f24278bd4 g_709bf5016911 g_2315fb39b52b g_9803034485b1 g_fda0e974280b g_fe9c2f00554a g_64eb57938f1b g_5922615e970b g_42e7ae6e5fc0 g_31f23394ca54 g_5edb8f14442a g_68f1b5b754be g_15c48691c814 g_9f2beae38595 g_970fb75c4403 g_972d93a38356 g_9ef238ae78a3 g_bbc374a3181e g_8e4cc318d5ff g_1c1f9b6306d6 g_1cd366b4bac7 g_972a7cf1d4cf g_cd4de557f4d5 g_da324aadb427 g_0ef5ac929f19 g_333cb4a6fcbd g_f7e9b00e6cf3 g_63c4f90d50c9 g_8da4322d0890 g_630340946591 g_31f11613061e g_e190db501469 g_0e97bd3a7274
q_c578ac383621,g_831d285a00d2 g_e92a1a807dd9 g_76768f93f9b5 g_506bb93fd6be g_7d4123a3b599 g_625a947450e3 g_2315fb39b52b g_775754ce68f5 g_6d212b0778a0 g_fe963cfb43b0 g_cd822c958ead g_ddcacee0c164 g_74d0d140bc8c g_9ef238ae78a3 g_4937dbcd9886 g_88519814e971 g_cafd200d5a45 g_0138d31917f4 g_0d07bd83c21f g_fb7b982b218d g_15c48691c814 g_c8c314a57065 g_fdda2ce239a7 g_c96c864320bd g_9c5e6a801105 g_1fa2f29b3a3e g_2850963261b2 g_e1c581ac35b2 g_ea83919f4b1d g_4a4f24278bd4 g_9af3a32f3ad5 g_9d1973506502 g_2352a9384666 g_2df05c310aa2 g_90298087d115 g_0d24e8f85db0 g_9a86c9a82e74 g_5922615e970b g_76dc3140199d g_5edb8f14442a g_354f05e3b9ad g_a96518fc97f4 g_42e7ae6e5fc0 g_709bf5016911 g_5f8aeb5f3535 g_2f1574ae2289 g_8e4cc318d5ff g_972d93a38356 g_024c7d4e6cb4 g_87aa8a58571a g_cd223ae2c14c g_eb2f9447d949 g_f354e18ac0e2 g_31f23394ca54 g_d6796aac6fad g_1c1f9b6306d6 g_f2621ae227bc g_cd4de557f4d5 g_5f9a2a28d938 g_d19bde46609a g_55d37ee4b19c g_f7e9b00e6cf3 g_0701cad717f8 g_541cb66753a1 g_ca78770f1023 g_9f2beae38595 g_91acd178398d g_1c62e0ae8ea9 g_57feb3de5703 g_da324aadb427 g_6ca741cd71d0 g_64eb57938f1b g_0ef5ac929f19 g_be9250df6a75 g_391694b733b1 g_b966c16ed62e g_972a7cf1d4cf g_161bb62a3c06 g_68f1b5b754be g_33244e31950b g_165f7b062c42 g_a86f6c6158ae g_dd5e8c615752 g_9b53fe41c1b8 g_9803034485b1 g_fe9c2f00554a g_fda0e974280b g_31f11613061e g_85817a57d554 g_0877251de687 g_8da4322d0890 g_970fb75c4403 g_a005a5f862cb g_1cd366b4bac7 g_0e97bd3a7274 g_333cb4a6fcbd g_630340946591 g_e190db501469 g_bbc374a3181e g_63c4f90d50c9
q_3e69fe011304,g_775754ce68f5 g_76768f93f9b5 g_88519814e971 g_5f9a2a28d938 g_e1c581ac35b2 g_2352a9384666 g_fb7b982b218d g_ca78770f1023 g_2850963261b2 g_ea83919f4b1d g_1fa2f29b3a3e g_7d4123a3b599 g_6d212b0778a0 g_c8c314a57065 g_9c5e6a801105 g_74d0d140bc8c g_e92a1a807dd9 g_f2621ae227bc g_90298087d115 g_5edb8f14442a g_fdda2ce239a7 g_c96c864320bd g_0d07bd83c21f g_6ca741cd71d0 g_354f05e3b9ad g_024c7d4e6cb4 g_506bb93fd6be g_161bb62a3c06 g_57feb3de5703 g_d6796aac6fad g_2df05c310aa2 g_9a86c9a82e74 g_831d285a00d2 g_9b53fe41c1b8 g_be9250df6a75 g_0877251de687 g_541cb66753a1 g_42e7ae6e5fc0 g_9ef238ae78a3 g_fe9c2f00554a g_ddcacee0c164 g_1cd366b4bac7 g_0138d31917f4 g_cd223ae2c14c g_dd5e8c615752 g_972d93a38356 g_f354e18ac0e2 g_5f8aeb5f3535 g_9d1973506502 g_64eb57938f1b g_cafd200d5a45 g_9803034485b1 g_76dc3140199d g_709bf5016911 g_a96518fc97f4 g_fda0e974280b g_625a947450e3 g_333cb4a6fcbd g_eb2f9447d949 g_0d24e8f85db0 g_91acd178398d g_4a4f24278bd4 g_85817a57d554 g_972a7cf1d4cf g_0701cad717f8 g_d19bde46609a g_8e4cc318d5ff g_5922615e970b g_33244e31950b g_9af3a32f3ad5 g_2315fb39b52b g_b966c16ed62e g_da324aadb427 g_cd4de557f4d5 g_a86f6c6158ae g_e190db501469 g_68f1b5b754be g_0e97bd3a7274 g_4937dbcd9886 g_cd822c958ead g_165f7b062c42 g_fe963cfb43b0 g_970fb75c4403 g_55d37ee4b19c g_31f11613061e g_1c1f9b6306d6 g_f7e9b00e6cf3 g_391694b733b1 g_1c62e0ae8ea9 g_15c48691c814 g_87aa8a58571a g_a005a5f862cb g_31f23394ca54 g_bbc374a3181e g_8da4322d0890 g_0ef5ac929f19 g_9f2beae38595 g_2f1574ae2289 g_630340946591 g_63c4f90d50c9
q_2fcbd59babbb,g_fe963cfb43b0 g_76768f93f9b5 g_e92a1a807dd9 g_9ef238ae78a3 g_74d0d140bc8c g_625a947450e3 g_775754ce68f5 g_4a4f24278bd4 g_55d37ee4b19c g_2315fb39b52b g_2df05c310aa2 g_9c5e6a801105 g_a96518fc97f4 g_31f23394ca54 g_831d285a00d2 g_9af3a32f3ad5 g_4937dbcd9886 g_7d4123a3b599 g_972d93a38356 g_cd223ae2c14c g_354f05e3b9ad g_9a86c9a82e74 g_6d212b0778a0 g_eb2f9447d949 g_9d1973506502 g_391694b733b1 g_0138d31917f4 g_506bb93fd6be g_c96c864320bd g_ea83919f4b1d g_2f1574ae2289 g_fb7b982b218d g_1fa2f29b3a3e g_15c48691c814 g_c8c314a57065 g_fdda2ce239a7 g_0d07bd83c21f g_2352a9384666 g_5922615e970b g_a86f6c6158ae g_024c7d4e6cb4 g_cafd200d5a45 g_8e4cc318d5ff g_87aa8a58571a g_0d24e8f85db0 g_541cb66753a1 g_42e7ae6e5fc0 g_e1c581ac35b2 g_cd822c958ead g_161bb62a3c06 g_5f8aeb5f3535 g_90298087d115 g_ddcacee0c164 g_88519814e971 g_b966c16ed62e g_5f9a2a28d938 g_d6796aac6fad g_2850963261b2 g_f354e18ac0e2 g_dd5e8c615752 g_cd4de557f4d5 g_0701cad717f8 g_57feb3de5703 g_1c1f9b6306d6 g_709bf5016911 g_f7e9b00e6cf3 g_d19bde46609a g_64eb57938f1b g_76dc3140199d g_f2621ae227bc g_91acd178398d g_0ef5ac929f19 g_0877251de687 g_ca78770f1023 g_5edb8f14442a g_333cb4a6fcbd g_165f7b062c42 g_fe9c2f00554a g_6ca741cd71d0 g_8da4322d0890 g_1c62e0ae8ea9 g_da324aadb427 g_9f2beae38595 g_9803034485b1 g_85817a57d554 g_972a7cf1d4cf g_68f1b5b754be g_a005a5f862cb g_970fb75c4403 g_9b53fe41c1b8 g_fda0e974280b g_1cd366b4bac7 g_33244e31950b g_be9250df6a75 g_31f11613061e g_bbc374a3181e g_630340946591 g_0e97bd3a7274 g_e190db501469 g_63c4f90d50c9
q_8463cfc85a02,g_9d1973506502 g_0701cad717f8 g_625a947450e3 g_ea83919f4b1d g_fb7b982b218d g_6d212b0778a0 g_7d4123a3b599 g_2352a9384666 g_161bb62a3c06 g_5f9a2a28d938 g_a96518fc97f4 g_024c7d4e6cb4 g_506bb93fd6be g_90298087d115 g_88519814e971 g_e92a1a807dd9 g_b966c16ed62e g_1fa2f29b3a3e g_57feb3de5703 g_e1c581ac35b2 g_775754ce68f5 g_2df05c310aa2 g_fdda2ce239a7 g_74d0d140bc8c g_a86f6c6158ae g_972d93a38356 g_ddcacee0c164 g_55d37ee4b19c g_d6796aac6fad g_354f05e3b9ad g_76768f93f9b5 g_6ca741cd71d0 g_cafd200d5a45 g_831d285a00d2 g_5f8aeb5f3535 g_9c5e6a801105 g_c96c864320bd g_fe963cfb43b0 g_0138d31917f4 g_cd223ae2c14c g_9af3a32f3ad5 g_2315fb39b52b g_709bf5016911 g_f354e18ac0e2 g_4a4f24278bd4 g_0d24e8f85db0 g_0d07bd83c21f g_c8c314a57065 g_d19bde46609a g_9a86c9a82e74 g_42e7ae6e5fc0 g_541cb66753a1 g_0877251de687 g_eb2f9447d949 g_76dc3140199d g_2850963261b2 g_391694b733b1 g_8e4cc318d5ff g_9ef238ae78a3 g_165f7b062c42 g_5922615e970b g_4937dbcd9886 g_87aa8a58571a g_15c48691c814 g_5edb8f14442a g_f2621ae227bc g_333cb4a6fcbd g_970fb75c4403 g_cd822c958ead g_fda0e974280b g_9803034485b1 g_ca78770f1023 g_33244e31950b g_31f23394ca54 g_9f2beae38595 g_64eb57938f1b g_9b53fe41c1b8 g_2f1574ae2289 g_a005a5f862cb g_cd4de557f4d5 g_1c62e0ae8ea9 g_31f11613061e g_85817a57d554 g_be9250df6a75 g_91acd178398d g_dd5e8c615752 g_972a7cf1d4cf g_68f1b5b754be g_0ef5ac929f19 g_1c1f9b6306d6 g_fe9c2f00554a g_1cd366b4bac7 g_f7e9b00e6cf3 g_da324aadb427 g_8da4322d0890 g_0e97bd3a7274 g_630340946591 g_63c4f90d50c9 g_bbc374a3181e g_e190db501469
q_ecec5e40b8da,g_fdda2ce239a7 g_6d212b0778a0 g_7d4123a3b599 g_d19bde46609a g_85817a57d554 g_0d24e8f85db0 g_63c4f90d50c9 g_33244e31950b g_f2621ae227bc g_be9250df6a75 g_024c7d4e6cb4 g_4a4f24278bd4 g_68f1b5b754be g_31f11613061e g_f354e18ac0e2 g_506bb93fd6be g_630340946591 g_709bf5016911 g_354f05e3b9ad g_1fa2f29b3a3e g_cd223ae2c14c g_c96c864320bd g_fda0e974280b g_5922615e970b g_970fb75c4403 g_cafd200d5a45 g_88519814e971 g_ca78770f1023 g_0d07bd83c21f g_91acd178398d g_e92a1a807dd9 g_2352a9384666 g_ddcacee0c164 g_f7e9b00e6cf3 g_972a7cf1d4cf g_2850963261b2 g_cd4de557f4d5 g_bbc374a3181e g_57feb3de5703 g_9c5e6a801105 g_5f9a2a28d938 g_e1c581ac35b2 g_9b53fe41c1b8 g_6ca741cd71d0 g_5edb8f14442a g_e190db501469 g_d6796aac6fad g_eb2f9447d949 g_9a86c9a82e74 g_a86f6c6158ae g_dd5e8c615752 g_9d1973506502 g_ea83919f4b1d g_a005a5f862cb g_2315fb39b52b g_541cb66753a1 g_391694b733b1 g_775754ce68f5 g_76dc3140199d g_0ef5ac929f19 g_5f8aeb5f3535 g_9ef238ae78a3 g_2df05c310aa2 g_64eb57938f1b g_1cd366b4bac7 g_fe963cfb43b0 g_1c62e0ae8ea9 g_625a947450e3 g_fb7b982b218d g_161bb62a3c06 g_9af3a32f3ad5 g_831d285a00d2 g_0e97bd3a7274 g_55d37ee4b19c g_74d0d140bc8c g_1c1f9b6306d6 g_972d93a38356 g_333cb4a6fcbd g_0877251de687 g_fe9c2f00554a g_90298087d115 g_a96518fc97f4 g_87aa8a58571a g_0138d31917f4 g_c8c314a57065 g_da324aadb427 g_b966c16ed62e g_2f1574ae2289 g_9803034485b1 g_9f2beae38595 g_8e4cc318d5ff g_165f7b062c42 g_76768f93f9b5 g_31f23394ca54 g_cd822c958ead g_0701cad717f8 g_4937dbcd9886 g_42e7ae6e5fc0 g_8da4322d0890 g_15c48691c814
q_3fd609ed9619,g_fb7b982b218d g_e92a1a807dd9 g_88519814e971 g_85817a57d554 g_2850963261b2 g_e1c581ac35b2 g_7d4123a3b599 g_6d212b0778a0 g_ca78770f1023 g_9c5e6a801105 g_2352a9384666 g_506bb93fd6be g_cd223ae2c14c g_c96c864320bd g_ea83919f4b1d g_d6796aac6fad g_fdda2ce239a7 g_5edb8f14442a g_6ca741cd71d0 g_c8c314a57065 g_eb2f9447d949 g_76768f93f9b5 g_90298087d115 g_775754ce68f5 g_f2621ae227bc g_972a7cf1d4cf g_024c7d4e6cb4 g_f354e18ac0e2 g_ddcacee0c164 g_d19bde46609a g_76dc3140199d g_cafd200d5a45 g_0d07bd83c21f g_9d1973506502 g_1fa2f29b3a3e g_42e7ae6e5fc0 g_2df05c310aa2 g_cd822c958ead g_9ef238ae78a3 g_354f05e3b9ad g_831d285a00d2 g_709bf5016911 g_0877251de687 g_972d93a38356 g_0701cad717f8 g_541cb66753a1 g_57feb3de5703 g_b966c16ed62e g_fe9c2f00554a g_be9250df6a75 g_91acd178398d g_5922615e970b g_0d24e8f85db0 g_da324aadb427 g_161bb62a3c06 g_9a86c9a82e74 g_5f9a2a28d938 g_970fb75c4403 g_1cd366b4bac7 g_74d0d140bc8c g_4937dbcd9886 g_a86f6c6158ae g_31f11613061e g_4a4f24278bd4 g_9803034485b1 g_33244e31950b g_165f7b062c42 g_625a947450e3 g_fe963cfb43b0 g_9b53fe41c1b8 g_68f1b5b754be g_a96518fc97f4 g_64eb57938f1b g_2315fb39b52b g_dd5e8c615752 g_391694b733b1 g_f7e9b00e6cf3 g_0138d31917f4 g_cd4de557f4d5 g_a005a5f862cb g_5f8aeb5f3535 g_1c62e0ae8ea9 g_333cb4a6fcbd g_9af3a32f3ad5 g_8e4cc318d5ff g_0ef5ac929f19 g_0e97bd3a7274 g_1c1f9b6306d6 g_fda0e974280b g_55d37ee4b19c g_87aa8a58571a g_31f23394ca54 g_e190db501469 g_2f1574ae2289 g_8da4322d0890 g_15c48691c814 g_9f2beae38595 g_630340946591 g_bbc374a3181e g_63c4f90d50c9
q_1e4a7022cadc,g_9f2beae38595 g_7d4123a3b599 g_6d212b0778a0 g_fdda2ce239a7 g_165f7b062c42 g_cd822c958ead g_5f9a2a28d938 g_c96c864320bd g_2352a9384666 g_e92a1a807dd9 g_88519814e971 g_775754ce68f5 g_76768f93f9b5 g_9af3a32f3ad5 g_9d1973506502 g_6ca741cd71d0 g_709bf5016911 g_1c62e0ae8ea9 g_68f1b5b754be g_625a947450e3 g_f2621ae227bc g_024c7d4e6cb4 g_33244e31950b g_1c1f9b6306d6 g_1fa2f29b3a3e g_f354e18ac0e2 g_0701cad717f8 g_541cb66753a1 g_354f05e3b9ad g_fb7b982b218d g_161bb62a3c06 g_42e7ae6e5fc0 g_391694b733b1 g_91acd178398d g_0d24e8f85db0 g_a86f6c6158ae g_0877251de687 g_74d0d140bc8c g_e1c581ac35b2 g_15c48691c814 g_4937dbcd9886 g_fe963cfb43b0 g_d6796aac6fad g_d19bde46609a g_fda0e974280b g_506bb93fd6be g_b966c16ed62e g_ea83919f4b1d g_57feb3de5703 g_87aa8a58571a g_4a4f24278bd4 g_eb2f9447d949 g_90298087d115 g_cafd200d5a45 g_2f1574ae2289 g_cd223ae2c14c g_dd5e8c615752 g_31f23394ca54 g_8da4322d0890 g_c8c314a57065 g_bbc374a3181e g_85817a57d554 g_9b53fe41c1b8 g_831d285a00d2 g_972d93a38356 g_2315fb39b52b g_0138d31917f4 g_5922615e970b g_a96518fc97f4 g_a005a5f862cb g_333cb4a6fcbd g_ddcacee0c164 g_ca78770f1023 g_0e97bd3a7274 g_9a86c9a82e74 g_2df05c310aa2 g_9803034485b1 g_be9250df6a75 g_0d07bd83c21f g_2850963261b2 g_5f8aeb5f3535 g_9c5e6a801105 g_0ef5ac929f19 g_fe9c2f00554a g_55d37ee4b19c g_972a7cf1d4cf g_9ef238ae78a3 g_76dc3140199d g_31f11613061e g_da324aadb427 g_f7e9b00e6cf3 g_e190db501469 g_5edb8f14442a g_8e4cc318d5ff g_970fb75c4403 g_630340946591 g_cd4de557f4d5 g_63c4f90d50c9 g_64eb57938f1b g_1cd366b4bac7
q_098cf976654a,g_ea83919f4b1d g_775754ce68f5 g_2352a9384666 g_74d0d140bc8c g_7d4123a3b599 g_709bf5016911 g_6d212b0778a0 g_5f9a2a28d938 g_9af3a32f3ad5 g_972d93a38356 g_88519814e971 g_fdda2ce239a7 g_354f05e3b9ad g_506bb93fd6be g_9a86c9a82e74 g_4a4f24278bd4 g_831d285a00d2 g_76768f93f9b5 g_e92a1a807dd9 g_e1c581ac35b2 g_fb7b982b218d g_a86f6c6158ae g_625a947450e3 g_0e97bd3a7274 g_9d1973506502 g_161bb62a3c06 g_c8c314a57065 g_c96c864320bd g_0138d31917f4 g_2850963261b2 g_90298087d115 g_ca78770f1023 g_a96518fc97f4 g_2315fb39b52b g_eb2f9447d949 g_5922615e970b g_8da4322d0890 g_333cb4a6fcbd g_1fa2f29b3a3e g_f2621ae227bc g_6ca741cd71d0 g_024c7d4e6cb4 g_9c5e6a801105 g_76dc3140199d g_cafd200d5a45 g_fe963cfb43b0 g_64eb57938f1b g_b966c16ed62e g_2f1574ae2289 g_cd223ae2c14c g_970fb75c4403 g_5edb8f14442a g_ddcacee0c164 g_0701cad717f8 g_fda0e974280b g_9ef238ae78a3 g_2df05c310aa2 g_0d07bd83c21f g_0d24e8f85db0 g_f354e18ac0e2 g_d6796aac6fad g_57feb3de5703 g_9b53fe41c1b8 g_85817a57d554 g_541cb66753a1 g_cd4de557f4d5 g_31f23394ca54 g_31f11613061e g_33244e31950b g_42e7ae6e5fc0 g_fe9c2f00554a g_dd5e8c615752 g_91acd178398d g_15c48691c814 g_d19bde46609a g_391694b733b1 g_5f8aeb5f3535 g_8e4cc318d5ff g_f7e9b00e6cf3 g_55d37ee4b19c g_9803034485b1 g_0877251de687 g_972a7cf1d4cf g_4937dbcd9886 g_cd822c958ead g_1c62e0ae8ea9 g_68f1b5b754be g_87aa8a58571a g_165f7b062c42 g_1c1f9b6306d6 g_a005a5f862cb g_be9250df6a75 g_630340946591 g_bbc374a3181e g_9f2beae38595 g_e190db501469 g_0ef5ac929f19 g_1cd366b4bac7 g_da324aadb427 g_63c4f90d50c9
q_d258dadade67,g_eb2f9447d949 g_7d4123a3b599 g_6d212b0778a0 g_e92a1a807dd9 g_506bb93fd6be g_5922615e970b g_fdda2ce239a7 g_76768f93f9b5 g_972d93a38356 g_0e97bd3a7274 g_c8c314a57065 g_c96c864320bd g_9af3a32f3ad5 g_2352a9384666 g_31f23394ca54 g_a86f6c6158ae g_2850963261b2 g_ea83919f4b1d g_333cb4a6fcbd g_9c5e6a801105 g_ca78770f1023 g_88519814e971 g_391694b733b1 g_d6796aac6fad g_e1c581ac35b2 g_2f1574ae2289 g_76dc3140199d g_831d285a00d2 g_9ef238ae78a3 g_775754ce68f5 g_74d0d140bc8c g_fb7b982b218d g_972a7cf1d4cf g_9a86c9a82e74 g_024c7d4e6cb4 g_625a947450e3 g_0138d31917f4 g_2df05c310aa2 g_0701cad717f8 g_1fa2f29b3a3e g_31f11613061e g_0d24e8f85db0 g_0d07bd83c21f g_5edb8f14442a g_f2621ae227bc g_57feb3de5703 g_fe963cfb43b0 g_161bb62a3c06 g_354f05e3b9ad g_2315fb39b52b g_cd822c958ead g_9d1973506502 g_90298087d115 g_da324aadb427 g_5f9a2a28d938 g_4a4f24278bd4 g_4937dbcd9886 g_6ca741cd71d0 g_64eb57938f1b g_0877251de687 g_cd223ae2c14c g_8e4cc318d5ff g_b966c16ed62e g_42e7ae6e5fc0 g_85817a57d554 g_1c1f9b6306d6 g_1c62e0ae8ea9 g_f354e18ac0e2 g_8da4322d0890 g_a96518fc97f4 g_cafd200d5a45 g_d19bde46609a g_541cb66753a1 g_9b53fe41c1b8 g_68f1b5b754be g_cd4de557f4d5 g_ddcacee0c164 g_be9250df6a75 g_33244e31950b g_5f8aeb5f3535 g_fda0e974280b g_f7e9b00e6cf3 g_a005a5f862cb g_fe9c2f00554a g_55d37ee4b19c g_9f2beae38595 g_dd5e8c615752 g_15c48691c814 g_0ef5ac929f19 g_970fb75c4403 g_709bf5016911 g_9803034485b1 g_91acd178398d g_bbc374a3181e g_87aa8a58571a g_630340946591 g_e190db501469 g_165f7b062c42 g_1cd366b4bac7 g_63c4f90d50c9
q_949cb2ba49ab,g_9af3a32f3ad5 g_7d4123a3b599 g_6d212b0778a0 g_fdda2ce239a7 g_fe963cfb43b0 g_506bb93fd6be g_2f1574ae2289 g_625a947450e3 g_c96c864320bd g_0d24e8f85db0 g_4a4f24278bd4 g_cafd200d5a45 g_9f2beae38595 g_cd822c958ead g_74d0d140bc8c g_024c7d4e6cb4 g_f2621ae227bc g_31f23394ca54 g_5922615e970b g_2315fb39b52b g_d19bde46609a g_a86f6c6158ae g_1fa2f29b3a3e g_eb2f9447d949 g_90298087d115 g_972d93a38356 g_831d285a00d2 g_354f05e3b9ad g_2352a9384666 g_fb7b982b218d g_2df05c310aa2 g_33244e31950b g_775754ce68f5 g_88519814e971 g_68f1b5b754be g_31f11613061e g_5f9a2a28d938 g_0701cad717f8 g_76768f93f9b5 g_be9250df6a75 g_e1c581ac35b2 g_0d07bd83c21f g_ca78770f1023 g_f354e18ac0e2 g_e92a1a807dd9 g_85817a57d554 g_ea83919f4b1d g_4937dbcd9886 g_15c48691c814 g_ddcacee0c164 g_9a86c9a82e74 g_cd223ae2c14c g_57feb3de5703 g_9c5e6a801105 g_9d1973506502 g_87aa8a58571a g_b966c16ed62e g_2850963261b2 g_fda0e974280b g_541cb66753a1 g_0e97bd3a7274 g_8da4322d0890 g_76dc3140199d g_391694b733b1 g_6ca741cd71d0 g_970fb75c4403 g_0138d31917f4 g_161bb62a3c06 g_1c1f9b6306d6 g_91acd178398d g_709bf5016911 g_f7e9b00e6cf3 g_9ef238ae78a3 g_d6796aac6fad g_1c62e0ae8ea9 g_5edb8f14442a g_0ef5ac929f19 g_a005a5f862cb g_9b53fe41c1b8 g_a96518fc97f4 g_64eb57938f1b g_fe9c2f00554a g_333cb4a6fcbd g_c8c314a57065 g_cd4de557f4d5 g_165f7b062c42 g_bbc374a3181e g_5f8aeb5f3535 g_630340946591 g_9803034485b1 g_da324aadb427 g_42e7ae6e5fc0 g_0877251de687 g_dd5e8c615752 g_55d37ee4b19c g_8e4cc318d5ff g_972a7cf1d4cf g_63c4f90d50c9 g_e190db501469 g_1cd366b4bac7
q_fc342e04faef,g_7d4123a3b599 g_6d212b0778a0 g_fdda2ce239a7 g_e92a1a807dd9 g_f2621ae227bc g_91acd178398d g_9ef238ae78a3 g_354f05e3b9ad g_f354e18ac0e2 g_775754ce68f5 g_fe963cfb43b0 g_0d24e8f85db0 g_024c7d4e6cb4 g_cafd200d5a45 g_9c5e6a801105 g_be9250df6a75 g_d19bde46609a g_88519814e971 g_c96c864320bd g_1fa2f29b3a3e g_ddcacee0c164 g_2df05c310aa2 g_6ca741cd71d0 g_33244e31950b g_9a86c9a82e74 g_85817a57d554 g_2352a9384666 g_4937dbcd9886 g_cd223ae2c14c g_9b53fe41c1b8 g_d6796aac6fad g_ea83919f4b1d g_42e7ae6e5fc0 g_68f1b5b754be g_1c62e0ae8ea9 g_2f1574ae2289 g_a86f6c6158ae g_0d07bd83c21f g_fb7b982b218d g_31f23394ca54 g_709bf5016911 g_e1c581ac35b2 g_391694b733b1 g_0138d31917f4 g_4a4f24278bd4 g_dd5e8c615752 g_eb2f9447d949 g_831d285a00d2 g_15c48691c814 g_2315fb39b52b g_506bb93fd6be g_76768f93f9b5 g_625a947450e3 g_0877251de687 g_541cb66753a1 g_55d37ee4b19c g_c8c314a57065 g_9af3a32f3ad5 g_ca78770f1023 g_fe9c2f00554a g_a005a5f862cb g_165f7b062c42 g_5f9a2a28d938 g_64eb57938f1b g_5922615e970b g_a96518fc97f4 g_cd822c958ead g_87aa8a58571a g_74d0d140bc8c g_9d1973506502 g_90298087d115 g_5edb8f14442a g_2850963261b2 g_b966c16ed62e g_bbc374a3181e g_1cd366b4bac7 g_972a7cf1d4cf g_1c1f9b6306d6 g_161bb62a3c06 g_76dc3140199d g_9f2beae38595 g_972d93a38356 g_9803034485b1 g_57feb3de5703 g_da324aadb427 g_f7e9b00e6cf3 g_cd4de557f4d5 g_5f8aeb5f3535 g_8e4cc318d5ff g_fda0e974280b g_0701cad717f8 g_970fb75c4403 g_0ef5ac929f19 g_31f11613061e g_333cb4a6fcbd g_63c4f90d50c9 g_8da4322d0890 g_0e97bd3a7274 g_630340946591 g_e190db501469
q_6e55a7381b35,g_6d212b0778a0 g_7d4123a3b599 g_fdda2ce239a7 g_354f05e3b9ad g_506bb93fd6be g_0d24e8f85db0 g_0701cad717f8 g_a86f6c6158ae g_161bb62a3c06 g_ea83919f4b1d g_9c5e6a801105 g_e92a1a807dd9 g_391694b733b1 g_2352a9384666 g_d6796aac6fad g_5f9a2a28d938 g_f2621ae227bc g_2850963261b2 g_eb2f9447d949 g_5922615e970b g_90298087d115 g_0877251de687 g_fda0e974280b g_d19bde46609a g_e1c581ac35b2 g_1fa2f29b3a3e g_0138d31917f4 g_57feb3de5703 g_333cb4a6fcbd g_0d07bd83c21f g_024c7d4e6cb4 g_fb7b982b218d g_972d93a38356 g_b966c16ed62e g_cd223ae2c14c g_9d1973506502 g_9b53fe41c1b8 g_541cb66753a1 g_630340946591 g_fe9c2f00554a g_f354e18ac0e2 g_775754ce68f5 g_625a947450e3 g_9a86c9a82e74 g_1c62e0ae8ea9 g_33244e31950b g_a005a5f862cb g_8e4cc318d5ff g_dd5e8c615752 g_c96c864320bd g_88519814e971 g_8da4322d0890 g_74d0d140bc8c g_2df05c310aa2 g_85817a57d554 g_55d37ee4b19c g_5edb8f14442a g_5f8aeb5f3535 g_76768f93f9b5 g_9803034485b1 g_ca78770f1023 g_a96518fc97f4 g_2315fb39b52b g_165f7b062c42 g_4a4f24278bd4 g_6ca741cd71d0 g_709bf5016911 g_c8c314a57065 g_31f23394ca54 g_0e97bd3a7274 g_9af3a32f3ad5 g_da324aadb427 g_972a7cf1d4cf g_42e7ae6e5fc0 g_68f1b5b754be g_76dc3140199d g_31f11613061e g_9ef238ae78a3 g_cafd200d5a45 g_fe963cfb43b0 g_ddcacee0c164 g_be9250df6a75 g_63c4f90d50c9 g_cd822c958ead g_91acd178398d g_831d285a00d2 g_e190db501469 g_9f2beae38595 g_2f1574ae2289 g_64eb57938f1b g_15c48691c814 g_f7e9b00e6cf3 g_cd4de557f4d5 g_87aa8a58571a g_0ef5ac929f19 g_4937dbcd9886 g_bbc374a3181e g_970fb75c4403 g_1c1f9b6306d6 g_1cd366b4bac7
q_44139b8d3d80,g_7d4123a3b599 g_6d212b0778a0 g_fdda2ce239a7 g_d19bde46609a g_0d24e8f85db0 g_f354e18ac0e2 g_506bb93fd6be g_85817a57d554 g_0d07bd83c21f g_024c7d4e6cb4 g_1fa2f29b3a3e g_a005a5f862cb g_354f05e3b9ad g_be9250df6a75 g_f2621ae227bc g_1c62e0ae8ea9 g_68f1b5b754be g_33244e31950b g_2df05c310aa2 g_e92a1a807dd9 g_d6796aac6fad g_9c5e6a801105 g_e1c581ac35b2 g_91acd178398d g_eb2f9447d949 g_9b53fe41c1b8 g_c96c864320bd g_63c4f90d50c9 g_cd822c958ead g_0701cad717f8 g_9a86c9a82e74 g_0877251de687 g_88519814e971 g_541cb66753a1 g_2850963261b2 g_9d1973506502 g_a86f6c6158ae g_cafd200d5a45 g_cd223ae2c14c g_ca78770f1023 g_87aa8a58571a g_fe963cfb43b0 g_630340946591 g_fe9c2f00554a g_2315fb39b52b g_0138d31917f4 g_6ca741cd71d0 g_fb7b982b218d g_fda0e974280b g_391694b733b1 g_31f11613061e g_1c1f9b6306d6 g_972a7cf1d4cf g_da324aadb427 g_ddcacee0c164 g_2352a9384666 g_1cd366b4bac7 g_57feb3de5703 g_55d37ee4b19c g_4a4f24278bd4 g_9f2beae38595 g_dd5e8c615752 g_709bf5016911 g_42e7ae6e5fc0 g_76768f93f9b5 g_bbc374a3181e g_8e4cc318d5ff g_165f7b062c42 g_5922615e970b g_ea83919f4b1d g_f7e9b00e6cf3 g_4937dbcd9886 g_b966c16ed62e g_831d285a00d2 g_5f8aeb5f3535 g_8da4322d0890 g_775754ce68f5 g_625a947450e3 g_90298087d115 g_5f9a2a28d938 g_5edb8f14442a g_76dc3140199d g_74d0d140bc8c g_31f23394ca54 g_2f1574ae2289 g_970fb75c4403 g_15c48691c814 g_972d93a38356 g_161bb62a3c06 g_cd4de557f4d5 g_c8c314a57065 g_a96518fc97f4 g_0ef5ac929f19 g_e190db501469 g_64eb57938f1b g_0e97bd3a7274 g_9ef238ae78a3 g_9af3a32f3ad5 g_9803034485b1 g_333cb4a6fcbd
q_16db47f39020,g_7d4123a3b599 g_6d212b0778a0 g_fdda2ce239a7 g_0d24e8f85db0 g_d19bde46609a g_9f2beae38595 g_f2621ae227bc g_33244e31950b g_68f1b5b754be g_024c7d4e6cb4 g_1fa2f29b3a3e g_cd822c958ead g_2f1574ae2289 g_1c62e0ae8ea9 g_354f05e3b9ad g_85817a57d554 g_506bb93fd6be g_f354e18ac0e2 g_a005a5f862cb g_be9250df6a75 g_e92a1a807dd9 g_d6796aac6fad g_cd223ae2c14c g_391694b733b1 g_eb2f9447d949 g_63c4f90d50c9 g_165f7b062c42 g_4a4f24278bd4 g_a86f6c6158ae g_9c5e6a801105 g_541cb66753a1 g_9d1973506502 g_630340946591 g_9af3a32f3ad5 g_15c48691c814 g_31f23394ca54 g_0701cad717f8 g_9a86c9a82e74 g_87aa8a58571a g_5922615e970b g_4937dbcd9886 g_fe963cfb43b0 g_1c1f9b6306d6 g_c96c864320bd g_0877251de687 g_2315fb39b52b g_88519814e971 g_ddcacee0c164 g_0138d31917f4 g_e1c581ac35b2 g_42e7ae6e5fc0 g_bbc374a3181e g_fda0e974280b g_0d07bd83c21f g_6ca741cd71d0 g_57feb3de5703 g_625a947450e3 g_2df05c310aa2 g_775754ce68f5 g_fb7b982b218d g_9b53fe41c1b8 g_2850963261b2 g_dd5e8c615752 g_31f11613061e g_76768f93f9b5 g_cafd200d5a45 g_0ef5ac929f19 g_91acd178398d g_b966c16ed62e g_2352a9384666 g_709bf5016911 g_da324aadb427 g_74d0d140bc8c g_972a7cf1d4cf g_90298087d115 g_fe9c2f00554a g_8e4cc318d5ff g_9ef238ae78a3 g_ca78770f1023 g_ea83919f4b1d g_55d37ee4b19c g_161bb62a3c06 g_f7e9b00e6cf3 g_5f9a2a28d938 g_76dc3140199d g_cd4de557f4d5 g_64eb57938f1b g_5edb8f14442a g_5f8aeb5f3535 g_8da4322d0890 g_831d285a00d2 g_c8c314a57065 g_333cb4a6fcbd g_e190db501469 g_0e97bd3a7274 g_972d93a38356 g_a96518fc97f4 g_970fb75c4403 g_9803034485b1 g_1cd366b4bac7
q_800c749c43c4,g_7d4123a3b599 g_6d212b0778a0 g_fdda2ce239a7 g_f2621ae227bc g_c96c864320bd g_33244e31950b g_0e97bd3a7274 g_775754ce68f5 g_e92a1a807dd9 g_2352a9384666 g_e1c581ac35b2 g_6ca741cd71d0 g_88519814e971 g_68f1b5b754be g_ca78770f1023 g_d6796aac6fad g_fb7b982b218d g_1c1f9b6306d6 g_506bb93fd6be g_1c62e0ae8ea9 g_be9250df6a75 g_74d0d140bc8c g_85817a57d554 g_76768f93f9b5 g_a005a5f862cb g_709bf5016911 g_d19bde46609a g_9b53fe41c1b8 g_2850963261b2 g_5922615e970b g_cd822c958ead g_5f9a2a28d938 g_972a7cf1d4cf g_91acd178398d g_024c7d4e6cb4 g_c8c314a57065 g_4937dbcd9886 g_0d24e8f85db0 g_f7e9b00e6cf3 g_76dc3140199d g_a86f6c6158ae g_2f1574ae2289 g_354f05e3b9ad g_ea83919f4b1d g_31f11613061e g_bbc374a3181e g_9c5e6a801105 g_eb2f9447d949 g_1fa2f29b3a3e g_42e7ae6e5fc0 g_9ef238ae78a3 g_9f2beae38595 g_f354e18ac0e2 g_ddcacee0c164 g_fda0e974280b g_9af3a32f3ad5 g_9a86c9a82e74 g_0d07bd83c21f g_cafd200d5a45 g_fe963cfb43b0 g_541cb66753a1 g_8da4322d0890 g_e190db501469 g_0877251de687 g_dd5e8c615752 g_cd223ae2c14c g_64eb57938f1b g_333cb4a6fcbd g_90298087d115 g_5edb8f14442a g_57feb3de5703 g_31f23394ca54 g_da324aadb427 g_cd4de557f4d5 g_8e4cc318d5ff g_0138d31917f4 g_9d1973506502 g_831d285a00d2 g_0701cad717f8 g_1cd366b4bac7 g_4a4f24278bd4 g_972d93a38356 g_b966c16ed62e g_2df05c310aa2 g_2315fb39b52b g_87aa8a58571a g_165f7b062c42 g_fe9c2f00554a g_161bb62a3c06 g_970fb75c4403 g_9803034485b1 g_625a947450e3 g_15c48691c814 g_391694b733b1 g_630340946591 g_a96518fc97f4 g_63c4f90d50c9 g_0ef5ac929f19 g_5f8aeb5f3535 g_55d37ee4b19c
q_d2dda9ef863a,g_e92a1a807dd9 g_4937dbcd9886 g_2df05c310aa2 g_7d4123a3b599 g_6d212b0778a0 g_625a947450e3 g_15c48691c814 g_55d37ee4b19c g_76768f93f9b5 g_fe963cfb43b0 g_9c5e6a801105 g_fdda2ce239a7 g_9d1973506502 g_5f8aeb5f3535 g_a96518fc97f4 g_1fa2f29b3a3e g_31f23394ca54 g_354f05e3b9ad g_775754ce68f5 g_cd822c958ead g_2315fb39b52b g_0877251de687 g_161bb62a3c06 g_d6796aac6fad g_ea83919f4b1d g_541cb66753a1 g_0d24e8f85db0 g_024c7d4e6cb4 g_9ef238ae78a3 g_0138d31917f4 g_506bb93fd6be g_a86f6c6158ae g_9a86c9a82e74 g_ddcacee0c164 g_831d285a00d2 g_90298087d115 g_fb7b982b218d g_b966c16ed62e g_74d0d140bc8c g_391694b733b1 g_eb2f9447d949 g_4a4f24278bd4 g_c8c314a57065 g_972d93a38356 g_0d07bd83c21f g_9af3a32f3ad5 g_0ef5ac929f19 g_f354e18ac0e2 g_2f1574ae2289 g_cd223ae2c14c g_2352a9384666 g_42e7ae6e5fc0 g_0701cad717f8 g_9f2beae38595 g_165f7b062c42 g_57feb3de5703 g_76dc3140199d g_d19bde46609a g_dd5e8c615752 g_e1c581ac35b2 g_1c1f9b6306d6 g_cafd200d5a45 g_88519814e971 g_5922615e970b g_9803034485b1 g_87aa8a58571a g_8e4cc318d5ff g_2850963261b2 g_c96c864320bd g_64eb57938f1b g_5f9a2a28d938 g_1c62e0ae8ea9 g_6ca741cd71d0 g_5edb8f14442a g_fda0e974280b g_709bf5016911 g_cd4de557f4d5 g_da324aadb427 g_f7e9b00e6cf3 g_f2621ae227bc g_9b53fe41c1b8 g_91acd178398d g_972a7cf1d4cf g_970fb75c4403 g_ca78770f1023 g_1cd366b4bac7 g_333cb4a6fcbd g_fe9c2f00554a g_be9250df6a75 g_68f1b5b754be g_a005a5f862cb g_85817a57d554 g_33244e31950b g_bbc374a3181e g_630340946591 g_31f11613061e g_8da4322d0890 g_0e97bd3a7274 g_63c4f90d50c9 g_e190db501469
q_aebe180b8e89,g_76dc3140199d g_161bb62a3c06 g_fb7b982b218d g_90298087d115 g_ea83919f4b1d g_e1c581ac35b2 g_506bb93fd6be g_a96518fc97f4 g_972d93a38356 g_0701cad717f8 g_9d1973506502 g_c8c314a57065 g_5f8aeb5f3535 g_625a947450e3 g_2850963261b2 g_2352a9384666 g_cd223ae2c14c g_7d4123a3b599 g_57feb3de5703 g_9af3a32f3ad5 g_6d212b0778a0 g_74d0d140bc8c g_0138d31917f4 g_9a86c9a82e74 g_cafd200d5a45 g_e92a1a807dd9 g_5f9a2a28d938 g_9c5e6a801105 g_024c7d4e6cb4 g_76768f93f9b5 g_5922615e970b g_4a4f24278bd4 g_c96c864320bd g_8e4cc318d5ff g_2315fb39b52b g_a86f6c6158ae g_fdda2ce239a7 g_64eb57938f1b g_b966c16ed62e g_88519814e971 g_55d37ee4b19c g_ddcacee0c164 g_831d285a00d2 g_0d07bd83c21f g_354f05e3b9ad g_fe963cfb43b0 g_d6796aac6fad g_5edb8f14442a g_eb2f9447d949 g_6ca741cd71d0 g_1fa2f29b3a3e g_333cb4a6fcbd g_775754ce68f5 g_391694b733b1 g_9ef238ae78a3 g_2df05c310aa2 g_cd4de557f4d5 g_9803034485b1 g_42e7ae6e5fc0 g_541cb66753a1 g_ca78770f1023 g_970fb75c4403 g_f354e18ac0e2 g_15c48691c814 g_87aa8a58571a g_fe9c2f00554a g_d19bde46609a g_972a7cf1d4cf g_0ef5ac929f19 g_cd822c958ead g_4937dbcd9886 g_709bf5016911 g_0877251de687 g_0d24e8f85db0 g_0e97bd3a7274 g_2f1574ae2289 g_31f23394ca54 g_dd5e8c615752 g_f7e9b00e6cf3 g_91acd178398d g_f2621ae227bc g_31f11613061e g_8da4322d0890 g_85817a57d554 g_fda0e974280b g_9b53fe41c1b8 g_630340946591 g_a005a5f862cb g_1cd366b4bac7 g_1c62e0ae8ea9 g_da324aadb427 g_e190db501469 g_165f7b062c42 g_be9250df6a75 g_1c1f9b6306d6 g_33244e31950b g_9f2beae38595 g_68f1b5b754be g_bbc374a3181e g_63c4f90d50c9
q_c1d4b3365865,g_57feb3de5703 g_7d4123a3b599 g_fb7b982b218d g_90298087d115 g_6d212b0778a0 g_88519814e971 g_fdda2ce239a7 g_2850963261b2 g_2352a9384666 g_e1c581ac35b2 g_0701cad717f8 g_c96c864320bd g_fda0e974280b g_ca78770f1023 g_5f9a2a28d938 g_5edb8f14442a g_0e97bd3a7274 g_506bb93fd6be g_ea83919f4b1d g_c8c314a57065 g_354f05e3b9ad g_709bf5016911 g_775754ce68f5 g_e190db501469 g_5922615e970b g_e92a1a807dd9 g_0d07bd83c21f g_9d1973506502 g_64eb57938f1b g_b966c16ed62e g_76768f93f9b5 g_6ca741cd71d0 g_0877251de687 g_d19bde46609a g_541cb66753a1 g_76dc3140199d g_f2621ae227bc g_fe9c2f00554a g_972d93a38356 g_74d0d140bc8c g_eb2f9447d949 g_972a7cf1d4cf g_d6796aac6fad g_ddcacee0c164 g_cd822c958ead g_1fa2f29b3a3e g_cd223ae2c14c g_9a86c9a82e74 g_68f1b5b754be g_cafd200d5a45 g_0d24e8f85db0 g_be9250df6a75 g_161bb62a3c06 g_333cb4a6fcbd g_da324aadb427 g_85817a57d554 g_31f11613061e g_9b53fe41c1b8 g_165f7b062c42 g_9af3a32f3ad5 g_8e4cc318d5ff g_8da4322d0890 g_42e7ae6e5fc0 g_831d285a00d2 g_625a947450e3 g_1c62e0ae8ea9 g_024c7d4e6cb4 g_a86f6c6158ae g_9f2beae38595 g_cd4de557f4d5 g_dd5e8c615752 g_33244e31950b g_0138d31917f4 g_9c5e6a801105 g_a005a5f862cb g_f354e18ac0e2 g_970fb75c4403 g_f7e9b00e6cf3 g_0ef5ac929f19 g_2df05c310aa2 g_630340946591 g_15c48691c814 g_9ef238ae78a3 g_4a4f24278bd4 g_2315fb39b52b g_391694b733b1 g_9803034485b1 g_5f8aeb5f3535 g_1c1f9b6306d6 g_91acd178398d g_2f1574ae2289 g_a96518fc97f4 g_fe963cfb43b0 g_31f23394ca54 g_4937dbcd9886 g_bbc374a3181e g_63c4f90d50c9 g_87aa8a58571a g_1cd366b4bac7 g_55d37ee4b19c
q_7332c766f5fc,g_2352a9384666 g_ea83919f4b1d g_5f9a2a28d938 g_e1c581ac35b2 g_7d4123a3b599 g_2850963261b2 g_333cb4a6fcbd g_6d212b0778a0 g_fb7b982b218d g_a86f6c6158ae g_161bb62a3c06 g_506bb93fd6be g_74d0d140bc8c g_90298087d115 g_0701cad717f8 g_57feb3de5703 g_ca78770f1023 g_c96c864320bd g_fdda2ce239a7 g_775754ce68f5 g_6ca741cd71d0 g_c8c314a57065 g_88519814e971 g_eb2f9447d949 g_625a947450e3 g_e92a1a807dd9 g_354f05e3b9ad g_ddcacee0c164 g_972d93a38356 g_0877251de687 g_cd223ae2c14c g_fe9c2f00554a g_d6796aac6fad g_f2621ae227bc g_9c5e6a801105 g_1fa2f29b3a3e g_42e7ae6e5fc0 g_a96518fc97f4 g_cafd200d5a45 g_5edb8f14442a g_9ef238ae78a3 g_9a86c9a82e74 g_5922615e970b g_0d07bd83c21f g_9803034485b1 g_9d1973506502 g_0d24e8f85db0 g_87aa8a58571a g_76768f93f9b5 g_76dc3140199d g_972a7cf1d4cf g_4a4f24278bd4 g_fda0e974280b g_709bf5016911 g_024c7d4e6cb4 g_8da4322d0890 g_0e97bd3a7274 g_831d285a00d2 g_85817a57d554 g_d19bde46609a g_541cb66753a1 g_9af3a32f3ad5 g_f354e18ac0e2 g_2315fb39b52b g_dd5e8c615752 g_68f1b5b754be g_a005a5f862cb g_9b53fe41c1b8 g_0138d31917f4 g_fe963cfb43b0 g_da324aadb427 g_e190db501469 g_391694b733b1 g_2f1574ae2289 g_8e4cc318d5ff g_33244e31950b g_31f11613061e g_b966c16ed62e g_cd4de557f4d5 g_5f8aeb5f3535 g_55d37ee4b19c g_2df05c310aa2 g_be9250df6a75 g_f7e9b00e6cf3 g_31f23394ca54 g_cd822c958ead g_165f7b062c42 g_1c62e0ae8ea9 g_970fb75c4403 g_91acd178398d g_4937dbcd9886 g_64eb57938f1b g_9f2beae38595 g_630340946591 g_1c1f9b6306d6 g_0ef5ac929f19 g_1cd366b4bac7 g_15c48691c814 g_bbc374a3181e g_63c4f90d50c9
q_3d552477852f,g_7d4123a3b599 g_6d212b0778a0 g_fdda2ce239a7 g_9a86c9a82e74 g_2352a9384666 g_ea83919f4b1d g_e1c581ac35b2 g_a86f6c6158ae g_9b53fe41c1b8 g_5f9a2a28d938 g_354f05e3b9ad g_57feb3de5703 g_fda0e974280b g_d6796aac6fad g_0d24e8f85db0 g_76dc3140199d g_1fa2f29b3a3e g_5f8aeb5f3535 g_506bb93fd6be g_0138d31917f4 g_333cb4a6fcbd g_ca78770f1023 g_161bb62a3c06 g_0701cad717f8 g_0d07bd83c21f g_0877251de687 g_90298087d115 g_2850963261b2 g_74d0d140bc8c g_0e97bd3a7274 g_f2621ae227bc g_9d1973506502 g_709bf5016911 g_cd223ae2c14c g_541cb66753a1 g_fe9c2f00554a g_c8c314a57065 g_5edb8f14442a g_8da4322d0890 g_c96c864320bd g_5922615e970b g_9c5e6a801105 g_88519814e971 g_625a947450e3 g_9803034485b1 g_fb7b982b218d g_6ca741cd71d0 g_972d93a38356 g_9af3a32f3ad5 g_630340946591 g_ddcacee0c164 g_e92a1a807dd9 g_85817a57d554 g_775754ce68f5 g_e190db501469 g_33244e31950b g_972a7cf1d4cf g_f354e18ac0e2 g_2df05c310aa2 g_831d285a00d2 g_eb2f9447d949 g_1c62e0ae8ea9 g_76768f93f9b5 g_64eb57938f1b g_dd5e8c615752 g_0ef5ac929f19 g_9f2beae38595 g_024c7d4e6cb4 g_b966c16ed62e g_8e4cc318d5ff g_2f1574ae2289 g_31f11613061e g_cafd200d5a45 g_d19bde46609a g_be9250df6a75 g_2315fb39b52b g_165f7b062c42 g_cd4de557f4d5 g_4a4f24278bd4 g_cd822c958ead g_fe963cfb43b0 g_42e7ae6e5fc0 g_91acd178398d g_63c4f90d50c9 g_970fb75c4403 g_a96518fc97f4 g_a005a5f862cb g_55d37ee4b19c g_9ef238ae78a3 g_391694b733b1 g_da324aadb427 g_68f1b5b754be g_f7e9b00e6cf3 g_bbc374a3181e g_31f23394ca54 g_87aa8a58571a g_15c48691c814 g_1c1f9b6306d6 g_4937dbcd9886 g_1cd366b4bac7
q_4cca1326e128,g_ea83919f4b1d g_161bb62a3c06 g_90298087d115 g_0138d31917f4 g_2352a9384666 g_9a86c9a82e74 g_5f9a2a28d938 g_7d4123a3b599 g_972d93a38356 g_6d212b0778a0 g_0701cad717f8 g_9d1973506502 g_c8c314a57065 g_625a947450e3 g_b966c16ed62e g_fdda2ce239a7 g_74d0d140bc8c g_5f8aeb5f3535 g_cd223ae2c14c g_354f05e3b9ad g_57feb3de5703 g_9af3a32f3ad5 g_fb7b982b218d g_775754ce68f5 g_1fa2f29b3a3e g_541cb66753a1 g_e1c581ac35b2 g_333cb4a6fcbd g_e92a1a807dd9 g_506bb93fd6be g_d6796aac6fad g_9c5e6a801105 g_a86f6c6158ae g_2df05c310aa2 g_0877251de687 g_76768f93f9b5 g_88519814e971 g_831d285a00d2 g_76dc3140199d g_9803034485b1 g_15c48691c814 g_55d37ee4b19c g_a96518fc97f4 g_64eb57938f1b g_42e7ae6e5fc0 g_fda0e974280b g_5edb8f14442a g_6ca741cd71d0 g_5922615e970b g_cafd200d5a45 g_0d07bd83c21f g_8e4cc318d5ff g_2850963261b2 g_165f7b062c42 g_4a4f24278bd4 g_2315fb39b52b g_391694b733b1 g_ddcacee0c164 g_709bf5016911 g_f354e18ac0e2 g_c96c864320bd g_0d24e8f85db0 g_cd822c958ead g_024c7d4e6cb4 g_8da4322d0890 g_fe963cfb43b0 g_2f1574ae2289 g_9b53fe41c1b8 g_eb2f9447d949 g_630340946591 g_0ef5ac929f19 g_fe9c2f00554a g_cd4de557f4d5 g_dd5e8c615752 g_9f2beae38595 g_9ef238ae78a3 g_0e97bd3a7274 g_31f23394ca54 g_4937dbcd9886 g_ca78770f1023 g_f2621ae227bc g_970fb75c4403 g_d19bde46609a g_33244e31950b g_1c62e0ae8ea9 g_87aa8a58571a g_972a7cf1d4cf g_85817a57d554 g_31f11613061e g_1c1f9b6306d6 g_e190db501469 g_91acd178398d g_a005a5f862cb g_be9250df6a75 g_68f1b5b754be g_da324aadb427 g_1cd366b4bac7 g_f7e9b00e6cf3 g_bbc374a3181e g_63c4f90d50c9
q_aa52137d82e1,g_7d4123a3b599 g_6d212b0778a0 g_0ef5ac929f19 g_fdda2ce239a7 g_76768f93f9b5 g_cd822c958ead g_15c48691c814 g_024c7d4e6cb4 g_e92a1a807dd9 g_9f2beae38595 g_9a86c9a82e74 g_cd223ae2c14c g_9d1973506502 g_1c1f9b6306d6 g_506bb93fd6be g_0d24e8f85db0 g_d19bde46609a g_4937dbcd9886 g_fb7b982b218d g_0138d31917f4 g_76dc3140199d g_9af3a32f3ad5 g_90298087d115 g_354f05e3b9ad g_1fa2f29b3a3e g_8e4cc318d5ff g_cafd200d5a45 g_c96c864320bd g_2315fb39b52b g_9c5e6a801105 g_541cb66753a1 g_d6796aac6fad g_fe963cfb43b0 g_eb2f9447d949 g_2f1574ae2289 g_391694b733b1 g_4a4f24278bd4 g_5922615e970b g_dd5e8c615752 g_ea83919f4b1d g_31f23394ca54 g_e1c581ac35b2 g_f7e9b00e6cf3 g_f354e18ac0e2 g_625a947450e3 g_42e7ae6e5fc0 g_87aa8a58571a g_2352a9384666 g_2df05c310aa2 g_74d0d140bc8c g_57feb3de5703 g_85817a57d554 g_2850963261b2 g_6ca741cd71d0 g_709bf5016911 g_775754ce68f5 g_f2621ae227bc g_5edb8f14442a g_1c62e0ae8ea9 g_b966c16ed62e g_88519814e971 g_972a7cf1d4cf g_64eb57938f1b g_33244e31950b g_165f7b062c42 g_ddcacee0c164 g_9ef238ae78a3 g_a86f6c6158ae g_5f9a2a28d938 g_cd4de557f4d5 g_0701cad717f8 g_c8c314a57065 g_55d37ee4b19c g_970fb75c4403 g_0d07bd83c21f g_0877251de687 g_5f8aeb5f3535 g_a96518fc97f4 g_161bb62a3c06 g_972d93a38356 g_fda0e974280b g_ca78770f1023 g_be9250df6a75 g_fe9c2f00554a g_630340946591 g_a005a5f862cb g_31f11613061e g_91acd178398d g_9b53fe41c1b8 g_68f1b5b754be g_831d285a00d2 g_bbc374a3181e g_333cb4a6fcbd g_9803034485b1 g_0e97bd3a7274 g_1cd366b4bac7 g_8da4322d0890 g_da324aadb427 g_e190db501469 g_63c4f90d50c9
q_7753bd14cbe5,g_cd822c958ead g_4937dbcd9886 g_9af3a32f3ad5 g_76768f93f9b5 g_31f23394ca54 g_15c48691c814 g_7d4123a3b599 g_90298087d115 g_e92a1a807dd9 g_6d212b0778a0 g_fe963cfb43b0 g_831d285a00d2 g_9d1973506502 g_506bb93fd6be g_a96518fc97f4 g_fdda2ce239a7 g_55d37ee4b19c g_2315fb39b52b g_9f2beae38595 g_4a4f24278bd4 g_625a947450e3 g_9a86c9a82e74 g_2df05c310aa2 g_972d93a38356 g_354f05e3b9ad g_9c5e6a801105 g_161bb62a3c06 g_74d0d140bc8c g_0701cad717f8 g_1fa2f29b3a3e g_391694b733b1 g_ea83919f4b1d g_76dc3140199d g_c96c864320bd g_0ef5ac929f19 g_c8c314a57065 g_2f1574ae2289 g_5922615e970b g_eb2f9447d949 g_024c7d4e6cb4 g_9ef238ae78a3 g_cd223ae2c14c g_2352a9384666 g_775754ce68f5 g_fb7b982b218d g_0138d31917f4 g_ddcacee0c164 g_0d24e8f85db0 g_cafd200d5a45 g_d19bde46609a g_87aa8a58571a g_0d07bd83c21f g_42e7ae6e5fc0 g_5f8aeb5f3535 g_2850963261b2 g_57feb3de5703 g_e1c581ac35b2 g_f7e9b00e6cf3 g_d6796aac6fad g_5f9a2a28d938 g_88519814e971 g_a86f6c6158ae g_541cb66753a1 g_b966c16ed62e g_f354e18ac0e2 g_6ca741cd71d0 g_0877251de687 g_1c1f9b6306d6 g_8e4cc318d5ff g_64eb57938f1b g_709bf5016911 g_cd4de557f4d5 g_dd5e8c615752 g_f2621ae227bc g_9803034485b1 g_5edb8f14442a g_1c62e0ae8ea9 g_da324aadb427 g_ca78770f1023 g_91acd178398d g_fe9c2f00554a g_972a7cf1d4cf g_fda0e974280b g_a005a5f862cb g_9b53fe41c1b8 g_165f7b062c42 g_333cb4a6fcbd g_85817a57d554 g_8da4322d0890 g_68f1b5b754be g_970fb75c4403 g_33244e31950b g_31f11613061e g_be9250df6a75 g_0e97bd3a7274 g_1cd366b4bac7 g_bbc374a3181e g_630340946591 g_e190db501469 g_63c4f90d50c9
q_dcbf9be9a8bf,g_9f2beae38595 g_7d4123a3b599 g_6d212b0778a0 g_9af3a32f3ad5 g_625a947450e3 g_cd822c958ead g_fdda2ce239a7 g_2f1574ae2289 g_b966c16ed62e g_88519814e971 g_c96c864320bd g_76768f93f9b5 g_fe963cfb43b0 g_1fa2f29b3a3e g_1c1f9b6306d6 g_506bb93fd6be g_4937dbcd9886 g_5922615e970b g_e92a1a807dd9 g_165f7b062c42 g_fb7b982b218d g_57feb3de5703 g_775754ce68f5 g_541cb66753a1 g_9d1973506502 g_d19bde46609a g_709bf5016911 g_90298087d115 g_15c48691c814 g_2df05c310aa2 g_0d24e8f85db0 g_cd223ae2c14c g_2352a9384666 g_4a4f24278bd4 g_0138d31917f4 g_024c7d4e6cb4 g_74d0d140bc8c g_a86f6c6158ae g_0701cad717f8 g_31f23394ca54 g_f354e18ac0e2 g_6ca741cd71d0 g_ea83919f4b1d g_ddcacee0c164 g_5f9a2a28d938 g_c8c314a57065 g_33244e31950b g_9a86c9a82e74 g_e1c581ac35b2 g_0877251de687 g_354f05e3b9ad g_972d93a38356 g_87aa8a58571a g_2315fb39b52b g_9c5e6a801105 g_be9250df6a75 g_161bb62a3c06 g_cafd200d5a45 g_fda0e974280b g_eb2f9447d949 g_970fb75c4403 g_f2621ae227bc g_391694b733b1 g_1c62e0ae8ea9 g_831d285a00d2 g_76dc3140199d g_0d07bd83c21f g_2850963261b2 g_68f1b5b754be g_0e97bd3a7274 g_0ef5ac929f19 g_5f8aeb5f3535 g_64eb57938f1b g_5edb8f14442a g_d6796aac6fad g_42e7ae6e5fc0 g_9ef238ae78a3 g_ca78770f1023 g_da324aadb427 g_85817a57d554 g_dd5e8c615752 g_333cb4a6fcbd g_a96518fc97f4 g_9803034485b1 g_55d37ee4b19c g_9b53fe41c1b8 g_cd4de557f4d5 g_31f11613061e g_bbc374a3181e g_a005a5f862cb g_8da4322d0890 g_f7e9b00e6cf3 g_91acd178398d g_8e4cc318d5ff g_972a7cf1d4cf g_e190db501469 g_fe9c2f00554a g_630340946591 g_63c4f90d50c9 g_1cd366b4bac7
q_1e560a97504a,g_e1c581ac35b2 g_775754ce68f5 g_c96c864320bd g_7d4123a3b599 g_6d212b0778a0 g_2352a9384666 g_f2621ae227bc g_ca78770f1023 g_eb2f9447d949 g_fdda2ce239a7 g_e92a1a807dd9 g_76768f93f9b5 g_74d0d140bc8c g_9ef238ae78a3 g_cafd200d5a45 g_354f05e3b9ad g_ea83919f4b1d g_dd5e8c615752 g_fe963cfb43b0 g_8da4322d0890 g_9af3a32f3ad5 g_2315fb39b52b g_024c7d4e6cb4 g_fb7b982b218d g_cd223ae2c14c g_1c1f9b6306d6 g_709bf5016911 g_506bb93fd6be g_91acd178398d g_1fa2f29b3a3e g_88519814e971 g_85817a57d554 g_4a4f24278bd4 g_5922615e970b g_5f9a2a28d938 g_972d93a38356 g_9c5e6a801105 g_0d24e8f85db0 g_1c62e0ae8ea9 g_d6796aac6fad g_57feb3de5703 g_a86f6c6158ae g_c8c314a57065 g_0138d31917f4 g_391694b733b1 g_90298087d115 g_42e7ae6e5fc0 g_972a7cf1d4cf g_4937dbcd9886 g_2f1574ae2289 g_d19bde46609a g_9a86c9a82e74 g_161bb62a3c06 g_f354e18ac0e2 g_2850963261b2 g_5edb8f14442a g_0e97bd3a7274 g_625a947450e3 g_87aa8a58571a g_15c48691c814 g_68f1b5b754be g_541cb66753a1 g_31f23394ca54 g_fe9c2f00554a g_9b53fe41c1b8 g_2df05c310aa2 g_9d1973506502 g_bbc374a3181e g_ddcacee0c164 g_0877251de687 g_cd822c958ead g_0d07bd83c21f g_333cb4a6fcbd g_6ca741cd71d0 g_f7e9b00e6cf3 g_0ef5ac929f19 g_64eb57938f1b g_33244e31950b g_165f7b062c42 g_9803034485b1 g_76dc3140199d g_cd4de557f4d5 g_31f11613061e g_9f2beae38595 g_a96518fc97f4 g_970fb75c4403 g_831d285a00d2 g_be9250df6a75 g_0701cad717f8 g_8e4cc318d5ff g_fda0e974280b g_55d37ee4b19c g_5f8aeb5f3535 g_a005a5f862cb g_b966c16ed62e g_e190db501469 g_1cd366b4bac7 g_da324aadb427 g_630340946591 g_63c4f90d50c9
q_3e9d554e8dd1,g_6d212b0778a0 g_161bb62a3c06 g_7d4123a3b599 g_2352a9384666 g_0138d31917f4 g_e1c581ac35b2 g_ea83919f4b1d g_fdda2ce239a7 g_9c5e6a801105 g_90298087d115 g_5f9a2a28d938 g_e92a1a807dd9 g_541cb66753a1 g_a86f6c6158ae g_6ca741cd71d0 g_9803034485b1 g_354f05e3b9ad g_9d1973506502 g_775754ce68f5 g_cd223ae2c14c g_42e7ae6e5fc0 g_dd5e8c615752 g_57feb3de5703 g_709bf5016911 g_9a86c9a82e74 g_88519814e971 g_5edb8f14442a g_165f7b062c42 g_2850963261b2 g_f2621ae227bc g_1fa2f29b3a3e g_0877251de687 g_76768f93f9b5 g_0701cad717f8 g_fb7b982b218d g_8e4cc318d5ff g_c8c314a57065 g_506bb93fd6be g_ddcacee0c164 g_f354e18ac0e2 g_d6796aac6fad g_2f1574ae2289 g_c96c864320bd g_9b53fe41c1b8 g_2df05c310aa2 g_625a947450e3 g_74d0d140bc8c g_a005a5f862cb g_cafd200d5a45 g_33244e31950b g_024c7d4e6cb4 g_391694b733b1 g_87aa8a58571a g_55d37ee4b19c g_0d24e8f85db0 g_b966c16ed62e g_a96518fc97f4 g_4a4f24278bd4 g_76dc3140199d g_0d07bd83c21f g_d19bde46609a g_fda0e974280b g_2315fb39b52b g_972d93a38356 g_fe9c2f00554a g_9af3a32f3ad5 g_85817a57d554 g_ca78770f1023 g_9ef238ae78a3 g_cd4de557f4d5 g_15c48691c814 g_8da4322d0890 g_333cb4a6fcbd g_1c62e0ae8ea9 g_9f2beae38595 g_cd822c958ead g_972a7cf1d4cf g_970fb75c4403 g_4937dbcd9886 g_fe963cfb43b0 g_31f23394ca54 g_1c1f9b6306d6 g_5922615e970b g_5f8aeb5f3535 g_eb2f9447d949 g_0ef5ac929f19 g_be9250df6a75 g_630340946591 g_91acd178398d g_bbc374a3181e g_1cd366b4bac7 g_68f1b5b754be g_831d285a00d2 g_64eb57938f1b g_da324aadb427 g_0e97bd3a7274 g_e190db501469 g_31f11613061e g_f7e9b00e6cf3 g_63c4f90d50c9
q_cb218f4bbe19,g_76768f93f9b5 g_7d4123a3b599 g_6d212b0778a0 g_cd822c958ead g_fdda2ce239a7 g_2352a9384666 g_024c7d4e6cb4 g_74d0d140bc8c g_775754ce68f5 g_e1c581ac35b2 g_57feb3de5703 g_9af3a32f3ad5 g_fb7b982b218d g_ea83919f4b1d g_e92a1a807dd9 g_0ef5ac929f19 g_c96c864320bd g_972d93a38356 g_391694b733b1 g_cd223ae2c14c g_5922615e970b g_5f9a2a28d938 g_c8c314a57065 g_90298087d115 g_506bb93fd6be g_a96518fc97f4 g_8e4cc318d5ff g_161bb62a3c06 g_4a4f24278bd4 g_625a947450e3 g_15c48691c814 g_0701cad717f8 g_0138d31917f4 g_9f2beae38595 g_9d1973506502 g_f2621ae227bc g_2315fb39b52b g_1c62e0ae8ea9 g_d6796aac6fad g_88519814e971 g_4937dbcd9886 g_1c1f9b6306d6 g_64eb57938f1b g_1fa2f29b3a3e g_354f05e3b9ad g_2850963261b2 g_709bf5016911 g_fe963cfb43b0 g_76dc3140199d g_9ef238ae78a3 g_f7e9b00e6cf3 g_9c5e6a801105 g_165f7b062c42 g_eb2f9447d949 g_541cb66753a1 g_0e97bd3a7274 g_9a86c9a82e74 g_42e7ae6e5fc0 g_fda0e974280b g_333cb4a6fcbd g_dd5e8c615752 g_d19bde46609a g_2f1574ae2289 g_cd4de557f4d5 g_cafd200d5a45 g_85817a57d554 g_b966c16ed62e g_5edb8f14442a g_ca78770f1023 g_2df05c310aa2 g_bbc374a3181e g_ddcacee0c164 g_87aa8a58571a g_5f8aeb5f3535 g_a86f6c6158ae g_f354e18ac0e2 g_0d24e8f85db0 g_31f23394ca54 g_0d07bd83c21f g_0877251de687 g_91acd178398d g_6ca741cd71d0 g_831d285a00d2 g_33244e31950b g_31f11613061e g_be9250df6a75 g_9b53fe41c1b8 g_970fb75c4403 g_8da4322d0890 g_68f1b5b754be g_55d37ee4b19c g_e190db501469 g_972a7cf1d4cf g_9803034485b1 g_fe9c2f00554a g_1cd366b4bac7 g_630340946591 g_da324aadb427 g_a005a5f862cb g_63c4f90d50c9
q_04fc880fcc0c,g_dd5e8c615752 g_0877251de687 g_775754ce68f5 g_e92a1a807dd9 g_354f05e3b9ad g_2352a9384666 g_f2621ae227bc g_7d4123a3b599 g_9ef238ae78a3 g_9c5e6a801105 g_6d212b0778a0 g_fdda2ce239a7 g_a86f6c6158ae g_9803034485b1 g_88519814e971 g_cd223ae2c14c g_c96c864320bd g_0d07bd83c21f g_ea83919f4b1d g_76768f93f9b5 g_c8c314a57065 g_ca78770f1023 g_2df05c310aa2 g_1fa2f29b3a3e g_5f9a2a28d938 g_161bb62a3c06 g_fe9c2f00554a g_e1c581ac35b2 g_55d37ee4b19c g_da324aadb427 g_6ca741cd71d0 g_9b53fe41c1b8 g_709bf5016911 g_fe963cfb43b0 g_42e7ae6e5fc0 g_8da4322d0890 g_9d1973506502 g_9a86c9a82e74 g_fb7b982b218d g_2850963261b2 g_024c7d4e6cb4 g_f354e18ac0e2 g_d6796aac6fad g_541cb66753a1 g_cafd200d5a45 g_91acd178398d g_0138d31917f4 g_625a947450e3 g_506bb93fd6be g_0d24e8f85db0 g_90298087d115 g_4a4f24278bd4 g_eb2f9447d949 g_391694b733b1 g_57feb3de5703 g_85817a57d554 g_9af3a32f3ad5 g_33244e31950b g_4937dbcd9886 g_2f1574ae2289 g_87aa8a58571a g_0e97bd3a7274 g_74d0d140bc8c g_15c48691c814 g_a96518fc97f4 g_5f8aeb5f3535 g_cd822c958ead g_5edb8f14442a g_972d93a38356 g_5922615e970b g_fda0e974280b g_31f23394ca54 g_ddcacee0c164 g_831d285a00d2 g_165f7b062c42 g_be9250df6a75 g_2315fb39b52b g_cd4de557f4d5 g_a005a5f862cb g_b966c16ed62e g_d19bde46609a g_bbc374a3181e g_e190db501469 g_68f1b5b754be g_1c1f9b6306d6 g_9f2beae38595 g_64eb57938f1b g_76dc3140199d g_1c62e0ae8ea9 g_333cb4a6fcbd g_1cd366b4bac7 g_f7e9b00e6cf3 g_0701cad717f8 g_0ef5ac929f19 g_972a7cf1d4cf g_8e4cc318d5ff g_970fb75c4403 g_63c4f90d50c9 g_630340946591 g_31f11613061e
q_4d45117efc83,g_7d4123a3b599 g_6d212b0778a0 g_fdda2ce239a7 g_8da4322d0890 g_74d0d140bc8c g_506bb93fd6be g_cafd200d5a45 g_fe9c2f00554a g_eb2f9447d949 g_c96c864320bd g_5922615e970b g_2352a9384666 g_fb7b982b218d g_709bf5016911 g_ca78770f1023 g_76dc3140199d g_354f05e3b9ad g_e1c581ac35b2 g_ea83919f4b1d g_5f9a2a28d938 g_2850963261b2 g_0e97bd3a7274 g_5edb8f14442a g_d19bde46609a g_630340946591 g_85817a57d554 g_4a4f24278bd4 g_0d24e8f85db0 g_970fb75c4403 g_972d93a38356 g_9af3a32f3ad5 g_0d07bd83c21f g_775754ce68f5 g_57feb3de5703 g_cd4de557f4d5 g_f7e9b00e6cf3 g_cd223ae2c14c g_333cb4a6fcbd g_ddcacee0c164 g_0701cad717f8 g_9a86c9a82e74 g_a86f6c6158ae g_31f11613061e g_5f8aeb5f3535 g_f2621ae227bc g_90298087d115 g_68f1b5b754be g_9d1973506502 g_fe963cfb43b0 g_e92a1a807dd9 g_625a947450e3 g_fda0e974280b g_831d285a00d2 g_76768f93f9b5 g_9ef238ae78a3 g_1c62e0ae8ea9 g_0877251de687 g_2315fb39b52b g_9b53fe41c1b8 g_6ca741cd71d0 g_024c7d4e6cb4 g_88519814e971 g_91acd178398d g_e190db501469 g_33244e31950b g_972a7cf1d4cf g_a005a5f862cb g_d6796aac6fad g_cd822c958ead g_8e4cc318d5ff g_1fa2f29b3a3e g_bbc374a3181e g_dd5e8c615752 g_c8c314a57065 g_0ef5ac929f19 g_0138d31917f4 g_be9250df6a75 g_161bb62a3c06 g_f354e18ac0e2 g_a96518fc97f4 g_2f1574ae2289 g_31f23394ca54 g_541cb66753a1 g_42e7ae6e5fc0 g_64eb57938f1b g_87aa8a58571a g_b966c16ed62e g_165f7b062c42 g_9c5e6a801105 g_1c1f9b6306d6 g_9803034485b1 g_15c48691c814 g_391694b733b1 g_2df05c310aa2 g_da324aadb427 g_9f2beae38595 g_63c4f90d50c9 g_55d37ee4b19c g_4937dbcd9886 g_1cd366b4bac7
q_f295166bdfc6,g_0877251de687 g_88519814e971 g_6d212b0778a0 g_7d4123a3b599 g_fdda2ce239a7 g_6ca741cd71d0 g_775754ce68f5 g_e92a1a807dd9 g_fb7b982b218d g_5f9a2a28d938 g_2352a9384666 g_024c7d4e6cb4 g_709bf5016911 g_33244e31950b g_f2621ae227bc g_68f1b5b754be g_ca78770f1023 g_e1c581ac35b2 g_85817a57d554 g_ddcacee0c164 g_165f7b062c42 g_1c62e0ae8ea9 g_be9250df6a75 g_fda0e974280b g_d19bde46609a g_cafd200d5a45 g_c96c864320bd g_a86f6c6158ae g_57feb3de5703 g_d6796aac6fad g_ea83919f4b1d g_9d1973506502 g_2850963261b2 g_f354e18ac0e2 g_1fa2f29b3a3e g_9f2beae38595 g_541cb66753a1 g_c8c314a57065 g_972a7cf1d4cf g_91acd178398d g_a005a5f862cb g_9b53fe41c1b8 g_9803034485b1 g_1c1f9b6306d6 g_b966c16ed62e g_bbc374a3181e g_76768f93f9b5 g_9c5e6a801105 g_354f05e3b9ad g_e190db501469 g_1cd366b4bac7 g_cd223ae2c14c g_31f11613061e g_fe9c2f00554a g_506bb93fd6be g_eb2f9447d949 g_42e7ae6e5fc0 g_333cb4a6fcbd g_5edb8f14442a g_74d0d140bc8c g_90298087d115 g_0701cad717f8 g_161bb62a3c06 g_0e97bd3a7274 g_0d24e8f85db0 g_76dc3140199d g_9a86c9a82e74 g_5922615e970b g_2315fb39b52b g_0d07bd83c21f g_dd5e8c615752 g_fe963cfb43b0 g_391694b733b1 g_8da4322d0890 g_0138d31917f4 g_625a947450e3 g_87aa8a58571a g_2df05c310aa2 g_4a4f24278bd4 g_a96518fc97f4 g_da324aadb427 g_f7e9b00e6cf3 g_972d93a38356 g_831d285a00d2 g_cd822c958ead g_970fb75c4403 g_5f8aeb5f3535 g_4937dbcd9886 g_9af3a32f3ad5 g_15c48691c814 g_cd4de557f4d5 g_8e4cc318d5ff g_64eb57938f1b g_9ef238ae78a3 g_630340946591 g_2f1574ae2289 g_63c4f90d50c9 g_31f23394ca54 g_0ef5ac929f19 g_55d37ee4b19c
q_1a31d0cc8bd0,g_f2621ae227bc g_7d4123a3b599 g_6d212b0778a0 g_fdda2ce239a7 g_ca78770f1023 g_e92a1a807dd9 g_c96c864320bd g_775754ce68f5 g_d6796aac6fad g_e1c581ac35b2 g_1c62e0ae8ea9 g_9ef238ae78a3 g_74d0d140bc8c g_91acd178398d g_dd5e8c615752 g_2352a9384666 g_0e97bd3a7274 g_85817a57d554 g_709bf5016911 g_8da4322d0890 g_bbc374a3181e g_76768f93f9b5 g_9b53fe41c1b8 g_eb2f9447d949 g_88519814e971 g_fb7b982b218d g_57feb3de5703 g_1c1f9b6306d6 g_33244e31950b g_cafd200d5a45 g_354f05e3b9ad g_0d24e8f85db0 g_506bb93fd6be g_2850963261b2 g_be9250df6a75 g_68f1b5b754be g_d19bde46609a g_5edb8f14442a g_c8c314a57065 g_0d07bd83c21f g_1fa2f29b3a3e g_5922615e970b g_fe9c2f00554a g_972a7cf1d4cf g_5f9a2a28d938 g_541cb66753a1 g_f354e18ac0e2 g_ea83919f4b1d g_9c5e6a801105 g_fe963cfb43b0 g_42e7ae6e5fc0 g_cd223ae2c14c g_0877251de687 g_ddcacee0c164 g_831d285a00d2 g_024c7d4e6cb4 g_9a86c9a82e74 g_2315fb39b52b g_165f7b062c42 g_f7e9b00e6cf3 g_cd4de557f4d5 g_6ca741cd71d0 g_a86f6c6158ae g_a005a5f862cb g_31f11613061e g_4937dbcd9886 g_333cb4a6fcbd g_fda0e974280b g_972d93a38356 g_da324aadb427 g_90298087d115 g_4a4f24278bd4 g_0138d31917f4 g_8e4cc318d5ff g_9af3a32f3ad5 g_161bb62a3c06 g_87aa8a58571a g_2f1574ae2289 g_76dc3140199d g_e190db501469 g_9d1973506502 g_15c48691c814 g_970fb75c4403 g_2df05c310aa2 g_9803034485b1 g_64eb57938f1b g_a96518fc97f4 g_31f23394ca54 g_391694b733b1 g_cd822c958ead g_0701cad717f8 g_9f2beae38595 g_625a947450e3 g_1cd366b4bac7 g_0ef5ac929f19 g_630340946591 g_b966c16ed62e g_5f8aeb5f3535 g_63c4f90d50c9 g_55d37ee4b19c
q_4cb7e90d43c7,g_e92a1a807dd9 g_7d4123a3b599 g_6d212b0778a0 g_f354e18ac0e2 g_c96c864320bd g_1c62e0ae8ea9 g_1fa2f29b3a3e g_541cb66753a1 g_33244e31950b g_6ca741cd71d0 g_88519814e971 g_775754ce68f5 g_e1c581ac35b2 g_f2621ae227bc g_2352a9384666 g_cd223ae2c14c g_90298087d115 g_fdda2ce239a7 g_cd822c958ead g_024c7d4e6cb4 g_5f9a2a28d938 g_9c5e6a801105 g_9b53fe41c1b8 g_d6796aac6fad g_0138d31917f4 g_ea83919f4b1d g_161bb62a3c06 g_1c1f9b6306d6 g_85817a57d554 g_165f7b062c42 g_42e7ae6e5fc0 g_0877251de687 g_91acd178398d g_dd5e8c615752 g_fb7b982b218d g_709bf5016911 g_be9250df6a75 g_9d1973506502 g_74d0d140bc8c g_354f05e3b9ad g_d19bde46609a g_76768f93f9b5 g_625a947450e3 g_9a86c9a82e74 g_972d93a38356 g_cafd200d5a45 g_506bb93fd6be g_0701cad717f8 g_9f2beae38595 g_57feb3de5703 g_15c48691c814 g_c8c314a57065 g_68f1b5b754be g_fe963cfb43b0 g_4937dbcd9886 g_0d24e8f85db0 g_2315fb39b52b g_2f1574ae2289 g_b966c16ed62e g_2850963261b2 g_ddcacee0c164 g_bbc374a3181e g_a86f6c6158ae g_2df05c310aa2 g_9af3a32f3ad5 g_1cd366b4bac7 g_4a4f24278bd4 g_87aa8a58571a g_9ef238ae78a3 g_5922615e970b g_391694b733b1 g_a96518fc97f4 g_fe9c2f00554a g_31f23394ca54 g_55d37ee4b19c g_ca78770f1023 g_0d07bd83c21f g_5edb8f14442a g_9803034485b1 g_8e4cc318d5ff g_a005a5f862cb g_831d285a00d2 g_76dc3140199d g_5f8aeb5f3535 g_fda0e974280b g_64eb57938f1b g_eb2f9447d949 g_972a7cf1d4cf g_da324aadb427 g_cd4de557f4d5 g_0ef5ac929f19 g_970fb75c4403 g_8da4322d0890 g_f7e9b00e6cf3 g_0e97bd3a7274 g_31f11613061e g_e190db501469 g_630340946591 g_333cb4a6fcbd g_63c4f90d50c9
q_243f75ab729d,g_ca78770f1023 g_7d4123a3b599 g_6d212b0778a0 g_88519814e971 g_fdda2ce239a7 g_f2621ae227bc g_c96c864320bd g_cafd200d5a45 g_775754ce68f5 g_fb7b982b218d g_2850963261b2 g_fe9c2f00554a g_e1c581ac35b2 g_ddcacee0c164 g_be9250df6a75 g_85817a57d554 g_1fa2f29b3a3e g_024c7d4e6cb4 g_6ca741cd71d0 g_5f9a2a28d938 g_0877251de687 g_972a7cf1d4cf g_9ef238ae78a3 g_5edb8f14442a g_ea83919f4b1d g_68f1b5b754be g_eb2f9447d949 g_9c5e6a801105 g_2352a9384666 g_d6796aac6fad g_91acd178398d g_f354e18ac0e2 g_e92a1a807dd9 g_57feb3de5703 g_cd223ae2c14c g_a005a5f862cb g_33244e31950b g_709bf5016911 g_74d0d140bc8c g_0d07bd83c21f g_541cb66753a1 g_0e97bd3a7274 g_9b53fe41c1b8 g_9803034485b1 g_d19bde46609a g_da324aadb427 g_354f05e3b9ad g_9d1973506502 g_831d285a00d2 g_c8c314a57065 g_31f11613061e g_76768f93f9b5 g_a96518fc97f4 g_fe963cfb43b0 g_a86f6c6158ae g_76dc3140199d g_dd5e8c615752 g_90298087d115 g_fda0e974280b g_0d24e8f85db0 g_506bb93fd6be g_bbc374a3181e g_e190db501469 g_9a86c9a82e74 g_f7e9b00e6cf3 g_42e7ae6e5fc0 g_1c62e0ae8ea9 g_87aa8a58571a g_161bb62a3c06 g_165f7b062c42 g_4a4f24278bd4 g_64eb57938f1b g_8da4322d0890 g_2df05c310aa2 g_333cb4a6fcbd g_2315fb39b52b g_1c1f9b6306d6 g_972d93a38356 g_5f8aeb5f3535 g_970fb75c4403 g_0701cad717f8 g_9af3a32f3ad5 g_5922615e970b g_9f2beae38595 g_625a947450e3 g_4937dbcd9886 g_1cd366b4bac7 g_cd4de557f4d5 g_b966c16ed62e g_cd822c958ead g_391694b733b1 g_0138d31917f4 g_15c48691c814 g_0ef5ac929f19 g_2f1574ae2289 g_55d37ee4b19c g_8e4cc318d5ff g_630340946591 g_63c4f90d50c9 g_31f23394ca54
q_3eda0ca85102,g_7d4123a3b599 g_6d212b0778a0 g_fdda2ce239a7 g_ca78770f1023 g_2850963261b2 g_e1c581ac35b2 g_5edb8f14442a g_831d285a00d2 g_775754ce68f5 g_88519814e971 g_0d07bd83c21f g_fe9c2f00554a g_ea83919f4b1d g_506bb93fd6be g_f2621ae227bc g_5f9a2a28d938 g_fda0e974280b g_fb7b982b218d g_c96c864320bd g_be9250df6a75 g_9c5e6a801105 g_1fa2f29b3a3e g_9b53fe41c1b8 g_4a4f24278bd4 g_74d0d140bc8c g_2352a9384666 g_354f05e3b9ad g_a86f6c6158ae g_5922615e970b g_ddcacee0c164 g_85817a57d554 g_9803034485b1 g_a96518fc97f4 g_c8c314a57065 g_cd4de557f4d5 g_57feb3de5703 g_90298087d115 g_024c7d4e6cb4 g_76dc3140199d g_709bf5016911 g_9ef238ae78a3 g_e92a1a807dd9 g_0d24e8f85db0 g_fe963cfb43b0 g_5f8aeb5f3535 g_e190db501469 g_8da4322d0890 g_dd5e8c615752 g_9a86c9a82e74 g_0e97bd3a7274 g_cafd200d5a45 g_f7e9b00e6cf3 g_d19bde46609a g_eb2f9447d949 g_972d93a38356 g_0701cad717f8 g_64eb57938f1b g_33244e31950b g_2315fb39b52b g_2df05c310aa2 g_541cb66753a1 g_da324aadb427 g_55d37ee4b19c g_cd223ae2c14c g_333cb4a6fcbd g_6ca741cd71d0 g_9d1973506502 g_d6796aac6fad g_9af3a32f3ad5 g_76768f93f9b5 g_91acd178398d g_8e4cc318d5ff g_972a7cf1d4cf g_31f11613061e g_625a947450e3 g_0877251de687 g_970fb75c4403 g_f354e18ac0e2 g_0138d31917f4 g_cd822c958ead g_161bb62a3c06 g_68f1b5b754be g_1c62e0ae8ea9 g_630340946591 g_87aa8a58571a g_b966c16ed62e g_391694b733b1 g_1c1f9b6306d6 g_bbc374a3181e g_63c4f90d50c9 g_a005a5f862cb g_42e7ae6e5fc0 g_15c48691c814 g_1cd366b4bac7 g_4937dbcd9886 g_31f23394ca54 g_0ef5ac929f19 g_2f1574ae2289 g_9f2beae38595 g_165f7b062c42
q_6cda0fc1543b,g_fe963cfb43b0 g_68f1b5b754be g_7d4123a3b599 g_6d212b0778a0 g_e92a1a807dd9 g_625a947450e3 g_fdda2ce239a7 g_9ef238ae78a3 g_4937dbcd9886 g_c96c864320bd g_775754ce68f5 g_2352a9384666 g_31f23394ca54 g_a96518fc97f4 g_eb2f9447d949 g_2f1574ae2289 g_4a4f24278bd4 g_831d285a00d2 g_d19bde46609a g_354f05e3b9ad g_5f9a2a28d938 g_76768f93f9b5 g_cafd200d5a45 g_506bb93fd6be g_74d0d140bc8c g_ea83919f4b1d g_9c5e6a801105 g_9af3a32f3ad5 g_024c7d4e6cb4 g_2315fb39b52b g_cd223ae2c14c g_161bb62a3c06 g_87aa8a58571a g_f2621ae227bc g_42e7ae6e5fc0 g_88519814e971 g_5922615e970b g_f7e9b00e6cf3 g_9a86c9a82e74 g_0d24e8f85db0 g_fb7b982b218d g_6ca741cd71d0 g_ddcacee0c164 g_1fa2f29b3a3e g_a86f6c6158ae g_e1c581ac35b2 g_c8c314a57065 g_972d93a38356 g_2df05c310aa2 g_391694b733b1 g_15c48691c814 g_0701cad717f8 g_f354e18ac0e2 g_0138d31917f4 g_90298087d115 g_9d1973506502 g_709bf5016911 g_8da4322d0890 g_0d07bd83c21f g_541cb66753a1 g_5f8aeb5f3535 g_b966c16ed62e g_1c1f9b6306d6 g_57feb3de5703 g_55d37ee4b19c g_d6796aac6fad g_85817a57d554 g_9f2beae38595 g_2850963261b2 g_76dc3140199d g_91acd178398d g_cd822c958ead g_ca78770f1023 g_33244e31950b g_dd5e8c615752 g_cd4de557f4d5 g_1c62e0ae8ea9 g_be9250df6a75 g_0877251de687 g_970fb75c4403 g_64eb57938f1b g_333cb4a6fcbd g_5edb8f14442a g_8e4cc318d5ff g_da324aadb427 g_fe9c2f00554a g_9b53fe41c1b8 g_972a7cf1d4cf g_9803034485b1 g_a005a5f862cb g_0ef5ac929f19 g_fda0e974280b g_165f7b062c42 g_1cd366b4bac7 g_31f11613061e g_bbc374a3181e g_630340946591 g_0e97bd3a7274 g_e190db501469 g_63c4f90d50c9
q_8240c64314f4,g_9b53fe41c1b8 g_354f05e3b9ad g_88519814e971 g_e1c581ac35b2 g_f354e18ac0e2 g_1fa2f29b3a3e g_7d4123a3b599 g_9c5e6a801105 g_6d212b0778a0 g_2df05c310aa2 g_0d07bd83c21f g_775754ce68f5 g_0877251de687 g_fdda2ce239a7 g_2352a9384666 g_024c7d4e6cb4 g_ea83919f4b1d g_9a86c9a82e74 g_f2621ae227bc g_e92a1a807dd9 g_5f9a2a28d938 g_0138d31917f4 g_a86f6c6158ae g_ca78770f1023 g_57feb3de5703 g_2850963261b2 g_0d24e8f85db0 g_5f8aeb5f3535 g_9d1973506502 g_ddcacee0c164 g_c96c864320bd g_d6796aac6fad g_6ca741cd71d0 g_709bf5016911 g_be9250df6a75 g_161bb62a3c06 g_541cb66753a1 g_fb7b982b218d g_5edb8f14442a g_90298087d115 g_85817a57d554 g_55d37ee4b19c g_9803034485b1 g_c8c314a57065 g_91acd178398d g_74d0d140bc8c g_625a947450e3 g_fda0e974280b g_506bb93fd6be g_dd5e8c615752 g_fe9c2f00554a g_76dc3140199d g_cafd200d5a45 g_0701cad717f8 g_d19bde46609a g_76768f93f9b5 g_cd223ae2c14c g_831d285a00d2 g_64eb57938f1b g_4937dbcd9886 g_165f7b062c42 g_33244e31950b g_a96518fc97f4 g_1c62e0ae8ea9 g_972d93a38356 g_eb2f9447d949 g_cd822c958ead g_fe963cfb43b0 g_42e7ae6e5fc0 g_970fb75c4403 g_a005a5f862cb g_4a4f24278bd4 g_b966c16ed62e g_9ef238ae78a3 g_15c48691c814 g_2315fb39b52b g_87aa8a58571a g_9af3a32f3ad5 g_1cd366b4bac7 g_333cb4a6fcbd g_bbc374a3181e g_9f2beae38595 g_972a7cf1d4cf g_68f1b5b754be g_391694b733b1 g_5922615e970b g_63c4f90d50c9 g_31f23394ca54 g_8e4cc318d5ff g_da324aadb427 g_8da4322d0890 g_cd4de557f4d5 g_2f1574ae2289 g_1c1f9b6306d6 g_31f11613061e g_0e97bd3a7274 g_e190db501469 g_0ef5ac929f19 g_f7e9b00e6cf3 g_630340946591
q_8616ee4a9fe8,g_cd223ae2c14c g_7d4123a3b599 g_fb7b982b218d g_6d212b0778a0 g_5edb8f14442a g_fdda2ce239a7 g_e1c581ac35b2 g_506bb93fd6be g_0701cad717f8 g_161bb62a3c06 g_2850963261b2 g_ea83919f4b1d g_9a86c9a82e74 g_1fa2f29b3a3e g_9d1973506502 g_024c7d4e6cb4 g_541cb66753a1 g_90298087d115 g_2352a9384666 g_0138d31917f4 g_9c5e6a801105 g_fe9c2f00554a g_c8c314a57065 g_0d24e8f85db0 g_76dc3140199d g_8e4cc318d5ff g_cd822c958ead g_354f05e3b9ad g_88519814e971 g_6ca741cd71d0 g_57feb3de5703 g_5f9a2a28d938 g_0d07bd83c21f g_cafd200d5a45 g_e92a1a807dd9 g_4a4f24278bd4 g_d6796aac6fad g_f2621ae227bc g_5f8aeb5f3535 g_ca78770f1023 g_391694b733b1 g_d19bde46609a g_85817a57d554 g_775754ce68f5 g_ddcacee0c164 g_64eb57938f1b g_972a7cf1d4cf g_74d0d140bc8c g_eb2f9447d949 g_42e7ae6e5fc0 g_76768f93f9b5 g_a96518fc97f4 g_5922615e970b g_dd5e8c615752 g_0877251de687 g_a005a5f862cb g_f354e18ac0e2 g_2315fb39b52b g_972d93a38356 g_c96c864320bd g_9af3a32f3ad5 g_630340946591 g_333cb4a6fcbd g_831d285a00d2 g_165f7b062c42 g_fda0e974280b g_9f2beae38595 g_be9250df6a75 g_0ef5ac929f19 g_a86f6c6158ae g_2df05c310aa2 g_33244e31950b g_cd4de557f4d5 g_709bf5016911 g_b966c16ed62e g_9b53fe41c1b8 g_15c48691c814 g_625a947450e3 g_31f11613061e g_55d37ee4b19c g_1c62e0ae8ea9 g_9ef238ae78a3 g_91acd178398d g_fe963cfb43b0 g_9803034485b1 g_68f1b5b754be g_970fb75c4403 g_87aa8a58571a g_f7e9b00e6cf3 g_e190db501469 g_8da4322d0890 g_da324aadb427 g_2f1574ae2289 g_1c1f9b6306d6 g_0e97bd3a7274 g_31f23394ca54 g_1cd366b4bac7 g_63c4f90d50c9 g_4937dbcd9886 g_bbc374a3181e
q_67ff3d36162c,g_9a86c9a82e74 g_9d1973506502 g_e92a1a807dd9 g_0138d31917f4 g_fb7b982b218d g_ddcacee0c164 g_42e7ae6e5fc0 g_31f23394ca54 g_76768f93f9b5 g_0701cad717f8 g_2df05c310aa2 g_1fa2f29b3a3e g_cafd200d5a45 g_5f8aeb5f3535 g_9c5e6a801105 g_cd223ae2c14c g_fe963cfb43b0 g_541cb66753a1 g_c8c314a57065 g_625a947450e3 g_fe9c2f00554a g_76dc3140199d g_ea83919f4b1d g_74d0d140bc8c g_9ef238ae78a3 g_0877251de687 g_2850963261b2 g_506bb93fd6be g_2352a9384666 g_eb2f9447d949 g_e1c581ac35b2 g_90298087d115 g_165f7b062c42 g_15c48691c814 g_55d37ee4b19c g_a005a5f862cb g_831d285a00d2 g_024c7d4e6cb4 g_354f05e3b9ad g_5f9a2a28d938 g_88519814e971 g_0d07bd83c21f g_161bb62a3c06 g_a96518fc97f4 g_5edb8f14442a g_d6796aac6fad g_7d4123a3b599 g_391694b733b1 g_775754ce68f5 g_a86f6c6158ae g_6d212b0778a0 g_9f2beae38595 g_6ca741cd71d0 g_ca78770f1023 g_5922615e970b g_972d93a38356 g_c96c864320bd g_d19bde46609a g_2315fb39b52b g_f354e18ac0e2 g_b966c16ed62e g_0d24e8f85db0 g_8e4cc318d5ff g_57feb3de5703 g_cd822c958ead g_fdda2ce239a7 g_64eb57938f1b g_4937dbcd9886 g_9b53fe41c1b8 g_9af3a32f3ad5 g_630340946591 g_dd5e8c615752 g_4a4f24278bd4 g_2f1574ae2289 g_cd4de557f4d5 g_972a7cf1d4cf g_709bf5016911 g_1c62e0ae8ea9 g_970fb75c4403 g_91acd178398d g_f2621ae227bc g_68f1b5b754be g_9803034485b1 g_0ef5ac929f19 g_fda0e974280b g_33244e31950b g_da324aadb427 g_333cb4a6fcbd g_87aa8a58571a g_31f11613061e g_1c1f9b6306d6 g_8da4322d0890 g_be9250df6a75 g_85817a57d554 g_f7e9b00e6cf3 g_1cd366b4bac7 g_bbc374a3181e g_0e97bd3a7274 g_e190db501469 g_63c4f90d50c9
q_254193b92b05,g_7d4123a3b599 g_6d212b0778a0 g_74d0d140bc8c g_e1c581ac35b2 g_fdda2ce239a7 g_506bb93fd6be g_2352a9384666 g_c96c864320bd g_709bf5016911 g_775754ce68f5 g_2315fb39b52b g_ca78770f1023 g_1c62e0ae8ea9 g_cd822c958ead g_354f05e3b9ad g_88519814e971 g_ea83919f4b1d g_f2621ae227bc g_76768f93f9b5 g_d6796aac6fad g_dd5e8c615752 g_e92a1a807dd9 g_5922615e970b g_8e4cc318d5ff g_625a947450e3 g_cd4de557f4d5 g_0e97bd3a7274 g_8da4322d0890 g_5f9a2a28d938 g_d19bde46609a g_eb2f9447d949 g_9d1973506502 g_9af3a32f3ad5 g_fb7b982b218d g_33244e31950b g_1c1f9b6306d6 g_1fa2f29b3a3e g_9a86c9a82e74 g_4a4f24278bd4 g_90298087d115 g_0138d31917f4 g_57feb3de5703 g_2850963261b2 g_024c7d4e6cb4 g_87aa8a58571a g_0d24e8f85db0 g_c8c314a57065 g_cafd200d5a45 g_42e7ae6e5fc0 g_a86f6c6158ae g_161bb62a3c06 g_2f1574ae2289 g_76dc3140199d g_91acd178398d g_0d07bd83c21f g_f7e9b00e6cf3 g_fe963cfb43b0 g_cd223ae2c14c g_85817a57d554 g_9f2beae38595 g_5edb8f14442a g_972d93a38356 g_165f7b062c42 g_391694b733b1 g_972a7cf1d4cf g_bbc374a3181e g_333cb4a6fcbd g_15c48691c814 g_6ca741cd71d0 g_541cb66753a1 g_f354e18ac0e2 g_ddcacee0c164 g_fe9c2f00554a g_9ef238ae78a3 g_9c5e6a801105 g_fda0e974280b g_831d285a00d2 g_0701cad717f8 g_31f11613061e g_be9250df6a75 g_630340946591 g_0ef5ac929f19 g_970fb75c4403 g_9b53fe41c1b8 g_a96518fc97f4 g_4937dbcd9886 g_2df05c310aa2 g_a005a5f862cb g_0877251de687 g_31f23394ca54 g_5f8aeb5f3535 g_e190db501469 g_64eb57938f1b g_b966c16ed62e g_68f1b5b754be g_9803034485b1 g_55d37ee4b19c g_da324aadb427 g_63c4f90d50c9 g_1cd366b4bac7
q_9bddb60cd9d5,g_0d07bd83c21f g_7d4123a3b599 g_6d212b0778a0 g_fdda2ce239a7 g_be9250df6a75 g_d6796aac6fad g_1fa2f29b3a3e g_354f05e3b9ad g_2850963261b2 g_506bb93fd6be g_9c5e6a801105 g_0d24e8f85db0 g_2df05c310aa2 g_88519814e971 g_9b53fe41c1b8 g_da324aadb427 g_f2621ae227bc g_ca78770f1023 g_e1c581ac35b2 g_f354e18ac0e2 g_fb7b982b218d g_e92a1a807dd9 g_d19bde46609a g_c96c864320bd g_a005a5f862cb g_eb2f9447d949 g_972a7cf1d4cf g_024c7d4e6cb4 g_0701cad717f8 g_6ca741cd71d0 g_85817a57d554 g_9a86c9a82e74 g_831d285a00d2 g_cd822c958ead g_c8c314a57065 g_90298087d115 g_a86f6c6158ae g_5edb8f14442a g_57feb3de5703 g_91acd178398d g_fe9c2f00554a g_ddcacee0c164 g_fda0e974280b g_cafd200d5a45 g_0877251de687 g_33244e31950b g_68f1b5b754be g_541cb66753a1 g_ea83919f4b1d g_cd223ae2c14c g_31f11613061e g_709bf5016911 g_9d1973506502 g_76768f93f9b5 g_76dc3140199d g_f7e9b00e6cf3 g_8e4cc318d5ff g_0138d31917f4 g_74d0d140bc8c g_775754ce68f5 g_2352a9384666 g_4937dbcd9886 g_63c4f90d50c9 g_5922615e970b g_5f9a2a28d938 g_9ef238ae78a3 g_42e7ae6e5fc0 g_9803034485b1 g_dd5e8c615752 g_5f8aeb5f3535 g_1cd366b4bac7 g_2315fb39b52b g_1c62e0ae8ea9 g_625a947450e3 g_630340946591 g_333cb4a6fcbd g_fe963cfb43b0 g_cd4de557f4d5 g_b966c16ed62e g_9f2beae38595 g_1c1f9b6306d6 g_0e97bd3a7274 g_55d37ee4b19c g_e190db501469 g_64eb57938f1b g_165f7b062c42 g_972d93a38356 g_4a4f24278bd4 g_161bb62a3c06 g_970fb75c4403 g_87aa8a58571a g_15c48691c814 g_a96518fc97f4 g_391694b733b1 g_31f23394ca54 g_9af3a32f3ad5 g_2f1574ae2289 g_8da4322d0890 g_0ef5ac929f19 g_bbc374a3181e
q_83ad34d35750,g_2352a9384666 g_5f9a2a28d938 g_e1c581ac35b2 g_ea83919f4b1d g_6ca741cd71d0 g_7d4123a3b599 g_6d212b0778a0 g_161bb62a3c06 g_88519814e971 g_57feb3de5703 g_e92a1a807dd9 g_90298087d115 g_fb7b982b218d g_fdda2ce239a7 g_775754ce68f5 g_f2621ae227bc g_c96c864320bd g_9b53fe41c1b8 g_74d0d140bc8c g_709bf5016911 g_0877251de687 g_506bb93fd6be g_354f05e3b9ad g_2850963261b2 g_024c7d4e6cb4 g_9c5e6a801105 g_a86f6c6158ae g_ca78770f1023 g_0138d31917f4 g_c8c314a57065 g_cafd200d5a45 g_0701cad717f8 g_cd223ae2c14c g_9803034485b1 g_42e7ae6e5fc0 g_b966c16ed62e g_1fa2f29b3a3e g_9d1973506502 g_0e97bd3a7274 g_9a86c9a82e74 g_76768f93f9b5 g_972d93a38356 g_a96518fc97f4 g_d6796aac6fad g_541cb66753a1 g_333cb4a6fcbd g_91acd178398d g_ddcacee0c164 g_9af3a32f3ad5 g_2315fb39b52b g_85817a57d554 g_8da4322d0890 g_625a947450e3 g_76dc3140199d g_d19bde46609a g_dd5e8c615752 g_eb2f9447d949 g_fda0e974280b g_33244e31950b g_fe9c2f00554a g_fe963cfb43b0 g_8e4cc318d5ff g_f354e18ac0e2 g_1c62e0ae8ea9 g_e190db501469 g_391694b733b1 g_2df05c310aa2 g_9ef238ae78a3 g_55d37ee4b19c g_5922615e970b g_0d07bd83c21f g_5edb8f14442a g_4a4f24278bd4 g_87aa8a58571a g_972a7cf1d4cf g_a005a5f862cb g_cd822c958ead g_0d24e8f85db0 g_31f11613061e g_5f8aeb5f3535 g_64eb57938f1b g_165f7b062c42 g_cd4de557f4d5 g_9f2beae38595 g_68f1b5b754be g_f7e9b00e6cf3 g_4937dbcd9886 g_be9250df6a75 g_2f1574ae2289 g_831d285a00d2 g_31f23394ca54 g_970fb75c4403 g_bbc374a3181e g_1c1f9b6306d6 g_15c48691c814 g_1cd366b4bac7 g_0ef5ac929f19 g_630340946591 g_da324aadb427 g_63c4f90d50c9
q_e0795c58dbe1,g_7d4123a3b599 g_6d212b0778a0 g_fdda2ce239a7 g_506bb93fd6be g_ddcacee0c164 g_cafd200d5a45 g_024c7d4e6cb4 g_e92a1a807dd9 g_76dc3140199d g_fe963cfb43b0 g_d19bde46609a g_2850963261b2 g_831d285a00d2 g_eb2f9447d949 g_88519814e971 g_6ca741cd71d0 g_fb7b982b218d g_c96c864320bd g_5edb8f14442a g_2315fb39b52b g_9d1973506502 g_1fa2f29b3a3e g_4a4f24278bd4 g_f7e9b00e6cf3 g_e1c581ac35b2 g_a96518fc97f4 g_ca78770f1023 g_2352a9384666 g_0701cad717f8 g_d6796aac6fad g_970fb75c4403 g_f2621ae227bc g_775754ce68f5 g_0d24e8f85db0 g_68f1b5b754be g_9a86c9a82e74 g_9c5e6a801105 g_625a947450e3 g_972a7cf1d4cf g_2df05c310aa2 g_be9250df6a75 g_90298087d115 g_0d07bd83c21f g_a86f6c6158ae g_57feb3de5703 g_76768f93f9b5 g_ea83919f4b1d g_5f8aeb5f3535 g_cd223ae2c14c g_5f9a2a28d938 g_4937dbcd9886 g_cd4de557f4d5 g_709bf5016911 g_9ef238ae78a3 g_a005a5f862cb g_87aa8a58571a g_74d0d140bc8c g_c8c314a57065 g_85817a57d554 g_354f05e3b9ad g_f354e18ac0e2 g_31f11613061e g_5922615e970b g_9af3a32f3ad5 g_b966c16ed62e g_31f23394ca54 g_fe9c2f00554a g_2f1574ae2289 g_541cb66753a1 g_da324aadb427 g_fda0e974280b g_0138d31917f4 g_42e7ae6e5fc0 g_91acd178398d g_972d93a38356 g_8da4322d0890 g_33244e31950b g_55d37ee4b19c g_cd822c958ead g_0877251de687 g_161bb62a3c06 g_391694b733b1 g_1c1f9b6306d6 g_8e4cc318d5ff g_333cb4a6fcbd g_dd5e8c615752 g_9f2beae38595 g_15c48691c814 g_9803034485b1 g_64eb57938f1b g_165f7b062c42 g_0e97bd3a7274 g_9b53fe41c1b8 g_630340946591 g_1c62e0ae8ea9 g_1cd366b4bac7 g_0ef5ac929f19 g_bbc374a3181e g_e190db501469 g_63c4f90d50c9
q_87a5a76279a5,g_7d4123a3b599 g_6d212b0778a0 g_ddcacee0c164 g_2352a9384666 g_e1c581ac35b2 g_c96c864320bd g_775754ce68f5 g_709bf5016911 g_fdda2ce239a7 g_0877251de687 g_88519814e971 g_fb7b982b218d g_ea83919f4b1d g_9d1973506502 g_1fa2f29b3a3e g_024c7d4e6cb4 g_6ca741cd71d0 g_cafd200d5a45 g_f2621ae227bc g_5f9a2a28d938 g_a86f6c6158ae g_2850963261b2 g_57feb3de5703 g_85817a57d554 g_625a947450e3 g_e92a1a807dd9 g_354f05e3b9ad g_fe9c2f00554a g_fe963cfb43b0 g_ca78770f1023 g_a96518fc97f4 g_506bb93fd6be g_9c5e6a801105 g_90298087d115 g_161bb62a3c06 g_91acd178398d g_9b53fe41c1b8 g_fda0e974280b g_d19bde46609a g_541cb66753a1 g_5f8aeb5f3535 g_9803034485b1 g_2315fb39b52b g_f354e18ac0e2 g_970fb75c4403 g_5edb8f14442a g_d6796aac6fad g_8da4322d0890 g_4a4f24278bd4 g_eb2f9447d949 g_0701cad717f8 g_972d93a38356 g_165f7b062c42 g_cd223ae2c14c g_76dc3140199d g_9ef238ae78a3 g_9a86c9a82e74 g_55d37ee4b19c g_68f1b5b754be g_87aa8a58571a g_be9250df6a75 g_b966c16ed62e g_cd4de557f4d5 g_dd5e8c615752 g_0d07bd83c21f g_2df05c310aa2 g_831d285a00d2 g_391694b733b1 g_0138d31917f4 g_0d24e8f85db0 g_74d0d140bc8c g_c8c314a57065 g_a005a5f862cb g_9af3a32f3ad5 g_1c62e0ae8ea9 g_33244e31950b g_972a7cf1d4cf g_42e7ae6e5fc0 g_333cb4a6fcbd g_76768f93f9b5 g_64eb57938f1b g_0e97bd3a7274 g_bbc374a3181e g_31f11613061e g_5922615e970b g_15c48691c814 g_2f1574ae2289 g_cd822c958ead g_4937dbcd9886 g_1c1f9b6306d6 g_9f2beae38595 g_f7e9b00e6cf3 g_8e4cc318d5ff g_e190db501469 g_630340946591 g_1cd366b4bac7 g_da324aadb427 g_31f23394ca54 g_0ef5ac929f19 g_63c4f90d50c9
q_4fd03861a706,g_7d4123a3b599 g_6d212b0778a0 g_fdda2ce239a7 g_0d24e8f85db0 g_f354e18ac0e2 g_024c7d4e6cb4 g_2df05c310aa2 g_9c5e6a801105 g_354f05e3b9ad g_85817a57d554 g_e92a1a807dd9 g_be9250df6a75 g_d19bde46609a g_1fa2f29b3a3e g_0d07bd83c21f g_506bb93fd6be g_88519814e971 g_91acd178398d g_a86f6c6158ae g_1cd366b4bac7 g_d6796aac6fad g_f2621ae227bc g_33244e31950b g_e1c581ac35b2 g_6ca741cd71d0 g_ca78770f1023 g_a005a5f862cb g_68f1b5b754be g_0701cad717f8 g_eb2f9447d949 g_9b53fe41c1b8 g_2850963261b2 g_9a86c9a82e74 g_cafd200d5a45 g_9d1973506502 g_8e4cc318d5ff g_5edb8f14442a g_1c62e0ae8ea9 g_0877251de687 g_ddcacee0c164 g_55d37ee4b19c g_0138d31917f4 g_cd822c958ead g_c96c864320bd g_709bf5016911 g_9803034485b1 g_970fb75c4403 g_fb7b982b218d g_831d285a00d2 g_da324aadb427 g_fda0e974280b g_2352a9384666 g_625a947450e3 g_5922615e970b g_63c4f90d50c9 g_fe963cfb43b0 g_775754ce68f5 g_4a4f24278bd4 g_972a7cf1d4cf g_541cb66753a1 g_cd223ae2c14c g_ea83919f4b1d g_4937dbcd9886 g_31f11613061e g_f7e9b00e6cf3 g_1c1f9b6306d6 g_76dc3140199d g_76768f93f9b5 g_dd5e8c615752 g_87aa8a58571a g_b966c16ed62e g_31f23394ca54 g_fe9c2f00554a g_42e7ae6e5fc0 g_2315fb39b52b g_57feb3de5703 g_391694b733b1 g_5f9a2a28d938 g_5f8aeb5f3535 g_630340946591 g_9ef238ae78a3 g_74d0d140bc8c g_90298087d115 g_972d93a38356 g_bbc374a3181e g_c8c314a57065 g_64eb57938f1b g_165f7b062c42 g_161bb62a3c06 g_2f1574ae2289 g_cd4de557f4d5 g_9af3a32f3ad5 g_a96518fc97f4 g_8da4322d0890 g_9f2beae38595 g_15c48691c814 g_0e97bd3a7274 g_333cb4a6fcbd g_0ef5ac929f19 g_e190db501469
q_0afbd6dbbc98,g_7d4123a3b599 g_6d212b0778a0 g_2850963261b2 g_506bb93fd6be g_fdda2ce239a7 g_5edb8f14442a g_ca78770f1023 g_88519814e971 g_e1c581ac35b2 g_5f9a2a28d938 g_fb7b982b218d g_fda0e974280b g_57feb3de5703 g_2352a9384666 g_ea83919f4b1d g_a86f6c6158ae g_0d07bd83c21f g_eb2f9447d949 g_775754ce68f5 g_be9250df6a75 g_0e97bd3a7274 g_9b53fe41c1b8 g_5922615e970b g_74d0d140bc8c g_c96c864320bd g_970fb75c4403 g_709bf5016911 g_1fa2f29b3a3e g_e92a1a807dd9 g_f2621ae227bc g_76dc3140199d g_90298087d115 g_85817a57d554 g_c8c314a57065 g_cafd200d5a45 g_31f11613061e g_e190db501469 g_64eb57938f1b g_d19bde46609a g_972d93a38356 g_ddcacee0c164 g_4a4f24278bd4 g_9c5e6a801105 g_9a86c9a82e74 g_2df05c310aa2 g_354f05e3b9ad g_fe9c2f00554a g_0701cad717f8 g_972a7cf1d4cf g_9803034485b1 g_9d1973506502 g_024c7d4e6cb4 g_cd4de557f4d5 g_333cb4a6fcbd g_76768f93f9b5 g_161bb62a3c06 g_9af3a32f3ad5 g_0877251de687 g_0d24e8f85db0 g_d6796aac6fad g_6ca741cd71d0 g_831d285a00d2 g_0138d31917f4 g_a96518fc97f4 g_33244e31950b g_5f8aeb5f3535 g_cd223ae2c14c g_541cb66753a1 g_68f1b5b754be g_2315fb39b52b g_f354e18ac0e2 g_9ef238ae78a3 g_8e4cc318d5ff g_630340946591 g_dd5e8c615752 g_1cd366b4bac7 g_da324aadb427 g_a005a5f862cb g_8da4322d0890 g_b966c16ed62e g_91acd178398d g_42e7ae6e5fc0 g_f7e9b00e6cf3 g_391694b733b1 g_2f1574ae2289 g_625a947450e3 g_63c4f90d50c9 g_fe963cfb43b0 g_bbc374a3181e g_cd822c958ead g_0ef5ac929f19 g_55d37ee4b19c g_165f7b062c42 g_1c62e0ae8ea9 g_1c1f9b6306d6 g_87aa8a58571a g_31f23394ca54 g_9f2beae38595 g_4937dbcd9886 g_15c48691c814
q_3a1deb13dc92,g_7d4123a3b599 g_ca78770f1023 g_0d07bd83c21f g_6d212b0778a0 g_fdda2ce239a7 g_88519814e971 g_2850963261b2 g_fda0e974280b g_9b53fe41c1b8 g_e1c581ac35b2 g_c96c864320bd g_fb7b982b218d g_5edb8f14442a g_fe9c2f00554a g_be9250df6a75 g_2352a9384666 g_e190db501469 g_0e97bd3a7274 g_f2621ae227bc g_709bf5016911 g_c8c314a57065 g_5f9a2a28d938 g_775754ce68f5 g_d6796aac6fad g_da324aadb427 g_57feb3de5703 g_0877251de687 g_972a7cf1d4cf g_354f05e3b9ad g_506bb93fd6be g_85817a57d554 g_e92a1a807dd9 g_33244e31950b g_1fa2f29b3a3e g_64eb57938f1b g_5922615e970b g_1c62e0ae8ea9 g_831d285a00d2 g_74d0d140bc8c g_cafd200d5a45 g_ddcacee0c164 g_31f11613061e g_9a86c9a82e74 g_a005a5f862cb g_8da4322d0890 g_9c5e6a801105 g_d19bde46609a g_9803034485b1 g_76dc3140199d g_6ca741cd71d0 g_68f1b5b754be g_eb2f9447d949 g_ea83919f4b1d g_9d1973506502 g_cd223ae2c14c g_91acd178398d g_2df05c310aa2 g_024c7d4e6cb4 g_9ef238ae78a3 g_a86f6c6158ae g_0d24e8f85db0 g_76768f93f9b5 g_0701cad717f8 g_90298087d115 g_541cb66753a1 g_333cb4a6fcbd g_0138d31917f4 g_f354e18ac0e2 g_cd4de557f4d5 g_630340946591 g_dd5e8c615752 g_f7e9b00e6cf3 g_970fb75c4403 g_cd822c958ead g_63c4f90d50c9 g_0ef5ac929f19 g_5f8aeb5f3535 g_8e4cc318d5ff g_42e7ae6e5fc0 g_972d93a38356 g_1cd366b4bac7 g_4a4f24278bd4 g_b966c16ed62e g_bbc374a3181e g_2315fb39b52b g_9f2beae38595 g_fe963cfb43b0 g_9af3a32f3ad5 g_161bb62a3c06 g_165f7b062c42 g_1c1f9b6306d6 g_625a947450e3 g_391694b733b1 g_a96518fc97f4 g_87aa8a58571a g_15c48691c814 g_2f1574ae2289 g_55d37ee4b19c g_4937dbcd9886 g_31f23394ca54
q_4a33d6497abc,g_7d4123a3b599 g_6d212b0778a0 g_fdda2ce239a7 g_1fa2f29b3a3e g_88519814e971 g_2850963261b2 g_0877251de687 g_d6796aac6fad g_eb2f9447d949 g_fb7b982b218d g_a86f6c6158ae g_e92a1a807dd9 g_0d24e8f85db0 g_57feb3de5703 g_775754ce68f5 g_ca78770f1023 g_9c5e6a801105 g_be9250df6a75 g_d19bde46609a g_9d1973506502 g_f2621ae227bc g_024c7d4e6cb4 g_9b53fe41c1b8 g_33244e31950b g_68f1b5b754be g_506bb93fd6be g_fda0e974280b g_ddcacee0c164 g_e1c581ac35b2 g_6ca741cd71d0 g_5edb8f14442a g_0701cad717f8 g_85817a57d554 g_f354e18ac0e2 g_354f05e3b9ad g_c96c864320bd g_1c62e0ae8ea9 g_709bf5016911 g_9a86c9a82e74 g_ea83919f4b1d g_2352a9384666 g_cd223ae2c14c g_a005a5f862cb g_90298087d115 g_fe9c2f00554a g_972a7cf1d4cf g_0d07bd83c21f g_da324aadb427 g_42e7ae6e5fc0 g_c8c314a57065 g_31f11613061e g_831d285a00d2 g_625a947450e3 g_2df05c310aa2 g_5f9a2a28d938 g_165f7b062c42 g_541cb66753a1 g_74d0d140bc8c g_cafd200d5a45 g_76dc3140199d g_9ef238ae78a3 g_b966c16ed62e g_64eb57938f1b g_4937dbcd9886 g_0e97bd3a7274 g_5922615e970b g_0138d31917f4 g_5f8aeb5f3535 g_fe963cfb43b0 g_9f2beae38595 g_391694b733b1 g_1cd366b4bac7 g_76768f93f9b5 g_2315fb39b52b g_630340946591 g_4a4f24278bd4 g_1c1f9b6306d6 g_91acd178398d g_dd5e8c615752 g_333cb4a6fcbd g_63c4f90d50c9 g_87aa8a58571a g_161bb62a3c06 g_970fb75c4403 g_cd822c958ead g_31f23394ca54 g_2f1574ae2289 g_e190db501469 g_972d93a38356 g_8e4cc318d5ff g_55d37ee4b19c g_cd4de557f4d5 g_a96518fc97f4 g_9803034485b1 g_f7e9b00e6cf3 g_9af3a32f3ad5 g_15c48691c814 g_8da4322d0890 g_bbc374a3181e g_0ef5ac929f19
q_5e830302f283,g_64eb57938f1b g_9d1973506502 g_fb7b982b218d g_541cb66753a1 g_cd223ae2c14c g_7d4123a3b599 g_6d212b0778a0 g_ea83919f4b1d g_1fa2f29b3a3e g_506bb93fd6be g_9a86c9a82e74 g_74d0d140bc8c g_57feb3de5703 g_90298087d115 g_e92a1a807dd9 g_775754ce68f5 g_fdda2ce239a7 g_0138d31917f4 g_88519814e971 g_024c7d4e6cb4 g_c96c864320bd g_e1c581ac35b2 g_c8c314a57065 g_5f8aeb5f3535 g_2df05c310aa2 g_76768f93f9b5 g_0701cad717f8 g_15c48691c814 g_2352a9384666 g_5f9a2a28d938 g_5edb8f14442a g_ddcacee0c164 g_9c5e6a801105 g_cafd200d5a45 g_625a947450e3 g_d6796aac6fad g_76dc3140199d g_9f2beae38595 g_0877251de687 g_709bf5016911 g_0d07bd83c21f g_2850963261b2 g_eb2f9447d949 g_cd822c958ead g_fda0e974280b g_dd5e8c615752 g_ca78770f1023 g_5922615e970b g_d19bde46609a g_4a4f24278bd4 g_8e4cc318d5ff g_354f05e3b9ad g_6ca741cd71d0 g_2315fb39b52b g_f2621ae227bc g_0d24e8f85db0 g_be9250df6a75 g_cd4de557f4d5 g_630340946591 g_b966c16ed62e g_972d93a38356 g_165f7b062c42 g_970fb75c4403 g_42e7ae6e5fc0 g_161bb62a3c06 g_0ef5ac929f19 g_a96518fc97f4 g_972a7cf1d4cf g_85817a57d554 g_831d285a00d2 g_31f11613061e g_a86f6c6158ae g_f354e18ac0e2 g_9ef238ae78a3 g_9b53fe41c1b8 g_68f1b5b754be g_33244e31950b g_a005a5f862cb g_391694b733b1 g_fe963cfb43b0 g_9af3a32f3ad5 g_55d37ee4b19c g_1c1f9b6306d6 g_87aa8a58571a g_2f1574ae2289 g_fe9c2f00554a g_333cb4a6fcbd g_da324aadb427 g_91acd178398d g_f7e9b00e6cf3 g_4937dbcd9886 g_9803034485b1 g_1c62e0ae8ea9 g_0e97bd3a7274 g_8da4322d0890 g_e190db501469 g_31f23394ca54 g_1cd366b4bac7 g_bbc374a3181e g_63c4f90d50c9
q_1cd51fa12cad,g_7d4123a3b599 g_6d212b0778a0 g_eb2f9447d949 g_2352a9384666 g_625a947450e3 g_c96c864320bd g_972d93a38356 g_e92a1a807dd9 g_88519814e971 g_fdda2ce239a7 g_fb7b982b218d g_9a86c9a82e74 g_ea83919f4b1d g_cafd200d5a45 g_cd223ae2c14c g_90298087d115 g_506bb93fd6be g_74d0d140bc8c g_fe963cfb43b0 g_a86f6c6158ae g_161bb62a3c06 g_42e7ae6e5fc0 g_2f1574ae2289 g_970fb75c4403 g_e1c581ac35b2 g_9af3a32f3ad5 g_76768f93f9b5 g_9d1973506502 g_d6796aac6fad g_2850963261b2 g_c8c314a57065 g_0138d31917f4 g_0701cad717f8 g_5f9a2a28d938 g_709bf5016911 g_4a4f24278bd4 g_6ca741cd71d0 g_cd822c958ead g_165f7b062c42 g_775754ce68f5 g_5922615e970b g_9c5e6a801105 g_fe9c2f00554a g_d19bde46609a g_354f05e3b9ad g_57feb3de5703 g_8da4322d0890 g_f7e9b00e6cf3 g_5edb8f14442a g_87aa8a58571a g_541cb66753a1 g_1c62e0ae8ea9 g_76dc3140199d g_2315fb39b52b g_9ef238ae78a3 g_024c7d4e6cb4 g_391694b733b1 g_333cb4a6fcbd g_f354e18ac0e2 g_31f23394ca54 g_972a7cf1d4cf g_85817a57d554 g_cd4de557f4d5 g_1fa2f29b3a3e g_ddcacee0c164 g_b966c16ed62e g_0d24e8f85db0 g_831d285a00d2 g_ca78770f1023 g_0d07bd83c21f g_68f1b5b754be g_9f2beae38595 g_4937dbcd9886 g_0877251de687 g_9b53fe41c1b8 g_2df05c310aa2 g_a96518fc97f4 g_f2621ae227bc g_1c1f9b6306d6 g_31f11613061e g_a005a5f862cb g_15c48691c814 g_dd5e8c615752 g_8e4cc318d5ff g_33244e31950b g_0e97bd3a7274 g_55d37ee4b19c g_0ef5ac929f19 g_da324aadb427 g_91acd178398d g_5f8aeb5f3535 g_9803034485b1 g_64eb57938f1b g_be9250df6a75 g_fda0e974280b g_630340946591 g_bbc374a3181e g_1cd366b4bac7 g_e190db501469 g_63c4f90d50c9
q_8c7b4b6875bf,g_7d4123a3b599 g_6d212b0778a0 g_fdda2ce239a7 g_0d24e8f85db0 g_354f05e3b9ad g_506bb93fd6be g_d19bde46609a g_a86f6c6158ae g_0701cad717f8 g_625a947450e3 g_024c7d4e6cb4 g_9a86c9a82e74 g_cd822c958ead g_f354e18ac0e2 g_9f2beae38595 g_a005a5f862cb g_0138d31917f4 g_e92a1a807dd9 g_eb2f9447d949 g_391694b733b1 g_63c4f90d50c9 g_9c5e6a801105 g_630340946591 g_55d37ee4b19c g_4a4f24278bd4 g_b966c16ed62e g_e1c581ac35b2 g_0d07bd83c21f g_2df05c310aa2 g_d6796aac6fad g_2352a9384666 g_f2621ae227bc g_1fa2f29b3a3e g_5922615e970b g_541cb66753a1 g_5f9a2a28d938 g_2f1574ae2289 g_33244e31950b g_fe963cfb43b0 g_9d1973506502 g_165f7b062c42 g_2850963261b2 g_9af3a32f3ad5 g_ea83919f4b1d g_57feb3de5703 g_8e4cc318d5ff g_161bb62a3c06 g_cd223ae2c14c g_dd5e8c615752 g_9803034485b1 g_68f1b5b754be g_1c62e0ae8ea9 g_0877251de687 g_8da4322d0890 g_fe9c2f00554a g_fda0e974280b g_90298087d115 g_85817a57d554 g_6ca741cd71d0 g_74d0d140bc8c g_15c48691c814 g_c96c864320bd g_42e7ae6e5fc0 g_972d93a38356 g_9b53fe41c1b8 g_31f23394ca54 g_76768f93f9b5 g_fb7b982b218d g_ddcacee0c164 g_1c1f9b6306d6 g_2315fb39b52b g_87aa8a58571a g_88519814e971 g_5f8aeb5f3535 g_972a7cf1d4cf g_da324aadb427 g_be9250df6a75 g_76dc3140199d g_cafd200d5a45 g_5edb8f14442a g_91acd178398d g_4937dbcd9886 g_775754ce68f5 g_709bf5016911 g_333cb4a6fcbd g_a96518fc97f4 g_31f11613061e g_cd4de557f4d5 g_9ef238ae78a3 g_ca78770f1023 g_831d285a00d2 g_0ef5ac929f19 g_970fb75c4403 g_c8c314a57065 g_bbc374a3181e g_f7e9b00e6cf3 g_0e97bd3a7274 g_e190db501469 g_64eb57938f1b g_1cd366b4bac7
q_2aebc6ad5171,g_7d4123a3b599 g_6d212b0778a0 g_fdda2ce239a7 g_63c4f90d50c9 g_d19bde46609a g_0d24e8f85db0 g_33244e31950b g_f354e18ac0e2 g_506bb93fd6be g_f2621ae227bc g_68f1b5b754be g_4a4f24278bd4 g_354f05e3b9ad g_024c7d4e6cb4 g_be9250df6a75 g_a86f6c6158ae g_1fa2f29b3a3e g_1c62e0ae8ea9 g_eb2f9447d949 g_85817a57d554 g_9a86c9a82e74 g_9f2beae38595 g_630340946591 g_9b53fe41c1b8 g_e92a1a807dd9 g_391694b733b1 g_cd223ae2c14c g_bbc374a3181e g_cd822c958ead g_1c1f9b6306d6 g_2df05c310aa2 g_165f7b062c42 g_0d07bd83c21f g_a005a5f862cb g_541cb66753a1 g_5922615e970b g_2f1574ae2289 g_57feb3de5703 g_0138d31917f4 g_dd5e8c615752 g_709bf5016911 g_2352a9384666 g_c96c864320bd g_31f23394ca54 g_fe9c2f00554a g_88519814e971 g_9d1973506502 g_e1c581ac35b2 g_0877251de687 g_5f9a2a28d938 g_d6796aac6fad g_0701cad717f8 g_9af3a32f3ad5 g_91acd178398d g_9c5e6a801105 g_31f11613061e g_55d37ee4b19c g_8da4322d0890 g_fe963cfb43b0 g_fda0e974280b g_2850963261b2 g_625a947450e3 g_da324aadb427 g_15c48691c814 g_74d0d140bc8c g_2315fb39b52b g_ea83919f4b1d g_cafd200d5a45 g_161bb62a3c06 g_775754ce68f5 g_87aa8a58571a g_6ca741cd71d0 g_0ef5ac929f19 g_4937dbcd9886 g_ca78770f1023 g_cd4de557f4d5 g_90298087d115 g_42e7ae6e5fc0 g_972d93a38356 g_970fb75c4403 g_5f8aeb5f3535 g_972a7cf1d4cf g_5edb8f14442a g_9803034485b1 g_b966c16ed62e g_9ef238ae78a3 g_76768f93f9b5 g_fb7b982b218d g_0e97bd3a7274 g_8e4cc318d5ff g_ddcacee0c164 g_76dc3140199d g_831d285a00d2 g_333cb4a6fcbd g_f7e9b00e6cf3 g_1cd366b4bac7 g_e190db501469 g_64eb57938f1b g_a96518fc97f4 g_c8c314a57065
q_b93f934eca46,g_9d1973506502 g_024c7d4e6cb4 g_fb7b982b218d g_7d4123a3b599 g_2df05c310aa2 g_506bb93fd6be g_6d212b0778a0 g_fdda2ce239a7 g_e92a1a807dd9 g_1fa2f29b3a3e g_cd223ae2c14c g_76768f93f9b5 g_e1c581ac35b2 g_6ca741cd71d0 g_ea83919f4b1d g_d19bde46609a g_541cb66753a1 g_74d0d140bc8c g_165f7b062c42 g_f354e18ac0e2 g_0701cad717f8 g_88519814e971 g_42e7ae6e5fc0 g_775754ce68f5 g_9c5e6a801105 g_4a4f24278bd4 g_354f05e3b9ad g_dd5e8c615752 g_0d24e8f85db0 g_55d37ee4b19c g_0d07bd83c21f g_a005a5f862cb g_15c48691c814 g_5f9a2a28d938 g_2352a9384666 g_5f8aeb5f3535 g_eb2f9447d949 g_9a86c9a82e74 g_ddcacee0c164 g_625a947450e3 g_a96518fc97f4 g_391694b733b1 g_0138d31917f4 g_2850963261b2 g_cafd200d5a45 g_972a7cf1d4cf g_161bb62a3c06 g_0877251de687 g_c96c864320bd g_c8c314a57065 g_2315fb39b52b g_90298087d115 g_8e4cc318d5ff g_cd822c958ead g_d6796aac6fad g_85817a57d554 g_b966c16ed62e g_cd4de557f4d5 g_31f11613061e g_5922615e970b g_9f2beae38595 g_76dc3140199d g_972d93a38356 g_831d285a00d2 g_f2621ae227bc g_57feb3de5703 g_709bf5016911 g_ca78770f1023 g_5edb8f14442a g_1c1f9b6306d6 g_fda0e974280b g_be9250df6a75 g_fe963cfb43b0 g_a86f6c6158ae g_87aa8a58571a g_630340946591 g_fe9c2f00554a g_68f1b5b754be g_33244e31950b g_970fb75c4403 g_4937dbcd9886 g_da324aadb427 g_91acd178398d g_333cb4a6fcbd g_64eb57938f1b g_f7e9b00e6cf3 g_9b53fe41c1b8 g_9ef238ae78a3 g_1cd366b4bac7 g_9803034485b1 g_9af3a32f3ad5 g_0ef5ac929f19 g_31f23394ca54 g_bbc374a3181e g_1c62e0ae8ea9 g_2f1574ae2289 g_e190db501469 g_8da4322d0890 g_63c4f90d50c9 g_0e97bd3a7274
q_1fc53e313624,g_6d212b0778a0 g_7d4123a3b599 g_fdda2ce239a7 g_024c7d4e6cb4 g_0d24e8f85db0 g_1fa2f29b3a3e g_f354e18ac0e2 g_a86f6c6158ae g_e92a1a807dd9 g_0d07bd83c21f g_354f05e3b9ad g_9c5e6a801105 g_2df05c310aa2 g_506bb93fd6be g_4a4f24278bd4 g_be9250df6a75 g_f2621ae227bc g_d6796aac6fad g_d19bde46609a g_55d37ee4b19c g_85817a57d554 g_ca78770f1023 g_831d285a00d2 g_2315fb39b52b g_fe963cfb43b0 g_eb2f9447d949 g_91acd178398d g_970fb75c4403 g_9a86c9a82e74 g_2850963261b2 g_2352a9384666 g_9803034485b1 g_88519814e971 g_625a947450e3 g_9d1973506502 g_2f1574ae2289 g_e1c581ac35b2 g_9ef238ae78a3 g_c96c864320bd g_cafd200d5a45 g_6ca741cd71d0 g_0138d31917f4 g_a96518fc97f4 g_76dc3140199d g_775754ce68f5 g_33244e31950b g_ddcacee0c164 g_ea83919f4b1d g_9af3a32f3ad5 g_dd5e8c615752 g_541cb66753a1 g_5922615e970b g_68f1b5b754be g_709bf5016911 g_9b53fe41c1b8 g_31f23394ca54 g_4937dbcd9886 g_87aa8a58571a g_fb7b982b218d g_0877251de687 g_5f8aeb5f3535 g_5edb8f14442a g_63c4f90d50c9 g_cd223ae2c14c g_fda0e974280b g_161bb62a3c06 g_74d0d140bc8c g_0701cad717f8 g_76768f93f9b5 g_cd822c958ead g_c8c314a57065 g_a005a5f862cb g_391694b733b1 g_90298087d115 g_cd4de557f4d5 g_57feb3de5703 g_fe9c2f00554a g_5f9a2a28d938 g_f7e9b00e6cf3 g_1c1f9b6306d6 g_42e7ae6e5fc0 g_da324aadb427 g_15c48691c814 g_972d93a38356 g_bbc374a3181e g_64eb57938f1b g_31f11613061e g_8e4cc318d5ff g_8da4322d0890 g_333cb4a6fcbd g_9f2beae38595 g_b966c16ed62e g_972a7cf1d4cf g_1cd366b4bac7 g_165f7b062c42 g_1c62e0ae8ea9 g_630340946591 g_0e97bd3a7274 g_0ef5ac929f19 g_e190db501469
q_633a3a9c40e4,g_6d212b0778a0 g_7d4123a3b599 g_33244e31950b g_fdda2ce239a7 g_88519814e971 g_6ca741cd71d0 g_a005a5f862cb g_1c62e0ae8ea9 g_541cb66753a1 g_c96c864320bd g_ca78770f1023 g_fb7b982b218d g_9b53fe41c1b8 g_9d1973506502 g_e92a1a807dd9 g_f354e18ac0e2 g_fe9c2f00554a g_709bf5016911 g_0877251de687 g_be9250df6a75 g_cafd200d5a45 g_e1c581ac35b2 g_354f05e3b9ad g_165f7b062c42 g_775754ce68f5 g_d6796aac6fad g_d19bde46609a g_68f1b5b754be g_2352a9384666 g_f2621ae227bc g_0d07bd83c21f g_9a86c9a82e74 g_85817a57d554 g_2850963261b2 g_1c1f9b6306d6 g_024c7d4e6cb4 g_5f9a2a28d938 g_0d24e8f85db0 g_cd4de557f4d5 g_91acd178398d g_da324aadb427 g_5edb8f14442a g_ddcacee0c164 g_fda0e974280b g_1fa2f29b3a3e g_630340946591 g_a86f6c6158ae g_506bb93fd6be g_dd5e8c615752 g_9c5e6a801105 g_0701cad717f8 g_42e7ae6e5fc0 g_bbc374a3181e g_74d0d140bc8c g_31f11613061e g_8da4322d0890 g_15c48691c814 g_ea83919f4b1d g_76dc3140199d g_9f2beae38595 g_0138d31917f4 g_972a7cf1d4cf g_970fb75c4403 g_eb2f9447d949 g_c8c314a57065 g_cd223ae2c14c g_57feb3de5703 g_831d285a00d2 g_2df05c310aa2 g_fe963cfb43b0 g_cd822c958ead g_90298087d115 g_625a947450e3 g_9ef238ae78a3 g_8e4cc318d5ff g_f7e9b00e6cf3 g_9803034485b1 g_63c4f90d50c9 g_2f1574ae2289 g_31f23394ca54 g_161bb62a3c06 g_5922615e970b g_333cb4a6fcbd g_b966c16ed62e g_76768f93f9b5 g_972d93a38356 g_e190db501469 g_2315fb39b52b g_4a4f24278bd4 g_4937dbcd9886 g_5f8aeb5f3535 g_a96518fc97f4 g_0e97bd3a7274 g_391694b733b1 g_64eb57938f1b g_1cd366b4bac7 g_87aa8a58571a g_0ef5ac929f19 g_9af3a32f3ad5 g_55d37ee4b19c
q_52ee326c98ce,g_775754ce68f5 g_5f9a2a28d938 g_ea83919f4b1d g_a96518fc97f4 g_fb7b982b218d g_9c5e6a801105 g_74d0d140bc8c g_e92a1a807dd9 g_6d212b0778a0 g_88519814e971 g_7d4123a3b599 g_2352a9384666 g_90298087d115 g_972d93a38356 g_354f05e3b9ad g_625a947450e3 g_76768f93f9b5 g_4a4f24278bd4 g_1fa2f29b3a3e g_fdda2ce239a7 g_c8c314a57065 g_161bb62a3c06 g_2850963261b2 g_e1c581ac35b2 g_ddcacee0c164 g_831d285a00d2 g_506bb93fd6be g_9ef238ae78a3 g_024c7d4e6cb4 g_9d1973506502 g_2df05c310aa2 g_fe963cfb43b0 g_cafd200d5a45 g_cd223ae2c14c g_a86f6c6158ae g_55d37ee4b19c g_2315fb39b52b g_5edb8f14442a g_0701cad717f8 g_c96c864320bd g_ca78770f1023 g_0d07bd83c21f g_6ca741cd71d0 g_541cb66753a1 g_0877251de687 g_eb2f9447d949 g_0138d31917f4 g_f354e18ac0e2 g_5f8aeb5f3535 g_0d24e8f85db0 g_9af3a32f3ad5 g_b966c16ed62e g_5922615e970b g_57feb3de5703 g_709bf5016911 g_f2621ae227bc g_9a86c9a82e74 g_333cb4a6fcbd g_9803034485b1 g_d6796aac6fad g_42e7ae6e5fc0 g_d19bde46609a g_76dc3140199d g_cd4de557f4d5 g_4937dbcd9886 g_64eb57938f1b g_391694b733b1 g_8e4cc318d5ff g_87aa8a58571a g_dd5e8c615752 g_fda0e974280b g_be9250df6a75 g_31f23394ca54 g_85817a57d554 g_f7e9b00e6cf3 g_fe9c2f00554a g_91acd178398d g_2f1574ae2289 g_cd822c958ead g_970fb75c4403 g_33244e31950b g_9b53fe41c1b8 g_1cd366b4bac7 g_972a7cf1d4cf g_15c48691c814 g_165f7b062c42 g_9f2beae38595 g_0e97bd3a7274 g_68f1b5b754be g_a005a5f862cb g_31f11613061e g_da324aadb427 g_1c1f9b6306d6 g_1c62e0ae8ea9 g_0ef5ac929f19 g_8da4322d0890 g_e190db501469 g_630340946591 g_bbc374a3181e g_63c4f90d50c9
q_20234547b63c,g_9ef238ae78a3 g_7d4123a3b599 g_6d212b0778a0 g_4937dbcd9886 g_fdda2ce239a7 g_76768f93f9b5 g_15c48691c814 g_c96c864320bd g_1c1f9b6306d6 g_775754ce68f5 g_74d0d140bc8c g_e92a1a807dd9 g_9af3a32f3ad5 g_9a86c9a82e74 g_e1c581ac35b2 g_0d24e8f85db0 g_42e7ae6e5fc0 g_2f1574ae2289 g_f2621ae227bc g_31f23394ca54 g_c8c314a57065 g_506bb93fd6be g_fe963cfb43b0 g_d19bde46609a g_2352a9384666 g_ca78770f1023 g_354f05e3b9ad g_2315fb39b52b g_0d07bd83c21f g_831d285a00d2 g_709bf5016911 g_88519814e971 g_eb2f9447d949 g_cd822c958ead g_76dc3140199d g_1fa2f29b3a3e g_4a4f24278bd4 g_0138d31917f4 g_9c5e6a801105 g_dd5e8c615752 g_d6796aac6fad g_2df05c310aa2 g_8e4cc318d5ff g_33244e31950b g_5edb8f14442a g_5922615e970b g_fb7b982b218d g_5f9a2a28d938 g_f7e9b00e6cf3 g_972a7cf1d4cf g_024c7d4e6cb4 g_0ef5ac929f19 g_ddcacee0c164 g_9d1973506502 g_2850963261b2 g_f354e18ac0e2 g_cd4de557f4d5 g_1c62e0ae8ea9 g_87aa8a58571a g_a005a5f862cb g_cafd200d5a45 g_90298087d115 g_be9250df6a75 g_625a947450e3 g_9f2beae38595 g_85817a57d554 g_91acd178398d g_9b53fe41c1b8 g_a86f6c6158ae g_541cb66753a1 g_6ca741cd71d0 g_ea83919f4b1d g_64eb57938f1b g_57feb3de5703 g_cd223ae2c14c g_0e97bd3a7274 g_161bb62a3c06 g_31f11613061e g_391694b733b1 g_a96518fc97f4 g_fe9c2f00554a g_68f1b5b754be g_bbc374a3181e g_165f7b062c42 g_972d93a38356 g_da324aadb427 g_8da4322d0890 g_fda0e974280b g_0701cad717f8 g_5f8aeb5f3535 g_55d37ee4b19c g_333cb4a6fcbd g_0877251de687 g_970fb75c4403 g_9803034485b1 g_b966c16ed62e g_e190db501469 g_630340946591 g_1cd366b4bac7 g_63c4f90d50c9
q_21443df17c1b,g_76768f93f9b5 g_e92a1a807dd9 g_9d1973506502 g_391694b733b1 g_a96518fc97f4 g_cd223ae2c14c g_625a947450e3 g_9a86c9a82e74 g_42e7ae6e5fc0 g_0138d31917f4 g_55d37ee4b19c g_ea83919f4b1d g_4937dbcd9886 g_90298087d115 g_31f23394ca54 g_1fa2f29b3a3e g_9c5e6a801105 g_161bb62a3c06 g_4a4f24278bd4 g_9af3a32f3ad5 g_fe963cfb43b0 g_cd822c958ead g_5f8aeb5f3535 g_024c7d4e6cb4 g_0701cad717f8 g_2352a9384666 g_9ef238ae78a3 g_7d4123a3b599 g_775754ce68f5 g_2df05c310aa2 g_6d212b0778a0 g_c8c314a57065 g_506bb93fd6be g_ddcacee0c164 g_354f05e3b9ad g_541cb66753a1 g_2315fb39b52b g_15c48691c814 g_165f7b062c42 g_74d0d140bc8c g_c96c864320bd g_fb7b982b218d g_5922615e970b g_eb2f9447d949 g_6ca741cd71d0 g_0d24e8f85db0 g_0877251de687 g_fdda2ce239a7 g_9f2beae38595 g_b966c16ed62e g_8e4cc318d5ff g_76dc3140199d g_d19bde46609a g_972d93a38356 g_87aa8a58571a g_dd5e8c615752 g_88519814e971 g_f2621ae227bc g_f354e18ac0e2 g_2f1574ae2289 g_2850963261b2 g_831d285a00d2 g_d6796aac6fad g_0ef5ac929f19 g_e1c581ac35b2 g_cafd200d5a45 g_1c62e0ae8ea9 g_1c1f9b6306d6 g_a86f6c6158ae g_5f9a2a28d938 g_57feb3de5703 g_0d07bd83c21f g_64eb57938f1b g_cd4de557f4d5 g_709bf5016911 g_91acd178398d g_fe9c2f00554a g_33244e31950b g_9803034485b1 g_f7e9b00e6cf3 g_da324aadb427 g_85817a57d554 g_5edb8f14442a g_972a7cf1d4cf g_68f1b5b754be g_1cd366b4bac7 g_8da4322d0890 g_fda0e974280b g_a005a5f862cb g_333cb4a6fcbd g_9b53fe41c1b8 g_630340946591 g_be9250df6a75 g_ca78770f1023 g_970fb75c4403 g_31f11613061e g_bbc374a3181e g_0e97bd3a7274 g_e190db501469 g_63c4f90d50c9
q_6f83851b9f93,g_7d4123a3b599 g_6d212b0778a0 g_fdda2ce239a7 g_1c62e0ae8ea9 g_33244e31950b g_f354e18ac0e2 g_e92a1a807dd9 g_d6796aac6fad g_024c7d4e6cb4 g_1fa2f29b3a3e g_d19bde46609a g_f2621ae227bc g_0877251de687 g_68f1b5b754be g_0d24e8f85db0 g_c96c864320bd g_57feb3de5703 g_0701cad717f8 g_354f05e3b9ad g_506bb93fd6be g_9b53fe41c1b8 g_85817a57d554 g_90298087d115 g_6ca741cd71d0 g_fb7b982b218d g_eb2f9447d949 g_541cb66753a1 g_9a86c9a82e74 g_42e7ae6e5fc0 g_e1c581ac35b2 g_88519814e971 g_2352a9384666 g_2850963261b2 g_a86f6c6158ae g_9c5e6a801105 g_cd223ae2c14c g_0d07bd83c21f g_161bb62a3c06 g_a005a5f862cb g_775754ce68f5 g_5922615e970b g_9d1973506502 g_be9250df6a75 g_5f9a2a28d938 g_4937dbcd9886 g_b966c16ed62e g_74d0d140bc8c g_165f7b062c42 g_76768f93f9b5 g_391694b733b1 g_ea83919f4b1d g_2df05c310aa2 g_cafd200d5a45 g_0138d31917f4 g_9f2beae38595 g_c8c314a57065 g_8e4cc318d5ff g_87aa8a58571a g_709bf5016911 g_da324aadb427 g_972a7cf1d4cf g_fe9c2f00554a g_91acd178398d g_cd822c958ead g_fda0e974280b g_625a947450e3 g_1c1f9b6306d6 g_1cd366b4bac7 g_fe963cfb43b0 g_ddcacee0c164 g_2315fb39b52b g_831d285a00d2 g_31f23394ca54 g_dd5e8c615752 g_2f1574ae2289 g_a96518fc97f4 g_972d93a38356 g_64eb57938f1b g_15c48691c814 g_9af3a32f3ad5 g_bbc374a3181e g_76dc3140199d g_4a4f24278bd4 g_31f11613061e g_ca78770f1023 g_55d37ee4b19c g_f7e9b00e6cf3 g_9ef238ae78a3 g_5edb8f14442a g_5f8aeb5f3535 g_63c4f90d50c9 g_630340946591 g_8da4322d0890 g_333cb4a6fcbd g_0e97bd3a7274 g_cd4de557f4d5 g_9803034485b1 g_e190db501469 g_0ef5ac929f19 g_970fb75c4403
q_59025bc85d0b,g_7d4123a3b599 g_2f1574ae2289 g_6d212b0778a0 g_fdda2ce239a7 g_33244e31950b g_f2621ae227bc g_1fa2f29b3a3e g_9f2beae38595 g_506bb93fd6be g_024c7d4e6cb4 g_f354e18ac0e2 g_0d24e8f85db0 g_d19bde46609a g_9af3a32f3ad5 g_c96c864320bd g_31f11613061e g_68f1b5b754be g_cd822c958ead g_85817a57d554 g_be9250df6a75 g_d6796aac6fad g_775754ce68f5 g_bbc374a3181e g_eb2f9447d949 g_2352a9384666 g_0e97bd3a7274 g_57feb3de5703 g_e1c581ac35b2 g_354f05e3b9ad g_88519814e971 g_541cb66753a1 g_a005a5f862cb g_fb7b982b218d g_9b53fe41c1b8 g_1c1f9b6306d6 g_9d1973506502 g_4a4f24278bd4 g_74d0d140bc8c g_a86f6c6158ae g_165f7b062c42 g_1c62e0ae8ea9 g_9a86c9a82e74 g_90298087d115 g_0701cad717f8 g_ca78770f1023 g_709bf5016911 g_161bb62a3c06 g_972a7cf1d4cf g_cd223ae2c14c g_ea83919f4b1d g_5922615e970b g_76768f93f9b5 g_42e7ae6e5fc0 g_15c48691c814 g_625a947450e3 g_630340946591 g_fda0e974280b g_0138d31917f4 g_87aa8a58571a g_6ca741cd71d0 g_64eb57938f1b g_0877251de687 g_9c5e6a801105 g_970fb75c4403 g_333cb4a6fcbd g_ddcacee0c164 g_e92a1a807dd9 g_5f9a2a28d938 g_972d93a38356 g_dd5e8c615752 g_2850963261b2 g_fe963cfb43b0 g_91acd178398d g_0d07bd83c21f g_cafd200d5a45 g_5edb8f14442a g_2315fb39b52b g_4937dbcd9886 g_2df05c310aa2 g_b966c16ed62e g_c8c314a57065 g_31f23394ca54 g_fe9c2f00554a g_76dc3140199d g_8da4322d0890 g_8e4cc318d5ff g_831d285a00d2 g_f7e9b00e6cf3 g_391694b733b1 g_63c4f90d50c9 g_cd4de557f4d5 g_0ef5ac929f19 g_da324aadb427 g_a96518fc97f4 g_9ef238ae78a3 g_5f8aeb5f3535 g_e190db501469 g_55d37ee4b19c g_9803034485b1 g_1cd366b4bac7
q_bc97d5cbb09c,g_6d212b0778a0 g_7d4123a3b599 g_fdda2ce239a7 g_0d24e8f85db0 g_d19bde46609a g_63c4f90d50c9 g_630340946591 g_354f05e3b9ad g_506bb93fd6be g_33244e31950b g_024c7d4e6cb4 g_e92a1a807dd9 g_f2621ae227bc g_a86f6c6158ae g_9a86c9a82e74 g_1fa2f29b3a3e g_eb2f9447d949 g_9d1973506502 g_5922615e970b g_625a947450e3 g_4a4f24278bd4 g_a005a5f862cb g_85817a57d554 g_68f1b5b754be g_fe963cfb43b0 g_541cb66753a1 g_f354e18ac0e2 g_391694b733b1 g_9f2beae38595 g_0d07bd83c21f g_fda0e974280b g_2352a9384666 g_9c5e6a801105 g_2850963261b2 g_be9250df6a75 g_1c62e0ae8ea9 g_cd223ae2c14c g_d6796aac6fad g_2f1574ae2289 g_31f23394ca54 g_2df05c310aa2 g_55d37ee4b19c g_c96c864320bd g_6ca741cd71d0 g_ddcacee0c164 g_9af3a32f3ad5 g_fe9c2f00554a g_e1c581ac35b2 g_2315fb39b52b g_31f11613061e g_0701cad717f8 g_dd5e8c615752 g_cafd200d5a45 g_b966c16ed62e g_cd822c958ead g_5f9a2a28d938 g_da324aadb427 g_cd4de557f4d5 g_ea83919f4b1d g_57feb3de5703 g_0138d31917f4 g_8da4322d0890 g_76dc3140199d g_5f8aeb5f3535 g_42e7ae6e5fc0 g_165f7b062c42 g_831d285a00d2 g_9b53fe41c1b8 g_fb7b982b218d g_9ef238ae78a3 g_972a7cf1d4cf g_74d0d140bc8c g_90298087d115 g_775754ce68f5 g_709bf5016911 g_4937dbcd9886 g_76768f93f9b5 g_ca78770f1023 g_0877251de687 g_0ef5ac929f19 g_91acd178398d g_161bb62a3c06 g_0e97bd3a7274 g_5edb8f14442a g_972d93a38356 g_f7e9b00e6cf3 g_88519814e971 g_333cb4a6fcbd g_a96518fc97f4 g_15c48691c814 g_8e4cc318d5ff g_1c1f9b6306d6 g_87aa8a58571a g_9803034485b1 g_c8c314a57065 g_bbc374a3181e g_970fb75c4403 g_e190db501469 g_64eb57938f1b g_1cd366b4bac7
q_b4a2941ada6e,g_7d4123a3b599 g_76768f93f9b5 g_6d212b0778a0 g_0ef5ac929f19 g_fb7b982b218d g_90298087d115 g_fdda2ce239a7 g_9af3a32f3ad5 g_cd822c958ead g_2850963261b2 g_972d93a38356 g_15c48691c814 g_2352a9384666 g_9d1973506502 g_9a86c9a82e74 g_4a4f24278bd4 g_74d0d140bc8c g_625a947450e3 g_e1c581ac35b2 g_cd223ae2c14c g_161bb62a3c06 g_506bb93fd6be g_2f1574ae2289 g_0138d31917f4 g_76dc3140199d g_5922615e970b g_5edb8f14442a g_8e4cc318d5ff g_c96c864320bd g_c8c314a57065 g_391694b733b1 g_ea83919f4b1d g_0701cad717f8 g_42e7ae6e5fc0 g_57feb3de5703 g_cafd200d5a45 g_e92a1a807dd9 g_5f9a2a28d938 g_775754ce68f5 g_cd4de557f4d5 g_2315fb39b52b g_972a7cf1d4cf g_64eb57938f1b g_9f2beae38595 g_970fb75c4403 g_1c1f9b6306d6 g_fe963cfb43b0 g_eb2f9447d949 g_541cb66753a1 g_333cb4a6fcbd g_a96518fc97f4 g_9ef238ae78a3 g_165f7b062c42 g_88519814e971 g_2df05c310aa2 g_709bf5016911 g_1fa2f29b3a3e g_b966c16ed62e g_354f05e3b9ad g_5f8aeb5f3535 g_0d07bd83c21f g_dd5e8c615752 g_31f23394ca54 g_ddcacee0c164 g_4937dbcd9886 g_6ca741cd71d0 g_87aa8a58571a g_a86f6c6158ae g_ca78770f1023 g_f7e9b00e6cf3 g_d19bde46609a g_024c7d4e6cb4 g_1c62e0ae8ea9 g_d6796aac6fad g_831d285a00d2 g_630340946591 g_fe9c2f00554a g_9c5e6a801105 g_0d24e8f85db0 g_55d37ee4b19c g_0e97bd3a7274 g_8da4322d0890 g_31f11613061e g_9803034485b1 g_fda0e974280b g_f354e18ac0e2 g_0877251de687 g_9b53fe41c1b8 g_f2621ae227bc g_bbc374a3181e g_68f1b5b754be g_33244e31950b g_e190db501469 g_a005a5f862cb g_85817a57d554 g_1cd366b4bac7 g_91acd178398d g_be9250df6a75 g_da324aadb427 g_63c4f90d50c9
q_c8a1537e99ab,g_ea83919f4b1d g_972d93a38356 g_cd223ae2c14c g_161bb62a3c06 g_2352a9384666 g_90298087d115 g_9d1973506502 g_6d212b0778a0 g_7d4123a3b599 g_0138d31917f4 g_74d0d140bc8c g_fdda2ce239a7 g_fb7b982b218d g_5f9a2a28d938 g_c8c314a57065 g_b966c16ed62e g_e92a1a807dd9 g_775754ce68f5 g_541cb66753a1 g_625a947450e3 g_cafd200d5a45 g_9c5e6a801105 g_88519814e971 g_506bb93fd6be g_6ca741cd71d0 g_333cb4a6fcbd g_9a86c9a82e74 g_5f8aeb5f3535 g_024c7d4e6cb4 g_0701cad717f8 g_e1c581ac35b2 g_5edb8f14442a g_76dc3140199d g_76768f93f9b5 g_57feb3de5703 g_4a4f24278bd4 g_354f05e3b9ad g_c96c864320bd g_ddcacee0c164 g_0877251de687 g_d6796aac6fad g_a86f6c6158ae g_9af3a32f3ad5 g_1fa2f29b3a3e g_5922615e970b g_2850963261b2 g_64eb57938f1b g_cd4de557f4d5 g_a96518fc97f4 g_2315fb39b52b g_831d285a00d2 g_dd5e8c615752 g_fe963cfb43b0 g_391694b733b1 g_2df05c310aa2 g_15c48691c814 g_0d24e8f85db0 g_eb2f9447d949 g_42e7ae6e5fc0 g_970fb75c4403 g_0d07bd83c21f g_9ef238ae78a3 g_709bf5016911 g_8e4cc318d5ff g_55d37ee4b19c g_165f7b062c42 g_fda0e974280b g_f2621ae227bc g_0ef5ac929f19 g_630340946591 g_d19bde46609a g_9f2beae38595 g_ca78770f1023 g_9803034485b1 g_2f1574ae2289 g_f354e18ac0e2 g_fe9c2f00554a g_972a7cf1d4cf g_87aa8a58571a g_85817a57d554 g_31f11613061e g_8da4322d0890 g_cd822c958ead g_f7e9b00e6cf3 g_33244e31950b g_31f23394ca54 g_be9250df6a75 g_91acd178398d g_a005a5f862cb g_0e97bd3a7274 g_4937dbcd9886 g_1c62e0ae8ea9 g_9b53fe41c1b8 g_68f1b5b754be g_da324aadb427 g_1c1f9b6306d6 g_1cd366b4bac7 g_e190db501469 g_bbc374a3181e g_63c4f90d50c9
q_e120e9a1936f,g_88519814e971 g_0877251de687 g_fe9c2f00554a g_9d1973506502 g_fb7b982b218d g_165f7b062c42 g_1fa2f29b3a3e g_ca78770f1023 g_e92a1a807dd9 g_ea83919f4b1d g_9c5e6a801105 g_6ca741cd71d0 g_ddcacee0c164 g_775754ce68f5 g_a005a5f862cb g_cafd200d5a45 g_024c7d4e6cb4 g_9803034485b1 g_541cb66753a1 g_a86f6c6158ae g_354f05e3b9ad g_7d4123a3b599 g_6d212b0778a0 g_2850963261b2 g_55d37ee4b19c g_2352a9384666 g_2df05c310aa2 g_0d07bd83c21f g_e1c581ac35b2 g_dd5e8c615752 g_5f8aeb5f3535 g_5edb8f14442a g_506bb93fd6be g_fdda2ce239a7 g_c96c864320bd g_f2621ae227bc g_d6796aac6fad g_9a86c9a82e74 g_831d285a00d2 g_cd223ae2c14c g_f354e18ac0e2 g_76dc3140199d g_90298087d115 g_161bb62a3c06 g_0d24e8f85db0 g_15c48691c814 g_709bf5016911 g_5f9a2a28d938 g_eb2f9447d949 g_85817a57d554 g_91acd178398d g_9ef238ae78a3 g_57feb3de5703 g_9f2beae38595 g_625a947450e3 g_fda0e974280b g_be9250df6a75 g_fe963cfb43b0 g_0701cad717f8 g_972d93a38356 g_da324aadb427 g_a96518fc97f4 g_c8c314a57065 g_b966c16ed62e g_9b53fe41c1b8 g_76768f93f9b5 g_0138d31917f4 g_cd822c958ead g_1c1f9b6306d6 g_391694b733b1 g_8da4322d0890 g_33244e31950b g_42e7ae6e5fc0 g_cd4de557f4d5 g_68f1b5b754be g_2315fb39b52b g_74d0d140bc8c g_d19bde46609a g_87aa8a58571a g_9af3a32f3ad5 g_64eb57938f1b g_4a4f24278bd4 g_970fb75c4403 g_31f23394ca54 g_5922615e970b g_1c62e0ae8ea9 g_972a7cf1d4cf g_bbc374a3181e g_31f11613061e g_2f1574ae2289 g_630340946591 g_4937dbcd9886 g_1cd366b4bac7 g_333cb4a6fcbd g_8e4cc318d5ff g_63c4f90d50c9 g_0e97bd3a7274 g_f7e9b00e6cf3 g_0ef5ac929f19 g_e190db501469
q_d643f24567f4,g_88519814e971 g_0877251de687 g_9c5e6a801105 g_2850963261b2 g_ea83919f4b1d g_57feb3de5703 g_6ca741cd71d0 g_e92a1a807dd9 g_7d4123a3b599 g_90298087d115 g_6d212b0778a0 g_2352a9384666 g_5f9a2a28d938 g_1fa2f29b3a3e g_161bb62a3c06 g_e1c581ac35b2 g_9803034485b1 g_a86f6c6158ae g_fb7b982b218d g_2df05c310aa2 g_fdda2ce239a7 g_354f05e3b9ad g_9a86c9a82e74 g_541cb66753a1 g_9d1973506502 g_ddcacee0c164 g_0d07bd83c21f g_625a947450e3 g_d6796aac6fad g_4937dbcd9886 g_b966c16ed62e g_c96c864320bd g_831d285a00d2 g_5f8aeb5f3535 g_fda0e974280b g_775754ce68f5 g_ca78770f1023 g_76768f93f9b5 g_55d37ee4b19c g_506bb93fd6be g_0701cad717f8 g_c8c314a57065 g_0138d31917f4 g_5edb8f14442a g_da324aadb427 g_74d0d140bc8c g_42e7ae6e5fc0 g_be9250df6a75 g_9b53fe41c1b8 g_f354e18ac0e2 g_76dc3140199d g_fe9c2f00554a g_024c7d4e6cb4 g_cafd200d5a45 g_9af3a32f3ad5 g_a96518fc97f4 g_0d24e8f85db0 g_fe963cfb43b0 g_cd223ae2c14c g_33244e31950b g_a005a5f862cb g_9ef238ae78a3 g_165f7b062c42 g_f2621ae227bc g_eb2f9447d949 g_5922615e970b g_709bf5016911 g_cd822c958ead g_972d93a38356 g_31f23394ca54 g_9f2beae38595 g_d19bde46609a g_8da4322d0890 g_68f1b5b754be g_391694b733b1 g_64eb57938f1b g_1cd366b4bac7 g_8e4cc318d5ff g_1c62e0ae8ea9 g_dd5e8c615752 g_4a4f24278bd4 g_0e97bd3a7274 g_15c48691c814 g_333cb4a6fcbd g_972a7cf1d4cf g_2315fb39b52b g_85817a57d554 g_2f1574ae2289 g_e190db501469 g_cd4de557f4d5 g_87aa8a58571a g_1c1f9b6306d6 g_970fb75c4403 g_91acd178398d g_0ef5ac929f19 g_630340946591 g_31f11613061e g_f7e9b00e6cf3 g_63c4f90d50c9 g_bbc374a3181e
q_25d41f433af8,g_e1c581ac35b2 g_7d4123a3b599 g_9b53fe41c1b8 g_6d212b0778a0 g_fdda2ce239a7 g_2352a9384666 g_5f9a2a28d938 g_88519814e971 g_57feb3de5703 g_354f05e3b9ad g_0877251de687 g_9803034485b1 g_fda0e974280b g_c8c314a57065 g_2850963261b2 g_a86f6c6158ae g_9c5e6a801105 g_0d07bd83c21f g_9a86c9a82e74 g_ea83919f4b1d g_1fa2f29b3a3e g_5edb8f14442a g_c96c864320bd g_0138d31917f4 g_709bf5016911 g_ca78770f1023 g_541cb66753a1 g_e92a1a807dd9 g_161bb62a3c06 g_f2621ae227bc g_0e97bd3a7274 g_be9250df6a75 g_775754ce68f5 g_6ca741cd71d0 g_fb7b982b218d g_90298087d115 g_33244e31950b g_76dc3140199d g_f354e18ac0e2 g_506bb93fd6be g_74d0d140bc8c g_fe9c2f00554a g_ddcacee0c164 g_d6796aac6fad g_85817a57d554 g_2df05c310aa2 g_e190db501469 g_333cb4a6fcbd g_0701cad717f8 g_625a947450e3 g_91acd178398d g_0d24e8f85db0 g_42e7ae6e5fc0 g_1c62e0ae8ea9 g_9d1973506502 g_8da4322d0890 g_d19bde46609a g_024c7d4e6cb4 g_dd5e8c615752 g_972d93a38356 g_972a7cf1d4cf g_831d285a00d2 g_5f8aeb5f3535 g_cafd200d5a45 g_64eb57938f1b g_cd223ae2c14c g_b966c16ed62e g_a005a5f862cb g_eb2f9447d949 g_68f1b5b754be g_63c4f90d50c9 g_5922615e970b g_31f11613061e g_9af3a32f3ad5 g_9ef238ae78a3 g_fe963cfb43b0 g_165f7b062c42 g_970fb75c4403 g_76768f93f9b5 g_da324aadb427 g_a96518fc97f4 g_8e4cc318d5ff g_bbc374a3181e g_cd822c958ead g_2f1574ae2289 g_4937dbcd9886 g_9f2beae38595 g_15c48691c814 g_55d37ee4b19c g_cd4de557f4d5 g_1c1f9b6306d6 g_2315fb39b52b g_4a4f24278bd4 g_31f23394ca54 g_630340946591 g_1cd366b4bac7 g_391694b733b1 g_87aa8a58571a g_0ef5ac929f19 g_f7e9b00e6cf3
q_31929dcdd976,g_9b53fe41c1b8 g_88519814e971 g_7d4123a3b599 g_6d212b0778a0 g_e1c581ac35b2 g_fda0e974280b g_5f9a2a28d938 g_fdda2ce239a7 g_1fa2f29b3a3e g_0877251de687 g_c96c864320bd g_57feb3de5703 g_775754ce68f5 g_e92a1a807dd9 g_709bf5016911 g_fb7b982b218d g_2352a9384666 g_be9250df6a75 g_541cb66753a1 g_ea83919f4b1d g_6ca741cd71d0 g_0138d31917f4 g_f2621ae227bc g_024c7d4e6cb4 g_74d0d140bc8c g_ca78770f1023 g_c8c314a57065 g_d6796aac6fad g_9c5e6a801105 g_33244e31950b g_2850963261b2 g_90298087d115 g_64eb57938f1b g_85817a57d554 g_1c62e0ae8ea9 g_76768f93f9b5 g_9d1973506502 g_5edb8f14442a g_0701cad717f8 g_506bb93fd6be g_9a86c9a82e74 g_0d07bd83c21f g_a86f6c6158ae g_9f2beae38595 g_f354e18ac0e2 g_354f05e3b9ad g_2df05c310aa2 g_cd223ae2c14c g_ddcacee0c164 g_1c1f9b6306d6 g_68f1b5b754be g_d19bde46609a g_0e97bd3a7274 g_165f7b062c42 g_91acd178398d g_e190db501469 g_5922615e970b g_b966c16ed62e g_161bb62a3c06 g_cd822c958ead g_cafd200d5a45 g_9803034485b1 g_970fb75c4403 g_8e4cc318d5ff g_831d285a00d2 g_bbc374a3181e g_dd5e8c615752 g_a005a5f862cb g_5f8aeb5f3535 g_76dc3140199d g_42e7ae6e5fc0 g_31f11613061e g_972d93a38356 g_eb2f9447d949 g_8da4322d0890 g_1cd366b4bac7 g_fe9c2f00554a g_15c48691c814 g_625a947450e3 g_333cb4a6fcbd g_0d24e8f85db0 g_4937dbcd9886 g_972a7cf1d4cf g_fe963cfb43b0 g_2315fb39b52b g_f7e9b00e6cf3 g_cd4de557f4d5 g_a96518fc97f4 g_87aa8a58571a g_4a4f24278bd4 g_391694b733b1 g_0ef5ac929f19 g_2f1574ae2289 g_9af3a32f3ad5 g_9ef238ae78a3 g_63c4f90d50c9 g_da324aadb427 g_630340946591 g_55d37ee4b19c g_31f23394ca54
q_8c2176ec01ec,g_7d4123a3b599 g_6d212b0778a0 g_fdda2ce239a7 g_33244e31950b g_bbc374a3181e g_f2621ae227bc g_9f2beae38595 g_f354e18ac0e2 g_775754ce68f5 g_cd822c958ead g_6ca741cd71d0 g_1c62e0ae8ea9 g_88519814e971 g_be9250df6a75 g_85817a57d554 g_2352a9384666 g_68f1b5b754be g_4937dbcd9886 g_024c7d4e6cb4 g_165f7b062c42 g_1fa2f29b3a3e g_15c48691c814 g_e92a1a807dd9 g_1c1f9b6306d6 g_2f1574ae2289 g_5f9a2a28d938 g_9b53fe41c1b8 g_c96c864320bd g_91acd178398d g_d6796aac6fad g_0877251de687 g_541cb66753a1 g_709bf5016911 g_0d24e8f85db0 g_57feb3de5703 g_d19bde46609a g_9af3a32f3ad5 g_ca78770f1023 g_354f05e3b9ad g_fb7b982b218d g_ea83919f4b1d g_76768f93f9b5 g_e1c581ac35b2 g_90298087d115 g_ddcacee0c164 g_a86f6c6158ae g_74d0d140bc8c g_1cd366b4bac7 g_31f23394ca54 g_0ef5ac929f19 g_9a86c9a82e74 g_cd223ae2c14c g_4a4f24278bd4 g_cafd200d5a45 g_9803034485b1 g_9c5e6a801105 g_0138d31917f4 g_2df05c310aa2 g_a005a5f862cb g_42e7ae6e5fc0 g_dd5e8c615752 g_161bb62a3c06 g_506bb93fd6be g_2850963261b2 g_76dc3140199d g_b966c16ed62e g_0d07bd83c21f g_0e97bd3a7274 g_fe963cfb43b0 g_972d93a38356 g_625a947450e3 g_9d1973506502 g_fda0e974280b g_87aa8a58571a g_c8c314a57065 g_9ef238ae78a3 g_eb2f9447d949 g_8da4322d0890 g_391694b733b1 g_31f11613061e g_5edb8f14442a g_831d285a00d2 g_333cb4a6fcbd g_5922615e970b g_2315fb39b52b g_970fb75c4403 g_e190db501469 g_cd4de557f4d5 g_0701cad717f8 g_64eb57938f1b g_fe9c2f00554a g_972a7cf1d4cf g_da324aadb427 g_f7e9b00e6cf3 g_a96518fc97f4 g_5f8aeb5f3535 g_8e4cc318d5ff g_55d37ee4b19c g_63c4f90d50c9 g_630340946591
q_c34ea28e980c,g_88519814e971 g_ca78770f1023 g_6d212b0778a0 g_7d4123a3b599 g_5edb8f14442a g_e1c581ac35b2 g_fda0e974280b g_fdda2ce239a7 g_ddcacee0c164 g_be9250df6a75 g_e92a1a807dd9 g_f2621ae227bc g_2850963261b2 g_9b53fe41c1b8 g_9c5e6a801105 g_cafd200d5a45 g_2352a9384666 g_775754ce68f5 g_fb7b982b218d g_fe9c2f00554a g_1fa2f29b3a3e g_024c7d4e6cb4 g_85817a57d554 g_6ca741cd71d0 g_354f05e3b9ad g_0877251de687 g_ea83919f4b1d g_c8c314a57065 g_9a86c9a82e74 g_91acd178398d g_76dc3140199d g_c96c864320bd g_33244e31950b g_5f9a2a28d938 g_0d07bd83c21f g_709bf5016911 g_a005a5f862cb g_a86f6c6158ae g_0138d31917f4 g_9803034485b1 g_f354e18ac0e2 g_9ef238ae78a3 g_64eb57938f1b g_0d24e8f85db0 g_541cb66753a1 g_2df05c310aa2 g_57feb3de5703 g_d19bde46609a g_9d1973506502 g_74d0d140bc8c g_68f1b5b754be g_dd5e8c615752 g_831d285a00d2 g_bbc374a3181e g_972a7cf1d4cf g_cd223ae2c14c g_d6796aac6fad g_506bb93fd6be g_fe963cfb43b0 g_2315fb39b52b g_1cd366b4bac7 g_eb2f9447d949 g_90298087d115 g_76768f93f9b5 g_970fb75c4403 g_1c62e0ae8ea9 g_165f7b062c42 g_5922615e970b g_0e97bd3a7274 g_161bb62a3c06 g_31f11613061e g_5f8aeb5f3535 g_625a947450e3 g_4a4f24278bd4 g_a96518fc97f4 g_1c1f9b6306d6 g_cd4de557f4d5 g_42e7ae6e5fc0 g_9af3a32f3ad5 g_972d93a38356 g_e190db501469 g_0701cad717f8 g_2f1574ae2289 g_15c48691c814 g_4937dbcd9886 g_da324aadb427 g_31f23394ca54 g_63c4f90d50c9 g_9f2beae38595 g_cd822c958ead g_b966c16ed62e g_8e4cc318d5ff g_8da4322d0890 g_f7e9b00e6cf3 g_87aa8a58571a g_391694b733b1 g_333cb4a6fcbd g_55d37ee4b19c g_630340946591 g_0ef5ac929f19
q_0807a6040e8d,g_354f05e3b9ad g_e92a1a807dd9 g_7d4123a3b599 g_6d212b0778a0 g_506bb93fd6be g_625a947450e3 g_55d37ee4b19c g_fe963cfb43b0 g_a86f6c6158ae g_0d24e8f85db0 g_ddcacee0c164 g_9c5e6a801105 g_0d07bd83c21f g_2850963261b2 g_fdda2ce239a7 g_2df05c310aa2 g_a96518fc97f4 g_0701cad717f8 g_ea83919f4b1d g_e1c581ac35b2 g_31f23394ca54 g_9a86c9a82e74 g_2352a9384666 g_fb7b982b218d g_eb2f9447d949 g_f354e18ac0e2 g_6ca741cd71d0 g_831d285a00d2 g_d6796aac6fad g_90298087d115 g_9ef238ae78a3 g_024c7d4e6cb4 g_76dc3140199d g_9d1973506502 g_1fa2f29b3a3e g_4937dbcd9886 g_c96c864320bd g_cafd200d5a45 g_2315fb39b52b g_9af3a32f3ad5 g_0138d31917f4 g_972d93a38356 g_88519814e971 g_4a4f24278bd4 g_42e7ae6e5fc0 g_161bb62a3c06 g_d19bde46609a g_775754ce68f5 g_a005a5f862cb g_9803034485b1 g_2f1574ae2289 g_76768f93f9b5 g_5f8aeb5f3535 g_5f9a2a28d938 g_8e4cc318d5ff g_c8c314a57065 g_f2621ae227bc g_74d0d140bc8c g_b966c16ed62e g_391694b733b1 g_5922615e970b g_da324aadb427 g_57feb3de5703 g_5edb8f14442a g_541cb66753a1 g_87aa8a58571a g_ca78770f1023 g_cd822c958ead g_fe9c2f00554a g_cd223ae2c14c g_333cb4a6fcbd g_972a7cf1d4cf g_dd5e8c615752 g_15c48691c814 g_f7e9b00e6cf3 g_1c62e0ae8ea9 g_709bf5016911 g_cd4de557f4d5 g_8da4322d0890 g_91acd178398d g_0877251de687 g_be9250df6a75 g_fda0e974280b g_85817a57d554 g_33244e31950b g_1c1f9b6306d6 g_165f7b062c42 g_9f2beae38595 g_68f1b5b754be g_9b53fe41c1b8 g_31f11613061e g_970fb75c4403 g_630340946591 g_0ef5ac929f19 g_0e97bd3a7274 g_1cd366b4bac7 g_64eb57938f1b g_bbc374a3181e g_63c4f90d50c9 g_e190db501469
q_ae1726e81996,g_5f9a2a28d938 g_7d4123a3b599 g_6d212b0778a0 g_88519814e971 g_2352a9384666 g_e1c581ac35b2 g_fdda2ce239a7 g_775754ce68f5 g_9b53fe41c1b8 g_ca78770f1023 g_0e97bd3a7274 g_709bf5016911 g_2850963261b2 g_fb7b982b218d g_fda0e974280b g_cafd200d5a45 g_a86f6c6158ae g_354f05e3b9ad g_c96c864320bd g_74d0d140bc8c g_ea83919f4b1d g_333cb4a6fcbd g_d6796aac6fad g_6ca741cd71d0 g_c8c314a57065 g_57feb3de5703 g_506bb93fd6be g_0d07bd83c21f g_e92a1a807dd9 g_f2621ae227bc g_5edb8f14442a g_33244e31950b g_85817a57d554 g_be9250df6a75 g_0701cad717f8 g_9803034485b1 g_0877251de687 g_e190db501469 g_9c5e6a801105 g_972a7cf1d4cf g_1c62e0ae8ea9 g_90298087d115 g_972d93a38356 g_8da4322d0890 g_ddcacee0c164 g_5922615e970b g_0138d31917f4 g_024c7d4e6cb4 g_76768f93f9b5 g_eb2f9447d949 g_68f1b5b754be g_d19bde46609a g_9a86c9a82e74 g_831d285a00d2 g_1fa2f29b3a3e g_161bb62a3c06 g_f354e18ac0e2 g_31f11613061e g_fe9c2f00554a g_b966c16ed62e g_42e7ae6e5fc0 g_2df05c310aa2 g_8e4cc318d5ff g_9d1973506502 g_76dc3140199d g_91acd178398d g_cd223ae2c14c g_541cb66753a1 g_a005a5f862cb g_0d24e8f85db0 g_cd822c958ead g_a96518fc97f4 g_f7e9b00e6cf3 g_970fb75c4403 g_2315fb39b52b g_64eb57938f1b g_165f7b062c42 g_dd5e8c615752 g_bbc374a3181e g_625a947450e3 g_9f2beae38595 g_9ef238ae78a3 g_4a4f24278bd4 g_5f8aeb5f3535 g_1cd366b4bac7 g_fe963cfb43b0 g_cd4de557f4d5 g_1c1f9b6306d6 g_9af3a32f3ad5 g_da324aadb427 g_87aa8a58571a g_391694b733b1 g_63c4f90d50c9 g_630340946591 g_4937dbcd9886 g_15c48691c814 g_2f1574ae2289 g_0ef5ac929f19 g_55d37ee4b19c g_31f23394ca54
q_13c05ca36e55,g_1fa2f29b3a3e g_775754ce68f5 g_e1c581ac35b2 g_7d4123a3b599 g_354f05e3b9ad g_2df05c310aa2 g_6d212b0778a0 g_74d0d140bc8c g_f354e18ac0e2 g_0138d31917f4 g_e92a1a807dd9 g_f2621ae227bc g_9c5e6a801105 g_024c7d4e6cb4 g_0d07bd83c21f g_ea83919f4b1d g_506bb93fd6be g_9b53fe41c1b8 g_90298087d115 g_76768f93f9b5 g_fb7b982b218d g_fdda2ce239a7 g_5f9a2a28d938 g_88519814e971 g_cd223ae2c14c g_c96c864320bd g_d6796aac6fad g_be9250df6a75 g_541cb66753a1 g_dd5e8c615752 g_57feb3de5703 g_4937dbcd9886 g_2352a9384666 g_c8c314a57065 g_2315fb39b52b g_9a86c9a82e74 g_a86f6c6158ae g_cafd200d5a45 g_9d1973506502 g_9ef238ae78a3 g_709bf5016911 g_0d24e8f85db0 g_cd822c958ead g_8e4cc318d5ff g_d19bde46609a g_42e7ae6e5fc0 g_0701cad717f8 g_625a947450e3 g_91acd178398d g_5edb8f14442a g_15c48691c814 g_161bb62a3c06 g_6ca741cd71d0 g_a96518fc97f4 g_33244e31950b g_85817a57d554 g_55d37ee4b19c g_ddcacee0c164 g_0877251de687 g_ca78770f1023 g_2850963261b2 g_831d285a00d2 g_fe963cfb43b0 g_9f2beae38595 g_4a4f24278bd4 g_165f7b062c42 g_972d93a38356 g_9803034485b1 g_5f8aeb5f3535 g_64eb57938f1b g_87aa8a58571a g_76dc3140199d g_5922615e970b g_fda0e974280b g_68f1b5b754be g_1c1f9b6306d6 g_2f1574ae2289 g_9af3a32f3ad5 g_cd4de557f4d5 g_b966c16ed62e g_fe9c2f00554a g_391694b733b1 g_eb2f9447d949 g_1c62e0ae8ea9 g_f7e9b00e6cf3 g_1cd366b4bac7 g_a005a5f862cb g_31f23394ca54 g_bbc374a3181e g_0ef5ac929f19 g_972a7cf1d4cf g_31f11613061e g_333cb4a6fcbd g_970fb75c4403 g_da324aadb427 g_8da4322d0890 g_0e97bd3a7274 g_630340946591 g_e190db501469 g_63c4f90d50c9
q_5f7a199f6047,g_9af3a32f3ad5 g_fe963cfb43b0 g_625a947450e3 g_9c5e6a801105 g_024c7d4e6cb4 g_7d4123a3b599 g_4a4f24278bd4 g_6d212b0778a0 g_2315fb39b52b g_1fa2f29b3a3e g_775754ce68f5 g_354f05e3b9ad g_55d37ee4b19c g_cd223ae2c14c g_0d24e8f85db0 g_87aa8a58571a g_76768f93f9b5 g_15c48691c814 g_506bb93fd6be g_fdda2ce239a7 g_2f1574ae2289 g_9d1973506502 g_2df05c310aa2 g_eb2f9447d949 g_e92a1a807dd9 g_391694b733b1 g_cd822c958ead g_31f23394ca54 g_c96c864320bd g_90298087d115 g_ea83919f4b1d g_d19bde46609a g_4937dbcd9886 g_a96518fc97f4 g_5922615e970b g_f2621ae227bc g_64eb57938f1b g_74d0d140bc8c g_9ef238ae78a3 g_dd5e8c615752 g_831d285a00d2 g_9a86c9a82e74 g_541cb66753a1 g_0138d31917f4 g_f7e9b00e6cf3 g_cafd200d5a45 g_2352a9384666 g_5f8aeb5f3535 g_161bb62a3c06 g_ddcacee0c164 g_42e7ae6e5fc0 g_fb7b982b218d g_91acd178398d g_0701cad717f8 g_972d93a38356 g_b966c16ed62e g_a86f6c6158ae g_f354e18ac0e2 g_8e4cc318d5ff g_e1c581ac35b2 g_0d07bd83c21f g_709bf5016911 g_57feb3de5703 g_88519814e971 g_9f2beae38595 g_76dc3140199d g_2850963261b2 g_0ef5ac929f19 g_85817a57d554 g_31f11613061e g_c8c314a57065 g_0877251de687 g_1c1f9b6306d6 g_165f7b062c42 g_cd4de557f4d5 g_d6796aac6fad g_5f9a2a28d938 g_970fb75c4403 g_be9250df6a75 g_5edb8f14442a g_68f1b5b754be g_33244e31950b g_ca78770f1023 g_6ca741cd71d0 g_a005a5f862cb g_972a7cf1d4cf g_9803034485b1 g_fe9c2f00554a g_fda0e974280b g_1c62e0ae8ea9 g_630340946591 g_da324aadb427 g_333cb4a6fcbd g_1cd366b4bac7 g_9b53fe41c1b8 g_8da4322d0890 g_0e97bd3a7274 g_63c4f90d50c9 g_bbc374a3181e g_e190db501469
q_7954a251f271,g_2df05c310aa2 g_9a86c9a82e74 g_9d1973506502 g_e92a1a807dd9 g_9c5e6a801105 g_0138d31917f4 g_1fa2f29b3a3e g_55d37ee4b19c g_7d4123a3b599 g_625a947450e3 g_6d212b0778a0 g_f354e18ac0e2 g_5f8aeb5f3535 g_cd223ae2c14c g_775754ce68f5 g_354f05e3b9ad g_fdda2ce239a7 g_6ca741cd71d0 g_fe963cfb43b0 g_541cb66753a1 g_024c7d4e6cb4 g_b966c16ed62e g_ddcacee0c164 g_d6796aac6fad g_76768f93f9b5 g_42e7ae6e5fc0 g_ea83919f4b1d g_506bb93fd6be g_709bf5016911 g_2352a9384666 g_0d24e8f85db0 g_4937dbcd9886 g_90298087d115 g_15c48691c814 g_c8c314a57065 g_88519814e971 g_0877251de687 g_831d285a00d2 g_cd822c958ead g_4a4f24278bd4 g_2315fb39b52b g_a96518fc97f4 g_9b53fe41c1b8 g_76dc3140199d g_165f7b062c42 g_fb7b982b218d g_d19bde46609a g_161bb62a3c06 g_cafd200d5a45 g_0d07bd83c21f g_9ef238ae78a3 g_a86f6c6158ae g_0701cad717f8 g_391694b733b1 g_31f23394ca54 g_eb2f9447d949 g_c96c864320bd g_2850963261b2 g_e1c581ac35b2 g_74d0d140bc8c g_5edb8f14442a g_1cd366b4bac7 g_a005a5f862cb g_9af3a32f3ad5 g_64eb57938f1b g_dd5e8c615752 g_cd4de557f4d5 g_9f2beae38595 g_5f9a2a28d938 g_5922615e970b g_87aa8a58571a g_57feb3de5703 g_be9250df6a75 g_972a7cf1d4cf g_972d93a38356 g_2f1574ae2289 g_8e4cc318d5ff g_f2621ae227bc g_91acd178398d g_33244e31950b g_fda0e974280b g_ca78770f1023 g_da324aadb427 g_9803034485b1 g_85817a57d554 g_970fb75c4403 g_fe9c2f00554a g_1c62e0ae8ea9 g_f7e9b00e6cf3 g_1c1f9b6306d6 g_68f1b5b754be g_0ef5ac929f19 g_31f11613061e g_333cb4a6fcbd g_630340946591 g_bbc374a3181e g_8da4322d0890 g_0e97bd3a7274 g_63c4f90d50c9 g_e190db501469
q_42b493687526,g_7d4123a3b599 g_6d212b0778a0 g_2850963261b2 g_fdda2ce239a7 g_e1c581ac35b2 g_972a7cf1d4cf g_506bb93fd6be g_ca78770f1023 g_5f9a2a28d938 g_0d07bd83c21f g_5edb8f14442a g_2352a9384666 g_fb7b982b218d g_88519814e971 g_354f05e3b9ad g_ea83919f4b1d g_57feb3de5703 g_c96c864320bd g_9b53fe41c1b8 g_0d24e8f85db0 g_5922615e970b g_eb2f9447d949 g_fda0e974280b g_d6796aac6fad g_ddcacee0c164 g_0701cad717f8 g_fe9c2f00554a g_e92a1a807dd9 g_c8c314a57065 g_90298087d115 g_d19bde46609a g_be9250df6a75 g_76dc3140199d g_31f11613061e g_9a86c9a82e74 g_e190db501469 g_0e97bd3a7274 g_74d0d140bc8c g_85817a57d554 g_f2621ae227bc g_775754ce68f5 g_cd223ae2c14c g_9c5e6a801105 g_6ca741cd71d0 g_8e4cc318d5ff g_a005a5f862cb g_33244e31950b g_333cb4a6fcbd g_1fa2f29b3a3e g_76768f93f9b5 g_68f1b5b754be g_9803034485b1 g_cafd200d5a45 g_42e7ae6e5fc0 g_0877251de687 g_709bf5016911 g_a86f6c6158ae g_2df05c310aa2 g_da324aadb427 g_f7e9b00e6cf3 g_831d285a00d2 g_8da4322d0890 g_cd4de557f4d5 g_9d1973506502 g_024c7d4e6cb4 g_4a4f24278bd4 g_9ef238ae78a3 g_161bb62a3c06 g_f354e18ac0e2 g_972d93a38356 g_0138d31917f4 g_5f8aeb5f3535 g_cd822c958ead g_64eb57938f1b g_541cb66753a1 g_625a947450e3 g_1c62e0ae8ea9 g_b966c16ed62e g_dd5e8c615752 g_970fb75c4403 g_630340946591 g_9af3a32f3ad5 g_63c4f90d50c9 g_2315fb39b52b g_fe963cfb43b0 g_91acd178398d g_1cd366b4bac7 g_165f7b062c42 g_391694b733b1 g_87aa8a58571a g_a96518fc97f4 g_0ef5ac929f19 g_1c1f9b6306d6 g_55d37ee4b19c g_9f2beae38595 g_4937dbcd9886 g_2f1574ae2289 g_bbc374a3181e g_31f23394ca54 g_15c48691c814
q_80111507323e,g_7d4123a3b599 g_6d212b0778a0 g_9a86c9a82e74 g_a86f6c6158ae g_161bb62a3c06 g_e1c581ac35b2 g_fdda2ce239a7 g_55d37ee4b19c g_2352a9384666 g_ea83919f4b1d g_625a947450e3 g_4a4f24278bd4 g_9c5e6a801105 g_354f05e3b9ad g_a96518fc97f4 g_0138d31917f4 g_76dc3140199d g_e92a1a807dd9 g_972d93a38356 g_506bb93fd6be g_c8c314a57065 g_2850963261b2 g_74d0d140bc8c g_2df05c310aa2 g_fe963cfb43b0 g_5f9a2a28d938 g_f354e18ac0e2 g_57feb3de5703 g_0d24e8f85db0 g_2f1574ae2289 g_2315fb39b52b g_9803034485b1 g_9ef238ae78a3 g_9af3a32f3ad5 g_0d07bd83c21f g_90298087d115 g_31f23394ca54 g_024c7d4e6cb4 g_88519814e971 g_9d1973506502 g_775754ce68f5 g_4937dbcd9886 g_fb7b982b218d g_ca78770f1023 g_42e7ae6e5fc0 g_5edb8f14442a g_76768f93f9b5 g_1fa2f29b3a3e g_eb2f9447d949 g_709bf5016911 g_831d285a00d2 g_c96c864320bd g_cafd200d5a45 g_0701cad717f8 g_fe9c2f00554a g_cd223ae2c14c g_5922615e970b g_5f8aeb5f3535 g_6ca741cd71d0 g_d19bde46609a g_ddcacee0c164 g_cd822c958ead g_d6796aac6fad g_87aa8a58571a g_391694b733b1 g_541cb66753a1 g_f2621ae227bc g_85817a57d554 g_dd5e8c615752 g_cd4de557f4d5 g_8da4322d0890 g_15c48691c814 g_333cb4a6fcbd g_8e4cc318d5ff g_0877251de687 g_b966c16ed62e g_91acd178398d g_9b53fe41c1b8 g_970fb75c4403 g_972a7cf1d4cf g_64eb57938f1b g_f7e9b00e6cf3 g_0e97bd3a7274 g_0ef5ac929f19 g_1c62e0ae8ea9 g_165f7b062c42 g_33244e31950b g_fda0e974280b g_be9250df6a75 g_9f2beae38595 g_a005a5f862cb g_68f1b5b754be g_1c1f9b6306d6 g_1cd366b4bac7 g_bbc374a3181e g_da324aadb427 g_31f11613061e g_e190db501469 g_630340946591 g_63c4f90d50c9
q_d5e1a7fd213c,g_76768f93f9b5 g_506bb93fd6be g_eb2f9447d949 g_15c48691c814 g_c96c864320bd g_fe9c2f00554a g_cafd200d5a45 g_cd822c958ead g_55d37ee4b19c g_cd223ae2c14c g_87aa8a58571a g_2315fb39b52b g_e92a1a807dd9 g_9d1973506502 g_fe963cfb43b0 g_8da4322d0890 g_625a947450e3 g_354f05e3b9ad g_4a4f24278bd4 g_9a86c9a82e74 g_f7e9b00e6cf3 g_1c1f9b6306d6 g_90298087d115 g_42e7ae6e5fc0 g_dd5e8c615752 g_fb7b982b218d g_024c7d4e6cb4 g_6d212b0778a0 g_7d4123a3b599 g_5922615e970b g_d19bde46609a g_9af3a32f3ad5 g_0701cad717f8 g_165f7b062c42 g_9f2beae38595 g_74d0d140bc8c g_31f23394ca54 g_76dc3140199d g_cd4de557f4d5 g_2352a9384666 g_2850963261b2 g_ea83919f4b1d g_0d07bd83c21f g_91acd178398d g_e1c581ac35b2 g_709bf5016911 g_0ef5ac929f19 g_ddcacee0c164 g_8e4cc318d5ff g_1fa2f29b3a3e g_fdda2ce239a7 g_970fb75c4403 g_0d24e8f85db0 g_2f1574ae2289 g_a005a5f862cb g_2df05c310aa2 g_391694b733b1 g_d6796aac6fad g_0877251de687 g_5f9a2a28d938 g_5f8aeb5f3535 g_a86f6c6158ae g_f354e18ac0e2 g_972d93a38356 g_9ef238ae78a3 g_541cb66753a1 g_4937dbcd9886 g_9803034485b1 g_775754ce68f5 g_0138d31917f4 g_831d285a00d2 g_972a7cf1d4cf g_a96518fc97f4 g_31f11613061e g_5edb8f14442a g_ca78770f1023 g_9c5e6a801105 g_161bb62a3c06 g_88519814e971 g_85817a57d554 g_6ca741cd71d0 g_bbc374a3181e g_57feb3de5703 g_c8c314a57065 g_68f1b5b754be g_f2621ae227bc g_630340946591 g_1c62e0ae8ea9 g_da324aadb427 g_b966c16ed62e g_9b53fe41c1b8 g_64eb57938f1b g_be9250df6a75 g_333cb4a6fcbd g_fda0e974280b g_33244e31950b g_0e97bd3a7274 g_e190db501469 g_1cd366b4bac7 g_63c4f90d50c9
q_78d2b57ffcc6,g_fe9c2f00554a g_cd4de557f4d5 g_506bb93fd6be g_7d4123a3b599 g_cafd200d5a45 g_6d212b0778a0 g_76dc3140199d g_5f8aeb5f3535 g_cd223ae2c14c g_fdda2ce239a7 g_630340946591 g_0d07bd83c21f g_dd5e8c615752 g_9a86c9a82e74 g_9d1973506502 g_4a4f24278bd4 g_fb7b982b218d g_a005a5f862cb g_ca78770f1023 g_5edb8f14442a g_e1c581ac35b2 g_2850963261b2 g_2352a9384666 g_354f05e3b9ad g_972a7cf1d4cf g_15c48691c814 g_8da4322d0890 g_ddcacee0c164 g_5922615e970b g_541cb66753a1 g_ea83919f4b1d g_e92a1a807dd9 g_74d0d140bc8c g_88519814e971 g_90298087d115 g_6ca741cd71d0 g_024c7d4e6cb4 g_1fa2f29b3a3e g_0ef5ac929f19 g_76768f93f9b5 g_333cb4a6fcbd g_91acd178398d g_eb2f9447d949 g_c96c864320bd g_165f7b062c42 g_d19bde46609a g_cd822c958ead g_c8c314a57065 g_970fb75c4403 g_5f9a2a28d938 g_d6796aac6fad g_55d37ee4b19c g_0138d31917f4 g_9ef238ae78a3 g_9c5e6a801105 g_972d93a38356 g_625a947450e3 g_42e7ae6e5fc0 g_85817a57d554 g_f2621ae227bc g_bbc374a3181e g_161bb62a3c06 g_fe963cfb43b0 g_f354e18ac0e2 g_709bf5016911 g_87aa8a58571a g_9af3a32f3ad5 g_31f11613061e g_1c1f9b6306d6 g_831d285a00d2 g_0d24e8f85db0 g_0877251de687 g_da324aadb427 g_f7e9b00e6cf3 g_2315fb39b52b g_9803034485b1 g_8e4cc318d5ff g_57feb3de5703 g_775754ce68f5 g_be9250df6a75 g_68f1b5b754be g_2df05c310aa2 g_9f2beae38595 g_2f1574ae2289 g_31f23394ca54 g_a86f6c6158ae g_4937dbcd9886 g_391694b733b1 g_e190db501469 g_33244e31950b g_0701cad717f8 g_64eb57938f1b g_a96518fc97f4 g_1c62e0ae8ea9 g_b966c16ed62e g_9b53fe41c1b8 g_fda0e974280b g_1cd366b4bac7 g_0e97bd3a7274 g_63c4f90d50c9
q_15620ae2a54d,g_ca78770f1023 g_7d4123a3b599 g_6d212b0778a0 g_e1c581ac35b2 g_fdda2ce239a7 g_9803034485b1 g_2352a9384666 g_88519814e971 g_354f05e3b9ad g_9b53fe41c1b8 g_0d07bd83c21f g_2850963261b2 g_be9250df6a75 g_5f9a2a28d938 g_a86f6c6158ae g_85817a57d554 g_e92a1a807dd9 g_0e97bd3a7274 g_91acd178398d g_c96c864320bd g_f2621ae227bc g_5edb8f14442a g_2df05c310aa2 g_6ca741cd71d0 g_d6796aac6fad g_fda0e974280b g_dd5e8c615752 g_fb7b982b218d g_506bb93fd6be g_fe9c2f00554a g_da324aadb427 g_ea83919f4b1d g_9c5e6a801105 g_8da4322d0890 g_775754ce68f5 g_33244e31950b g_a005a5f862cb g_e190db501469 g_0d24e8f85db0 g_1cd366b4bac7 g_57feb3de5703 g_709bf5016911 g_9a86c9a82e74 g_31f11613061e g_1fa2f29b3a3e g_bbc374a3181e g_d19bde46609a g_74d0d140bc8c g_972a7cf1d4cf g_970fb75c4403 g_cafd200d5a45 g_c8c314a57065 g_0877251de687 g_f354e18ac0e2 g_ddcacee0c164 g_42e7ae6e5fc0 g_1c62e0ae8ea9 g_024c7d4e6cb4 g_541cb66753a1 g_831d285a00d2 g_76768f93f9b5 g_90298087d115 g_76dc3140199d g_0138d31917f4 g_1c1f9b6306d6 g_cd4de557f4d5 g_eb2f9447d949 g_333cb4a6fcbd g_972d93a38356 g_68f1b5b754be g_9ef238ae78a3 g_0701cad717f8 g_5922615e970b g_63c4f90d50c9 g_cd223ae2c14c g_b966c16ed62e g_fe963cfb43b0 g_2f1574ae2289 g_9d1973506502 g_9af3a32f3ad5 g_161bb62a3c06 g_cd822c958ead g_55d37ee4b19c g_f7e9b00e6cf3 g_165f7b062c42 g_625a947450e3 g_8e4cc318d5ff g_a96518fc97f4 g_4a4f24278bd4 g_87aa8a58571a g_630340946591 g_4937dbcd9886 g_2315fb39b52b g_5f8aeb5f3535 g_9f2beae38595 g_15c48691c814 g_64eb57938f1b g_31f23394ca54 g_0ef5ac929f19 g_391694b733b1
q_50ec8be13280,g_7d4123a3b599 g_6d212b0778a0 g_eb2f9447d949 g_fdda2ce239a7 g_0d24e8f85db0 g_9ef238ae78a3 g_76768f93f9b5 g_d6796aac6fad g_d19bde46609a g_c96c864320bd g_87aa8a58571a g_1fa2f29b3a3e g_9d1973506502 g_024c7d4e6cb4 g_fe963cfb43b0 g_e92a1a807dd9 g_fb7b982b218d g_4a4f24278bd4 g_354f05e3b9ad g_cd223ae2c14c g_f354e18ac0e2 g_2315fb39b52b g_391694b733b1 g_cafd200d5a45 g_42e7ae6e5fc0 g_68f1b5b754be g_625a947450e3 g_506bb93fd6be g_775754ce68f5 g_4937dbcd9886 g_f2621ae227bc g_85817a57d554 g_74d0d140bc8c g_31f23394ca54 g_0877251de687 g_831d285a00d2 g_0d07bd83c21f g_0701cad717f8 g_165f7b062c42 g_5922615e970b g_6ca741cd71d0 g_9c5e6a801105 g_a96518fc97f4 g_9a86c9a82e74 g_541cb66753a1 g_2352a9384666 g_15c48691c814 g_fe9c2f00554a g_9af3a32f3ad5 g_ddcacee0c164 g_dd5e8c615752 g_88519814e971 g_1c1f9b6306d6 g_2f1574ae2289 g_972a7cf1d4cf g_ea83919f4b1d g_2850963261b2 g_f7e9b00e6cf3 g_a86f6c6158ae g_cd822c958ead g_e1c581ac35b2 g_a005a5f862cb g_2df05c310aa2 g_161bb62a3c06 g_9f2beae38595 g_972d93a38356 g_ca78770f1023 g_5f8aeb5f3535 g_0ef5ac929f19 g_90298087d115 g_57feb3de5703 g_33244e31950b g_8da4322d0890 g_55d37ee4b19c g_5f9a2a28d938 g_8e4cc318d5ff g_76dc3140199d g_1c62e0ae8ea9 g_709bf5016911 g_c8c314a57065 g_cd4de557f4d5 g_0138d31917f4 g_91acd178398d g_be9250df6a75 g_333cb4a6fcbd g_9b53fe41c1b8 g_5edb8f14442a g_b966c16ed62e g_da324aadb427 g_fda0e974280b g_31f11613061e g_970fb75c4403 g_9803034485b1 g_630340946591 g_64eb57938f1b g_bbc374a3181e g_0e97bd3a7274 g_1cd366b4bac7 g_63c4f90d50c9 g_e190db501469
q_01755171d2d6,g_9c5e6a801105 g_e92a1a807dd9 g_775754ce68f5 g_024c7d4e6cb4 g_c96c864320bd g_7d4123a3b599 g_fb7b982b218d g_6d212b0778a0 g_be9250df6a75 g_1fa2f29b3a3e g_f2621ae227bc g_88519814e971 g_cd223ae2c14c g_85817a57d554 g_ea83919f4b1d g_fdda2ce239a7 g_354f05e3b9ad g_9d1973506502 g_dd5e8c615752 g_d19bde46609a g_91acd178398d g_cafd200d5a45 g_f354e18ac0e2 g_e1c581ac35b2 g_76768f93f9b5 g_4a4f24278bd4 g_506bb93fd6be g_541cb66753a1 g_6ca741cd71d0 g_709bf5016911 g_90298087d115 g_0d24e8f85db0 g_0877251de687 g_74d0d140bc8c g_ca78770f1023 g_ddcacee0c164 g_33244e31950b g_15c48691c814 g_2df05c310aa2 g_cd822c958ead g_2352a9384666 g_87aa8a58571a g_9f2beae38595 g_fe9c2f00554a g_1c1f9b6306d6 g_cd4de557f4d5 g_0138d31917f4 g_2850963261b2 g_68f1b5b754be g_5f9a2a28d938 g_2315fb39b52b g_fe963cfb43b0 g_0d07bd83c21f g_9a86c9a82e74 g_d6796aac6fad g_165f7b062c42 g_55d37ee4b19c g_391694b733b1 g_f7e9b00e6cf3 g_0701cad717f8 g_a86f6c6158ae g_eb2f9447d949 g_9b53fe41c1b8 g_1cd366b4bac7 g_5edb8f14442a g_831d285a00d2 g_a96518fc97f4 g_9803034485b1 g_4937dbcd9886 g_9ef238ae78a3 g_a005a5f862cb g_76dc3140199d g_fda0e974280b g_42e7ae6e5fc0 g_1c62e0ae8ea9 g_b966c16ed62e g_625a947450e3 g_5f8aeb5f3535 g_bbc374a3181e g_57feb3de5703 g_da324aadb427 g_31f11613061e g_c8c314a57065 g_972d93a38356 g_5922615e970b g_972a7cf1d4cf g_64eb57938f1b g_8e4cc318d5ff g_161bb62a3c06 g_31f23394ca54 g_970fb75c4403 g_9af3a32f3ad5 g_0ef5ac929f19 g_630340946591 g_2f1574ae2289 g_8da4322d0890 g_333cb4a6fcbd g_e190db501469 g_63c4f90d50c9 g_0e97bd3a7274
q_8b7749a65518,g_7d4123a3b599 g_6d212b0778a0 g_fdda2ce239a7 g_be9250df6a75 g_9b53fe41c1b8 g_fda0e974280b g_ca78770f1023 g_c96c864320bd g_88519814e971 g_e1c581ac35b2 g_57feb3de5703 g_f354e18ac0e2 g_1fa2f29b3a3e g_0877251de687 g_775754ce68f5 g_d6796aac6fad g_0d07bd83c21f g_541cb66753a1 g_2850963261b2 g_354f05e3b9ad g_709bf5016911 g_9c5e6a801105 g_5f9a2a28d938 g_fb7b982b218d g_2df05c310aa2 g_a86f6c6158ae g_6ca741cd71d0 g_f2621ae227bc g_2352a9384666 g_68f1b5b754be g_0d24e8f85db0 g_d19bde46609a g_024c7d4e6cb4 g_a005a5f862cb g_0e97bd3a7274 g_33244e31950b g_31f11613061e g_85817a57d554 g_972a7cf1d4cf g_5edb8f14442a g_506bb93fd6be g_1cd366b4bac7 g_0701cad717f8 g_e92a1a807dd9 g_63c4f90d50c9 g_74d0d140bc8c g_e190db501469 g_9803034485b1 g_eb2f9447d949 g_1c1f9b6306d6 g_fe9c2f00554a g_9d1973506502 g_91acd178398d g_9a86c9a82e74 g_90298087d115 g_bbc374a3181e g_ea83919f4b1d g_0138d31917f4 g_64eb57938f1b g_da324aadb427 g_c8c314a57065 g_cd223ae2c14c g_b966c16ed62e g_dd5e8c615752 g_1c62e0ae8ea9 g_972d93a38356 g_ddcacee0c164 g_9f2beae38595 g_76768f93f9b5 g_831d285a00d2 g_42e7ae6e5fc0 g_76dc3140199d g_630340946591 g_cd822c958ead g_cafd200d5a45 g_8da4322d0890 g_8e4cc318d5ff g_5922615e970b g_625a947450e3 g_161bb62a3c06 g_970fb75c4403 g_333cb4a6fcbd g_4a4f24278bd4 g_2315fb39b52b g_5f8aeb5f3535 g_165f7b062c42 g_f7e9b00e6cf3 g_a96518fc97f4 g_87aa8a58571a g_55d37ee4b19c g_9ef238ae78a3 g_4937dbcd9886 g_cd4de557f4d5 g_fe963cfb43b0 g_391694b733b1 g_9af3a32f3ad5 g_2f1574ae2289 g_15c48691c814 g_31f23394ca54 g_0ef5ac929f19
q_979c0b890766,g_7d4123a3b599 g_6d212b0778a0 g_fdda2ce239a7 g_cd223ae2c14c g_0138d31917f4 g_0701cad717f8 g_9a86c9a82e74 g_9d1973506502 g_1fa2f29b3a3e g_88519814e971 g_541cb66753a1 g_0d07bd83c21f g_57feb3de5703 g_b966c16ed62e g_9c5e6a801105 g_2df05c310aa2 g_354f05e3b9ad g_a86f6c6158ae g_0877251de687 g_5f8aeb5f3535 g_0ef5ac929f19 g_625a947450e3 g_9f2beae38595 g_fb7b982b218d g_64eb57938f1b g_cd822c958ead g_ea83919f4b1d g_c96c864320bd g_165f7b062c42 g_76768f93f9b5 g_0d24e8f85db0 g_024c7d4e6cb4 g_f354e18ac0e2 g_e92a1a807dd9 g_5922615e970b g_90298087d115 g_506bb93fd6be g_5f9a2a28d938 g_74d0d140bc8c g_ddcacee0c164 g_9b53fe41c1b8 g_e1c581ac35b2 g_d6796aac6fad g_161bb62a3c06 g_c8c314a57065 g_2352a9384666 g_15c48691c814 g_87aa8a58571a g_55d37ee4b19c g_cafd200d5a45 g_d19bde46609a g_fda0e974280b g_9af3a32f3ad5 g_709bf5016911 g_eb2f9447d949 g_fe963cfb43b0 g_6ca741cd71d0 g_630340946591 g_2f1574ae2289 g_8e4cc318d5ff g_76dc3140199d g_2850963261b2 g_be9250df6a75 g_775754ce68f5 g_1c62e0ae8ea9 g_391694b733b1 g_5edb8f14442a g_972d93a38356 g_33244e31950b g_f2621ae227bc g_a005a5f862cb g_4a4f24278bd4 g_831d285a00d2 g_ca78770f1023 g_9803034485b1 g_85817a57d554 g_1c1f9b6306d6 g_42e7ae6e5fc0 g_970fb75c4403 g_da324aadb427 g_dd5e8c615752 g_333cb4a6fcbd g_4937dbcd9886 g_2315fb39b52b g_a96518fc97f4 g_68f1b5b754be g_fe9c2f00554a g_63c4f90d50c9 g_91acd178398d g_cd4de557f4d5 g_31f11613061e g_972a7cf1d4cf g_31f23394ca54 g_8da4322d0890 g_9ef238ae78a3 g_bbc374a3181e g_e190db501469 g_0e97bd3a7274 g_f7e9b00e6cf3 g_1cd366b4bac7
q_b6ce2688de45,g_0e97bd3a7274 g_7d4123a3b599 g_6d212b0778a0 g_2352a9384666 g_ca78770f1023 g_f2621ae227bc g_fdda2ce239a7 g_c96c864320bd g_e1c581ac35b2 g_775754ce68f5 g_c8c314a57065 g_74d0d140bc8c g_ea83919f4b1d g_e92a1a807dd9 g_2850963261b2 g_88519814e971 g_5f9a2a28d938 g_1fa2f29b3a3e g_6ca741cd71d0 g_91acd178398d g_9ef238ae78a3 g_dd5e8c615752 g_d6796aac6fad g_cd822c958ead g_354f05e3b9ad g_1c62e0ae8ea9 g_85817a57d554 g_5922615e970b g_9c5e6a801105 g_e190db501469 g_fb7b982b218d g_709bf5016911 g_024c7d4e6cb4 g_0d07bd83c21f g_506bb93fd6be g_33244e31950b g_57feb3de5703 g_42e7ae6e5fc0 g_9af3a32f3ad5 g_9b53fe41c1b8 g_90298087d115 g_76768f93f9b5 g_cd223ae2c14c g_161bb62a3c06 g_be9250df6a75 g_972a7cf1d4cf g_8da4322d0890 g_0877251de687 g_0d24e8f85db0 g_541cb66753a1 g_eb2f9447d949 g_da324aadb427 g_76dc3140199d g_4a4f24278bd4 g_5edb8f14442a g_a86f6c6158ae g_fe9c2f00554a g_2315fb39b52b g_a96518fc97f4 g_972d93a38356 g_cafd200d5a45 g_bbc374a3181e g_cd4de557f4d5 g_31f11613061e g_d19bde46609a g_f354e18ac0e2 g_9a86c9a82e74 g_831d285a00d2 g_9803034485b1 g_333cb4a6fcbd g_1c1f9b6306d6 g_2f1574ae2289 g_68f1b5b754be g_fe963cfb43b0 g_8e4cc318d5ff g_f7e9b00e6cf3 g_0138d31917f4 g_625a947450e3 g_4937dbcd9886 g_2df05c310aa2 g_64eb57938f1b g_fda0e974280b g_b966c16ed62e g_a005a5f862cb g_ddcacee0c164 g_15c48691c814 g_9d1973506502 g_31f23394ca54 g_970fb75c4403 g_0701cad717f8 g_87aa8a58571a g_1cd366b4bac7 g_9f2beae38595 g_391694b733b1 g_0ef5ac929f19 g_165f7b062c42 g_5f8aeb5f3535 g_630340946591 g_55d37ee4b19c g_63c4f90d50c9
q_adf347413dcd,g_6d212b0778a0 g_7d4123a3b599 g_fdda2ce239a7 g_9f2beae38595 g_0d24e8f85db0 g_354f05e3b9ad g_1c62e0ae8ea9 g_506bb93fd6be g_a86f6c6158ae g_f2621ae227bc g_cd822c958ead g_d19bde46609a g_f354e18ac0e2 g_e92a1a807dd9 g_4937dbcd9886 g_33244e31950b g_fe963cfb43b0 g_391694b733b1 g_d6796aac6fad g_1fa2f29b3a3e g_024c7d4e6cb4 g_68f1b5b754be g_2f1574ae2289 g_541cb66753a1 g_1c1f9b6306d6 g_31f23394ca54 g_9a86c9a82e74 g_88519814e971 g_165f7b062c42 g_0877251de687 g_a005a5f862cb g_eb2f9447d949 g_9c5e6a801105 g_625a947450e3 g_2352a9384666 g_e1c581ac35b2 g_b966c16ed62e g_87aa8a58571a g_8da4322d0890 g_0701cad717f8 g_6ca741cd71d0 g_be9250df6a75 g_9af3a32f3ad5 g_0138d31917f4 g_57feb3de5703 g_9d1973506502 g_85817a57d554 g_9b53fe41c1b8 g_90298087d115 g_c96c864320bd g_4a4f24278bd4 g_fe9c2f00554a g_cd223ae2c14c g_76768f93f9b5 g_630340946591 g_2850963261b2 g_5f9a2a28d938 g_5922615e970b g_bbc374a3181e g_709bf5016911 g_775754ce68f5 g_2df05c310aa2 g_74d0d140bc8c g_ea83919f4b1d g_42e7ae6e5fc0 g_ddcacee0c164 g_0d07bd83c21f g_15c48691c814 g_ca78770f1023 g_da324aadb427 g_fda0e974280b g_55d37ee4b19c g_91acd178398d g_dd5e8c615752 g_2315fb39b52b g_fb7b982b218d g_76dc3140199d g_161bb62a3c06 g_63c4f90d50c9 g_9ef238ae78a3 g_5edb8f14442a g_5f8aeb5f3535 g_0e97bd3a7274 g_0ef5ac929f19 g_831d285a00d2 g_8e4cc318d5ff g_cafd200d5a45 g_972d93a38356 g_972a7cf1d4cf g_333cb4a6fcbd g_cd4de557f4d5 g_a96518fc97f4 g_9803034485b1 g_f7e9b00e6cf3 g_c8c314a57065 g_e190db501469 g_31f11613061e g_1cd366b4bac7 g_64eb57938f1b g_970fb75c4403
q_d4e676087b4a,g_7d4123a3b599 g_6d212b0778a0 g_9803034485b1 g_fdda2ce239a7 g_5f9a2a28d938 g_2352a9384666 g_6ca741cd71d0 g_ea83919f4b1d g_0877251de687 g_e1c581ac35b2 g_fb7b982b218d g_161bb62a3c06 g_775754ce68f5 g_e92a1a807dd9 g_88519814e971 g_90298087d115 g_354f05e3b9ad g_9d1973506502 g_57feb3de5703 g_a86f6c6158ae g_0701cad717f8 g_024c7d4e6cb4 g_506bb93fd6be g_c96c864320bd g_cd223ae2c14c g_1fa2f29b3a3e g_541cb66753a1 g_9c5e6a801105 g_fda0e974280b g_2850963261b2 g_b966c16ed62e g_33244e31950b g_0138d31917f4 g_74d0d140bc8c g_cafd200d5a45 g_ddcacee0c164 g_f2621ae227bc g_709bf5016911 g_972d93a38356 g_9b53fe41c1b8 g_c8c314a57065 g_625a947450e3 g_42e7ae6e5fc0 g_85817a57d554 g_165f7b062c42 g_2df05c310aa2 g_76768f93f9b5 g_5edb8f14442a g_f354e18ac0e2 g_d19bde46609a g_d6796aac6fad g_9a86c9a82e74 g_a96518fc97f4 g_76dc3140199d g_0d07bd83c21f g_0d24e8f85db0 g_333cb4a6fcbd g_fe9c2f00554a g_be9250df6a75 g_ca78770f1023 g_9f2beae38595 g_9af3a32f3ad5 g_970fb75c4403 g_dd5e8c615752 g_5922615e970b g_2315fb39b52b g_eb2f9447d949 g_68f1b5b754be g_15c48691c814 g_5f8aeb5f3535 g_a005a5f862cb g_2f1574ae2289 g_55d37ee4b19c g_9ef238ae78a3 g_4a4f24278bd4 g_8e4cc318d5ff g_91acd178398d g_391694b733b1 g_fe963cfb43b0 g_4937dbcd9886 g_831d285a00d2 g_31f11613061e g_31f23394ca54 g_e190db501469 g_8da4322d0890 g_cd4de557f4d5 g_0e97bd3a7274 g_972a7cf1d4cf g_87aa8a58571a g_cd822c958ead g_1c62e0ae8ea9 g_1c1f9b6306d6 g_1cd366b4bac7 g_0ef5ac929f19 g_64eb57938f1b g_630340946591 g_bbc374a3181e g_da324aadb427 g_f7e9b00e6cf3 g_63c4f90d50c9
q_5cb5f5f6b68d,g_0d07bd83c21f g_7d4123a3b599 g_6d212b0778a0 g_2df05c310aa2 g_ea83919f4b1d g_fdda2ce239a7 g_354f05e3b9ad g_64eb57938f1b g_cd223ae2c14c g_5f8aeb5f3535 g_1fa2f29b3a3e g_57feb3de5703 g_fb7b982b218d g_ca78770f1023 g_9c5e6a801105 g_506bb93fd6be g_c8c314a57065 g_74d0d140bc8c g_9a86c9a82e74 g_2850963261b2 g_2352a9384666 g_5edb8f14442a g_0138d31917f4 g_88519814e971 g_0877251de687 g_161bb62a3c06 g_e1c581ac35b2 g_5922615e970b g_9d1973506502 g_90298087d115 g_024c7d4e6cb4 g_d6796aac6fad g_cafd200d5a45 g_625a947450e3 g_775754ce68f5 g_c96c864320bd g_76dc3140199d g_0d24e8f85db0 g_972d93a38356 g_e92a1a807dd9 g_5f9a2a28d938 g_76768f93f9b5 g_a86f6c6158ae g_541cb66753a1 g_0701cad717f8 g_f354e18ac0e2 g_eb2f9447d949 g_0ef5ac929f19 g_55d37ee4b19c g_be9250df6a75 g_831d285a00d2 g_b966c16ed62e g_6ca741cd71d0 g_333cb4a6fcbd g_fda0e974280b g_4a4f24278bd4 g_a96518fc97f4 g_9b53fe41c1b8 g_970fb75c4403 g_dd5e8c615752 g_9ef238ae78a3 g_9803034485b1 g_31f11613061e g_f2621ae227bc g_ddcacee0c164 g_2315fb39b52b g_d19bde46609a g_cd4de557f4d5 g_709bf5016911 g_15c48691c814 g_9af3a32f3ad5 g_85817a57d554 g_8e4cc318d5ff g_fe963cfb43b0 g_1cd366b4bac7 g_391694b733b1 g_fe9c2f00554a g_91acd178398d g_972a7cf1d4cf g_cd822c958ead g_da324aadb427 g_0e97bd3a7274 g_e190db501469 g_a005a5f862cb g_33244e31950b g_4937dbcd9886 g_9f2beae38595 g_630340946591 g_68f1b5b754be g_42e7ae6e5fc0 g_f7e9b00e6cf3 g_87aa8a58571a g_2f1574ae2289 g_8da4322d0890 g_165f7b062c42 g_1c1f9b6306d6 g_63c4f90d50c9 g_31f23394ca54 g_1c62e0ae8ea9 g_bbc374a3181e
q_a37d5f4f4f79,g_8da4322d0890 g_9803034485b1 g_fe9c2f00554a g_5f9a2a28d938 g_e1c581ac35b2 g_161bb62a3c06 g_6d212b0778a0 g_2352a9384666 g_a86f6c6158ae g_7d4123a3b599 g_0877251de687 g_506bb93fd6be g_90298087d115 g_354f05e3b9ad g_57feb3de5703 g_fdda2ce239a7 g_ea83919f4b1d g_0e97bd3a7274 g_2850963261b2 g_dd5e8c615752 g_0701cad717f8 g_972d93a38356 g_0d07bd83c21f g_e92a1a807dd9 g_fb7b982b218d g_5922615e970b g_9af3a32f3ad5 g_c96c864320bd g_55d37ee4b19c g_e190db501469 g_9b53fe41c1b8 g_c8c314a57065 g_775754ce68f5 g_625a947450e3 g_0138d31917f4 g_333cb4a6fcbd g_5f8aeb5f3535 g_cd223ae2c14c g_5edb8f14442a g_f2621ae227bc g_76dc3140199d g_cd4de557f4d5 g_6ca741cd71d0 g_da324aadb427 g_d6796aac6fad g_88519814e971 g_ca78770f1023 g_74d0d140bc8c g_fda0e974280b g_9c5e6a801105 g_541cb66753a1 g_42e7ae6e5fc0 g_9a86c9a82e74 g_9d1973506502 g_9ef238ae78a3 g_1fa2f29b3a3e g_709bf5016911 g_4a4f24278bd4 g_cd822c958ead g_8e4cc318d5ff g_2f1574ae2289 g_b966c16ed62e g_630340946591 g_87aa8a58571a g_391694b733b1 g_eb2f9447d949 g_9f2beae38595 g_76768f93f9b5 g_cafd200d5a45 g_165f7b062c42 g_1c62e0ae8ea9 g_33244e31950b g_91acd178398d g_15c48691c814 g_bbc374a3181e g_a005a5f862cb g_2df05c310aa2 g_ddcacee0c164 g_831d285a00d2 g_a96518fc97f4 g_fe963cfb43b0 g_1c1f9b6306d6 g_2315fb39b52b g_0d24e8f85db0 g_f354e18ac0e2 g_68f1b5b754be g_024c7d4e6cb4 g_31f23394ca54 g_972a7cf1d4cf g_85817a57d554 g_be9250df6a75 g_d19bde46609a g_0ef5ac929f19 g_31f11613061e g_970fb75c4403 g_f7e9b00e6cf3 g_63c4f90d50c9 g_4937dbcd9886 g_64eb57938f1b g_1cd366b4bac7
q_67d585b043cc,g_775754ce68f5 g_9b53fe41c1b8 g_be9250df6a75 g_6d212b0778a0 g_7d4123a3b599 g_88519814e971 g_ca78770f1023 g_c96c864320bd g_e92a1a807dd9 g_0d07bd83c21f g_fda0e974280b g_fdda2ce239a7 g_f2621ae227bc g_33244e31950b g_9c5e6a801105 g_354f05e3b9ad g_1fa2f29b3a3e g_e1c581ac35b2 g_2df05c310aa2 g_5f9a2a28d938 g_2352a9384666 g_709bf5016911 g_0877251de687 g_a86f6c6158ae g_fb7b982b218d g_f354e18ac0e2 g_bbc374a3181e g_85817a57d554 g_57feb3de5703 g_d6796aac6fad g_9803034485b1 g_1c62e0ae8ea9 g_68f1b5b754be g_5edb8f14442a g_0138d31917f4 g_506bb93fd6be g_0e97bd3a7274 g_64eb57938f1b g_91acd178398d g_2850963261b2 g_6ca741cd71d0 g_ea83919f4b1d g_5922615e970b g_541cb66753a1 g_74d0d140bc8c g_e190db501469 g_0d24e8f85db0 g_31f11613061e g_b966c16ed62e g_1c1f9b6306d6 g_024c7d4e6cb4 g_cd822c958ead g_dd5e8c615752 g_d19bde46609a g_da324aadb427 g_9f2beae38595 g_9a86c9a82e74 g_c8c314a57065 g_90298087d115 g_831d285a00d2 g_cafd200d5a45 g_970fb75c4403 g_cd223ae2c14c g_972d93a38356 g_a005a5f862cb g_9d1973506502 g_76768f93f9b5 g_fe9c2f00554a g_9af3a32f3ad5 g_ddcacee0c164 g_8da4322d0890 g_eb2f9447d949 g_76dc3140199d g_165f7b062c42 g_333cb4a6fcbd g_0701cad717f8 g_1cd366b4bac7 g_9ef238ae78a3 g_625a947450e3 g_63c4f90d50c9 g_972a7cf1d4cf g_2f1574ae2289 g_cd4de557f4d5 g_fe963cfb43b0 g_4a4f24278bd4 g_161bb62a3c06 g_4937dbcd9886 g_2315fb39b52b g_15c48691c814 g_5f8aeb5f3535 g_8e4cc318d5ff g_42e7ae6e5fc0 g_f7e9b00e6cf3 g_630340946591 g_391694b733b1 g_a96518fc97f4 g_0ef5ac929f19 g_55d37ee4b19c g_31f23394ca54 g_87aa8a58571a
q_cdd2c8b4a525,g_0e97bd3a7274 g_7d4123a3b599 g_6d212b0778a0 g_fdda2ce239a7 g_e1c581ac35b2 g_ca78770f1023 g_c8c314a57065 g_88519814e971 g_5edb8f14442a g_2352a9384666 g_fb7b982b218d g_2850963261b2 g_506bb93fd6be g_76dc3140199d g_64eb57938f1b g_57feb3de5703 g_9af3a32f3ad5 g_ea83919f4b1d g_9ef238ae78a3 g_775754ce68f5 g_5922615e970b g_74d0d140bc8c g_c96c864320bd g_0d07bd83c21f g_9c5e6a801105 g_ddcacee0c164 g_f2621ae227bc g_e92a1a807dd9 g_5f9a2a28d938 g_cafd200d5a45 g_024c7d4e6cb4 g_cd223ae2c14c g_1fa2f29b3a3e g_eb2f9447d949 g_76768f93f9b5 g_541cb66753a1 g_be9250df6a75 g_6ca741cd71d0 g_161bb62a3c06 g_9d1973506502 g_333cb4a6fcbd g_831d285a00d2 g_90298087d115 g_2f1574ae2289 g_da324aadb427 g_cd4de557f4d5 g_a96518fc97f4 g_0138d31917f4 g_a86f6c6158ae g_fe963cfb43b0 g_972d93a38356 g_4a4f24278bd4 g_dd5e8c615752 g_85817a57d554 g_354f05e3b9ad g_31f11613061e g_fda0e974280b g_0877251de687 g_e190db501469 g_cd822c958ead g_d6796aac6fad g_625a947450e3 g_33244e31950b g_9a86c9a82e74 g_970fb75c4403 g_0d24e8f85db0 g_2315fb39b52b g_972a7cf1d4cf g_2df05c310aa2 g_0ef5ac929f19 g_d19bde46609a g_5f8aeb5f3535 g_b966c16ed62e g_4937dbcd9886 g_9b53fe41c1b8 g_0701cad717f8 g_fe9c2f00554a g_a005a5f862cb g_8e4cc318d5ff g_91acd178398d g_709bf5016911 g_31f23394ca54 g_68f1b5b754be g_8da4322d0890 g_9803034485b1 g_f7e9b00e6cf3 g_391694b733b1 g_f354e18ac0e2 g_15c48691c814 g_42e7ae6e5fc0 g_9f2beae38595 g_1c62e0ae8ea9 g_1c1f9b6306d6 g_bbc374a3181e g_630340946591 g_55d37ee4b19c g_87aa8a58571a g_165f7b062c42 g_1cd366b4bac7 g_63c4f90d50c9
q_65d75f9466dc,g_7d4123a3b599 g_fb7b982b218d g_6d212b0778a0 g_2352a9384666 g_775754ce68f5 g_5f9a2a28d938 g_fdda2ce239a7 g_e92a1a807dd9 g_333cb4a6fcbd g_9c5e6a801105 g_354f05e3b9ad g_ea83919f4b1d g_76768f93f9b5 g_e1c581ac35b2 g_161bb62a3c06 g_74d0d140bc8c g_a86f6c6158ae g_f2621ae227bc g_c96c864320bd g_88519814e971 g_c8c314a57065 g_972d93a38356 g_9803034485b1 g_cd223ae2c14c g_709bf5016911 g_ca78770f1023 g_8da4322d0890 g_dd5e8c615752 g_9ef238ae78a3 g_9af3a32f3ad5 g_625a947450e3 g_ddcacee0c164 g_fe963cfb43b0 g_5922615e970b g_57feb3de5703 g_90298087d115 g_0e97bd3a7274 g_a96518fc97f4 g_9d1973506502 g_541cb66753a1 g_2850963261b2 g_506bb93fd6be g_6ca741cd71d0 g_024c7d4e6cb4 g_0877251de687 g_1fa2f29b3a3e g_4a4f24278bd4 g_391694b733b1 g_0d07bd83c21f g_831d285a00d2 g_0138d31917f4 g_d6796aac6fad g_9a86c9a82e74 g_fda0e974280b g_0d24e8f85db0 g_f354e18ac0e2 g_76dc3140199d g_31f23394ca54 g_cafd200d5a45 g_87aa8a58571a g_42e7ae6e5fc0 g_91acd178398d g_33244e31950b g_85817a57d554 g_b966c16ed62e g_2df05c310aa2 g_2315fb39b52b g_0701cad717f8 g_be9250df6a75 g_2f1574ae2289 g_1c62e0ae8ea9 g_eb2f9447d949 g_5edb8f14442a g_9b53fe41c1b8 g_f7e9b00e6cf3 g_cd4de557f4d5 g_cd822c958ead g_9f2beae38595 g_d19bde46609a g_fe9c2f00554a g_5f8aeb5f3535 g_4937dbcd9886 g_da324aadb427 g_e190db501469 g_165f7b062c42 g_8e4cc318d5ff g_55d37ee4b19c g_64eb57938f1b g_972a7cf1d4cf g_68f1b5b754be g_970fb75c4403 g_0ef5ac929f19 g_1c1f9b6306d6 g_a005a5f862cb g_bbc374a3181e g_31f11613061e g_15c48691c814 g_1cd366b4bac7 g_630340946591 g_63c4f90d50c9
q_41450073e5f4,g_e92a1a807dd9 g_2352a9384666 g_7d4123a3b599 g_6d212b0778a0 g_42e7ae6e5fc0 g_76768f93f9b5 g_775754ce68f5 g_9ef238ae78a3 g_fe963cfb43b0 g_c96c864320bd g_fdda2ce239a7 g_f2621ae227bc g_a86f6c6158ae g_ea83919f4b1d g_9af3a32f3ad5 g_972d93a38356 g_5f9a2a28d938 g_88519814e971 g_161bb62a3c06 g_625a947450e3 g_e1c581ac35b2 g_4937dbcd9886 g_391694b733b1 g_6ca741cd71d0 g_31f23394ca54 g_709bf5016911 g_cafd200d5a45 g_9c5e6a801105 g_ca78770f1023 g_333cb4a6fcbd g_2f1574ae2289 g_fb7b982b218d g_ddcacee0c164 g_74d0d140bc8c g_d6796aac6fad g_c8c314a57065 g_0138d31917f4 g_90298087d115 g_87aa8a58571a g_354f05e3b9ad g_506bb93fd6be g_f354e18ac0e2 g_1c62e0ae8ea9 g_2315fb39b52b g_541cb66753a1 g_dd5e8c615752 g_024c7d4e6cb4 g_8da4322d0890 g_9d1973506502 g_0d24e8f85db0 g_cd223ae2c14c g_165f7b062c42 g_76dc3140199d g_5922615e970b g_5edb8f14442a g_9a86c9a82e74 g_57feb3de5703 g_33244e31950b g_eb2f9447d949 g_15c48691c814 g_a96518fc97f4 g_4a4f24278bd4 g_9803034485b1 g_2850963261b2 g_2df05c310aa2 g_cd822c958ead g_1fa2f29b3a3e g_91acd178398d g_d19bde46609a g_68f1b5b754be g_55d37ee4b19c g_9b53fe41c1b8 g_1c1f9b6306d6 g_85817a57d554 g_0701cad717f8 g_831d285a00d2 g_bbc374a3181e g_8e4cc318d5ff g_0e97bd3a7274 g_be9250df6a75 g_b966c16ed62e g_9f2beae38595 g_cd4de557f4d5 g_0ef5ac929f19 g_0877251de687 g_f7e9b00e6cf3 g_0d07bd83c21f g_fe9c2f00554a g_fda0e974280b g_a005a5f862cb g_972a7cf1d4cf g_1cd366b4bac7 g_5f8aeb5f3535 g_64eb57938f1b g_da324aadb427 g_31f11613061e g_970fb75c4403 g_e190db501469 g_630340946591 g_63c4f90d50c9
q_b0b568cdf051,g_7d4123a3b599 g_6d212b0778a0 g_fdda2ce239a7 g_e92a1a807dd9 g_541cb66753a1 g_be9250df6a75 g_88519814e971 g_2352a9384666 g_33244e31950b g_f2621ae227bc g_775754ce68f5 g_d6796aac6fad g_ca78770f1023 g_9b53fe41c1b8 g_fb7b982b218d g_1c62e0ae8ea9 g_e1c581ac35b2 g_c96c864320bd g_1fa2f29b3a3e g_fda0e974280b g_68f1b5b754be g_709bf5016911 g_f354e18ac0e2 g_0877251de687 g_57feb3de5703 g_ea83919f4b1d g_506bb93fd6be g_5edb8f14442a g_9c5e6a801105 g_0e97bd3a7274 g_cd223ae2c14c g_6ca741cd71d0 g_85817a57d554 g_2850963261b2 g_5f9a2a28d938 g_354f05e3b9ad g_da324aadb427 g_76768f93f9b5 g_0d07bd83c21f g_972a7cf1d4cf g_024c7d4e6cb4 g_0d24e8f85db0 g_e190db501469 g_c8c314a57065 g_a86f6c6158ae g_74d0d140bc8c g_165f7b062c42 g_9d1973506502 g_1cd366b4bac7 g_64eb57938f1b g_1c1f9b6306d6 g_ddcacee0c164 g_b966c16ed62e g_bbc374a3181e g_a005a5f862cb g_0701cad717f8 g_2df05c310aa2 g_dd5e8c615752 g_5922615e970b g_d19bde46609a g_cd822c958ead g_972d93a38356 g_333cb4a6fcbd g_91acd178398d g_90298087d115 g_0138d31917f4 g_cafd200d5a45 g_9f2beae38595 g_31f11613061e g_9a86c9a82e74 g_76dc3140199d g_4937dbcd9886 g_9ef238ae78a3 g_831d285a00d2 g_f7e9b00e6cf3 g_cd4de557f4d5 g_eb2f9447d949 g_fe9c2f00554a g_8da4322d0890 g_42e7ae6e5fc0 g_2f1574ae2289 g_970fb75c4403 g_8e4cc318d5ff g_625a947450e3 g_fe963cfb43b0 g_5f8aeb5f3535 g_630340946591 g_4a4f24278bd4 g_161bb62a3c06 g_391694b733b1 g_9803034485b1 g_2315fb39b52b g_9af3a32f3ad5 g_87aa8a58571a g_15c48691c814 g_0ef5ac929f19 g_63c4f90d50c9 g_a96518fc97f4 g_31f23394ca54 g_55d37ee4b19c
q_04a7165e67e5,g_7d4123a3b599 g_6d212b0778a0 g_cd223ae2c14c g_1fa2f29b3a3e g_9d1973506502 g_fdda2ce239a7 g_74d0d140bc8c g_ea83919f4b1d g_cd822c958ead g_775754ce68f5 g_88519814e971 g_2352a9384666 g_541cb66753a1 g_625a947450e3 g_e92a1a807dd9 g_0138d31917f4 g_024c7d4e6cb4 g_c8c314a57065 g_9c5e6a801105 g_90298087d115 g_ddcacee0c164 g_9a86c9a82e74 g_2df05c310aa2 g_e1c581ac35b2 g_354f05e3b9ad g_57feb3de5703 g_161bb62a3c06 g_5f8aeb5f3535 g_76768f93f9b5 g_0701cad717f8 g_9f2beae38595 g_506bb93fd6be g_fb7b982b218d g_5f9a2a28d938 g_0d07bd83c21f g_c96c864320bd g_fe963cfb43b0 g_15c48691c814 g_4937dbcd9886 g_42e7ae6e5fc0 g_0877251de687 g_dd5e8c615752 g_d6796aac6fad g_a96518fc97f4 g_165f7b062c42 g_d19bde46609a g_0d24e8f85db0 g_2850963261b2 g_cafd200d5a45 g_6ca741cd71d0 g_9af3a32f3ad5 g_1c62e0ae8ea9 g_f354e18ac0e2 g_4a4f24278bd4 g_5edb8f14442a g_33244e31950b g_55d37ee4b19c g_f2621ae227bc g_8e4cc318d5ff g_0ef5ac929f19 g_76dc3140199d g_709bf5016911 g_a86f6c6158ae g_5922615e970b g_b966c16ed62e g_64eb57938f1b g_972d93a38356 g_2315fb39b52b g_fda0e974280b g_831d285a00d2 g_be9250df6a75 g_85817a57d554 g_2f1574ae2289 g_91acd178398d g_cd4de557f4d5 g_391694b733b1 g_9ef238ae78a3 g_ca78770f1023 g_9803034485b1 g_87aa8a58571a g_1c1f9b6306d6 g_eb2f9447d949 g_31f23394ca54 g_a005a5f862cb g_333cb4a6fcbd g_31f11613061e g_970fb75c4403 g_da324aadb427 g_630340946591 g_fe9c2f00554a g_972a7cf1d4cf g_9b53fe41c1b8 g_68f1b5b754be g_f7e9b00e6cf3 g_0e97bd3a7274 g_e190db501469 g_1cd366b4bac7 g_bbc374a3181e g_8da4322d0890 g_63c4f90d50c9
q_08b59aa17d22,g_4ab4f73edd50 g_15c7b6606b61 g_f949c41422d8 g_53fcbbdbcbd8 g_d54f453c609d g_ac74de5cde09 g_d8a61aef263d g_11f44b7be986 g_dad186e49d73 g_17791ef857b1 g_28f5700f32a8 g_4e8948c1cc9f g_31014619e67f g_099f934e990e g_19d15a667ec6 g_e81c69ee2327 g_67c7759ac4a7 g_34f1538ca802 g_8d996d675571 g_59b71e184c9f
q_355e76569d5e,g_d8a61aef263d g_4ab4f73edd50 g_d54f453c609d g_17791ef857b1 g_e81c69ee2327 g_15c7b6606b61 g_28f5700f32a8 g_f949c41422d8 g_ac74de5cde09 g_11f44b7be986 g_19d15a667ec6 g_dad186e49d73 g_53fcbbdbcbd8 g_4e8948c1cc9f g_099f934e990e g_31014619e67f g_34f1538ca802 g_67c7759ac4a7 g_8d996d675571 g_59b71e184c9f
q_67882c46a324,g_67c7759ac4a7 g_34f1538ca802 g_d8a61aef263d g_19d15a667ec6 g_8d996d675571 g_28f5700f32a8 g_17791ef857b1 g_e81c69ee2327 g_ac74de5cde09 g_dad186e49d73 g_11f44b7be986 g_f949c41422d8 g_d54f453c609d g_4ab4f73edd50 g_15c7b6606b61 g_099f934e990e g_31014619e67f g_53fcbbdbcbd8 g_4e8948c1cc9f g_59b71e184c9f
q_776d90aa3e6f,g_d54f453c609d g_11f44b7be986 g_ac74de5cde09 g_dad186e49d73 g_4ab4f73edd50 g_4e8948c1cc9f g_099f934e990e g_28f5700f32a8 g_d8a61aef263d g_15c7b6606b61 g_f949c41422d8 g_53fcbbdbcbd8 g_17791ef857b1 g_31014619e67f g_e81c69ee2327 g_19d15a667ec6 g_34f1538ca802 g_67c7759ac4a7 g_8d996d675571 g_59b71e184c9f
q_1eb98d233af8,g_dad186e49d73 g_ac74de5cde09 g_11f44b7be986 g_d54f453c609d g_4e8948c1cc9f g_4ab4f73edd50 g_28f5700f32a8 g_53fcbbdbcbd8 g_f949c41422d8 g_d8a61aef263d g_15c7b6606b61 g_31014619e67f g_099f934e990e g_17791ef857b1 g_19d15a667ec6 g_e81c69ee2327 g_34f1538ca802 g_67c7759ac4a7 g_8d996d675571 g_59b71e184c9f
q_be9d6059cb77,g_34f1538ca802 g_67c7759ac4a7 g_d54f453c609d g_e81c69ee2327 g_28f5700f32a8 g_8d996d675571 g_d8a61aef263d g_11f44b7be986 g_099f934e990e g_ac74de5cde09 g_4ab4f73edd50 g_dad186e49d73 g_19d15a667ec6 g_4e8948c1cc9f g_17791ef857b1 g_f949c41422d8 g_15c7b6606b61 g_31014619e67f g_53fcbbdbcbd8 g_59b71e184c9f
q_4b4917217b45,g_e81c69ee2327 g_19d15a667ec6 g_d8a61aef263d g_4ab4f73edd50 g_d54f453c609d g_11f44b7be986 g_67c7759ac4a7 g_34f1538ca802 g_17791ef857b1 g_4e8948c1cc9f g_15c7b6606b61 g_28f5700f32a8 g_dad186e49d73 g_ac74de5cde09 g_f949c41422d8 g_099f934e990e g_53fcbbdbcbd8 g_8d996d675571 g_31014619e67f g_59b71e184c9f
q_ca5085685be4,g_53fcbbdbcbd8 g_4ab4f73edd50 g_ac74de5cde09 g_11f44b7be986 g_31014619e67f g_dad186e49d73 g_f949c41422d8 g_15c7b6606b61 g_28f5700f32a8 g_d8a61aef263d g_d54f453c609d g_17791ef857b1 g_4e8948c1cc9f g_099f934e990e g_e81c69ee2327 g_19d15a667ec6 g_34f1538ca802 g_67c7759ac4a7 g_8d996d675571 g_59b71e184c9f
q_516f8dfbee81,g_17791ef857b1 g_d8a61aef263d g_4ab4f73edd50 g_ac74de5cde09 g_19d15a667ec6 g_28f5700f32a8 g_15c7b6606b61 g_f949c41422d8 g_e81c69ee2327 g_dad186e49d73 g_11f44b7be986 g_53fcbbdbcbd8 g_d54f453c609d g_31014619e67f g_4e8948c1cc9f g_099f934e990e g_67c7759ac4a7 g_34f1538ca802 g_8d996d675571 g_59b71e184c9f
q_d83eda665916,g_59b71e184c9f g_34f1538ca802 g_d54f453c609d g_4ab4f73edd50 g_11f44b7be986 g_f949c41422d8 g_099f934e990e g_d8a61aef263d g_8d996d675571 g_28f5700f32a8 g_dad186e49d73 g_4e8948c1cc9f g_31014619e67f g_15c7b6606b61 g_67c7759ac4a7 g_ac74de5cde09 g_53fcbbdbcbd8 g_e81c69ee2327 g_17791ef857b1 g_19d15a667ec6
q_a53b1e9f0238,g_ac74de5cde09 g_11f44b7be986 g_dad186e49d73 g_28f5700f32a8 g_4ab4f73edd50 g_d54f453c609d g_4e8948c1cc9f g_53fcbbdbcbd8 g_31014619e67f g_f949c41422d8 g_15c7b6606b61 g_d8a61aef263d g_099f934e990e g_17791ef857b1 g_e81c69ee2327 g_34f1538ca802 g_19d15a667ec6 g_67c7759ac4a7 g_8d996d675571 g_59b71e184c9f
q_26c0ce6dadd8,g_19d15a667ec6 g_17791ef857b1 g_d8a61aef263d g_e81c69ee2327 g_dad186e49d73 g_28f5700f32a8 g_f949c41422d8 g_67c7759ac4a7 g_ac74de5cde09 g_4ab4f73edd50 g_15c7b6606b61 g_d54f453c609d g_53fcbbdbcbd8 g_11f44b7be986 g_31014619e67f g_4e8948c1cc9f g_34f1538ca802 g_8d996d675571 g_099f934e990e g_59b71e184c9f
q_d2bec8406a6b,g_4e8948c1cc9f g_dad186e49d73 g_11f44b7be986 g_d54f453c609d g_ac74de5cde09 g_4ab4f73edd50 g_28f5700f32a8 g_53fcbbdbcbd8 g_099f934e990e g_15c7b6606b61 g_f949c41422d8 g_d8a61aef263d g_31014619e67f g_17791ef857b1 g_e81c69ee2327 g_19d15a667ec6 g_34f1538ca802 g_67c7759ac4a7 g_8d996d675571 g_59b71e184c9f
q_e9e7e0265f82,g_67c7759ac4a7 g_e81c69ee2327 g_34f1538ca802 g_d8a61aef263d g_d54f453c609d g_19d15a667ec6 g_4ab4f73edd50 g_28f5700f32a8 g_17791ef857b1 g_ac74de5cde09 g_11f44b7be986 g_dad186e49d73 g_8d996d675571 g_f949c41422d8 g_099f934e990e g_15c7b6606b61 g_4e8948c1cc9f g_53fcbbdbcbd8 g_31014619e67f g_59b71e184c9f
q_e2b841b31fbc,g_28f5700f32a8 g_d54f453c609d g_11f44b7be986 g_4ab4f73edd50 g_ac74de5cde09 g_dad186e49d73 g_4e8948c1cc9f g_099f934e990e g_d8a61aef263d g_53fcbbdbcbd8 g_15c7b6606b61 g_f949c41422d8 g_e81c69ee2327 g_17791ef857b1 g_31014619e67f g_34f1538ca802 g_19d15a667ec6 g_67c7759ac4a7 g_8d996d675571 g_59b71e184c9f
q_49a6880c8ea6,g_4ab4f73edd50 g_f949c41422d8 g_15c7b6606b61 g_d54f453c609d g_53fcbbdbcbd8 g_11f44b7be986 g_ac74de5cde09 g_dad186e49d73 g_d8a61aef263d g_4e8948c1cc9f g_17791ef857b1 g_28f5700f32a8 g_31014619e67f g_e81c69ee2327 g_099f934e990e g_19d15a667ec6 g_34f1538ca802 g_67c7759ac4a7 g_8d996d675571 g_59b71e184c9f
q_e93e2dd1e4c2,g_11f44b7be986 g_ac74de5cde09 g_d54f453c609d g_4e8948c1cc9f g_4ab4f73edd50 g_dad186e49d73 g_28f5700f32a8 g_099f934e990e g_53fcbbdbcbd8 g_15c7b6606b61 g_f949c41422d8 g_31014619e67f g_d8a61aef263d g_e81c69ee2327 g_17791ef857b1 g_34f1538ca802 g_19d15a667ec6 g_67c7759ac4a7 g_8d996d675571 g_59b71e184c9f
q_88e2faf3c0c7,g_31014619e67f g_53fcbbdbcbd8 g_11f44b7be986 g_4ab4f73edd50 g_ac74de5cde09 g_d54f453c609d g_dad186e49d73 g_4e8948c1cc9f g_15c7b6606b61 g_f949c41422d8 g_28f5700f32a8 g_099f934e990e g_d8a61aef263d g_17791ef857b1 g_e81c69ee2327 g_34f1538ca802 g_19d15a667ec6 g_67c7759ac4a7 g_8d996d675571 g_59b71e184c9f
q_01828030050e,g_4ab4f73edd50 g_f949c41422d8 g_15c7b6606b61 g_d54f453c609d g_53fcbbdbcbd8 g_11f44b7be986 g_ac74de5cde09 g_d8a61aef263d g_dad186e49d73 g_4e8948c1cc9f g_17791ef857b1 g_28f5700f32a8 g_31014619e67f g_099f934e990e g_e81c69ee2327 g_19d15a667ec6 g_34f1538ca802 g_67c7759ac4a7 g_8d996d675571 g_59b71e184c9f
q_cb3ee3c93834,g_d54f453c609d g_11f44b7be986 g_4ab4f73edd50 g_ac74de5cde09 g_dad186e49d73 g_099f934e990e g_28f5700f32a8 g_4e8948c1cc9f g_d8a61aef263d g_f949c41422d8 g_53fcbbdbcbd8 g_15c7b6606b61 g_e81c69ee2327 g_31014619e67f g_17791ef857b1 g_34f1538ca802 g_19d15a667ec6 g_67c7759ac4a7 g_8d996d675571 g_59b71e184c9f
q_f826283b0843,g_08221a87649f g_126b979c72d6 g_317cc195c810 g_46a4ecd47327 g_94026374a093 g_c47c3dd3ddd6 g_b0fc0054dd04 g_1bc04833bf22 g_326ed6a9451c g_eed1b2761f82 g_aaf34a0e2d53 g_6d68f8d32724 g_9b694e9cd67b g_489da6884145 g_3cda8853b4ac g_3982eb8aa3f8 g_c95532a73204 g_2a6910e4d785 g_fe731020400a g_459cc0a7b6e8 g_2117c11e0c1d g_19f579c08ef7 g_2dab7c427d0e g_ec8d1f3ba2bb g_730613a114b8 g_82b3b3978a39 g_7b014de714d5 g_e01db4772422 g_e73add0b2e0b g_ef62b5f73f83 g_6d0720f132b5 g_9d41ce8b3d86 g_af31da8cd532 g_755e8dd9157b g_19ce49b924f3 g_fe297e14ed56 g_166850a4e1b4 g_7ed2ba0adc67 g_94c686999925 g_6c94d83687bd g_c89abdb73af7 g_2fcf238f3e36 g_94384e42a65b g_f3985f1e4290 g_01662accad2c g_3e88b6211356 g_10c91b4819a5 g_0547ac19c5c0 g_05f05f30ccf8 g_b679008dede7 g_d93a48081434 g_5c27320121f7 g_f2c9345d0340 g_e5a256c3f137 g_f551e8f5dbfc g_2eb236abf4b2 g_57f65099053a g_9c45c3fd1e30 g_9a0a2eb8a22f g_558d6146f9b8 g_46a719fb56a5 g_c70b5acdd7f0 g_cd8ecc62e2c7 g_eeec8abad525 g_676899e274c3 g_b4f8f3f9bdde g_aee988210b14 g_145f70461ddc g_960202a1a58e g_05187a9c1bb0 g_1134f08a30e0 g_baa20c35118c g_90138ec6a8e3 g_c28979b14f81 g_a79194ab33ec g_ba8e8070d8b8 g_4d315eaaa8ca
q_21f27d329a36,g_9d41ce8b3d86 g_19ce49b924f3 g_166850a4e1b4 g_3e88b6211356 g_7ed2ba0adc67 g_c89abdb73af7 g_2fcf238f3e36 g_f3985f1e4290 g_6d0720f132b5 g_b0fc0054dd04 g_aaf34a0e2d53 g_d93a48081434 g_c47c3dd3ddd6 g_eed1b2761f82 g_6d68f8d32724 g_326ed6a9451c g_317cc195c810 g_9b694e9cd67b g_2117c11e0c1d g_fe731020400a g_2a6910e4d785 g_c95532a73204 g_3982eb8aa3f8 g_126b979c72d6 g_489da6884145 g_3cda8853b4ac g_e5a256c3f137 g_ef62b5f73f83 g_459cc0a7b6e8 g_7b014de714d5 g_05f05f30ccf8 g_82b3b3978a39 g_46a4ecd47327 g_e01db4772422 g_755e8dd9157b g_94026374a093 g_19f579c08ef7 g_1bc04833bf22 g_af31da8cd532 g_2dab7c427d0e g_94384e42a65b g_ec8d1f3ba2bb g_e73add0b2e0b g_0547ac19c5c0 g_08221a87649f g_b679008dede7 g_f551e8f5dbfc g_6c94d83687bd g_94c686999925 g_fe297e14ed56 g_2eb236abf4b2 g_730613a114b8 g_f2c9345d0340 g_9a0a2eb8a22f g_10c91b4819a5 g_01662accad2c g_57f65099053a g_9c45c3fd1e30 g_5c27320121f7 g_676899e274c3 g_05187a9c1bb0 g_90138ec6a8e3 g_b4f8f3f9bdde g_baa20c35118c g_558d6146f9b8 g_145f70461ddc g_c70b5acdd7f0 g_46a719fb56a5 g_eeec8abad525 g_c28979b14f81 g_960202a1a58e g_aee988210b14 g_cd8ecc62e2c7 g_1134f08a30e0 g_ba8e8070d8b8 g_a79194ab33ec g_4d315eaaa8ca
q_7b494422e4af,g_730613a114b8 g_fe297e14ed56 g_01662accad2c g_10c91b4819a5 g_126b979c72d6 g_c47c3dd3ddd6 g_317cc195c810 g_94026374a093 g_5c27320121f7 g_46a4ecd47327 g_489da6884145 g_b0fc0054dd04 g_9b694e9cd67b g_1bc04833bf22 g_aaf34a0e2d53 g_326ed6a9451c g_2117c11e0c1d g_eed1b2761f82 g_6d68f8d32724 g_c95532a73204 g_2a6910e4d785 g_3982eb8aa3f8 g_ec8d1f3ba2bb g_3cda8853b4ac g_459cc0a7b6e8 g_08221a87649f g_7b014de714d5 g_2dab7c427d0e g_fe731020400a g_19f579c08ef7 g_755e8dd9157b g_82b3b3978a39 g_e73add0b2e0b g_ef62b5f73f83 g_af31da8cd532 g_e01db4772422 g_94c686999925 g_6c94d83687bd g_b679008dede7 g_0547ac19c5c0 g_94384e42a65b g_9d41ce8b3d86 g_6d0720f132b5 g_19ce49b924f3 g_166850a4e1b4 g_7ed2ba0adc67 g_f3985f1e4290 g_2fcf238f3e36 g_c89abdb73af7 g_05f05f30ccf8 g_3e88b6211356 g_f2c9345d0340 g_d93a48081434 g_558d6146f9b8 g_9c45c3fd1e30 g_57f65099053a g_cd8ecc62e2c7 g_46a719fb56a5 g_a79194ab33ec g_2eb236abf4b2 g_1134f08a30e0 g_f551e8f5dbfc g_e5a256c3f137 g_c70b5acdd7f0 g_eeec8abad525 g_9a0a2eb8a22f g_aee988210b14 g_960202a1a58e g_676899e274c3 g_b4f8f3f9bdde g_145f70461ddc g_baa20c35118c g_05187a9c1bb0 g_c28979b14f81 g_ba8e8070d8b8 g_90138ec6a8e3 g_4d315eaaa8ca
q_bbc6b4df5d38,g_9b694e9cd67b g_e01db4772422 g_c47c3dd3ddd6 g_b0fc0054dd04 g_eed1b2761f82 g_3982eb8aa3f8 g_489da6884145 g_326ed6a9451c g_317cc195c810 g_459cc0a7b6e8 g_3cda8853b4ac g_6d68f8d32724 g_c95532a73204 g_2a6910e4d785 g_94384e42a65b g_fe731020400a g_19f579c08ef7 g_82b3b3978a39 g_af31da8cd532 g_aaf34a0e2d53 g_9d41ce8b3d86 g_2117c11e0c1d g_b679008dede7 g_2dab7c427d0e g_19ce49b924f3 g_126b979c72d6 g_730613a114b8 g_fe297e14ed56 g_7b014de714d5 g_08221a87649f g_166850a4e1b4 g_e73add0b2e0b g_c89abdb73af7 g_7ed2ba0adc67 g_ef62b5f73f83 g_6d0720f132b5 g_46a4ecd47327 g_1bc04833bf22 g_3e88b6211356 g_f3985f1e4290 g_94026374a093 g_2fcf238f3e36 g_10c91b4819a5 g_ec8d1f3ba2bb g_d93a48081434 g_f2c9345d0340 g_755e8dd9157b g_01662accad2c g_f551e8f5dbfc g_6c94d83687bd g_0547ac19c5c0 g_05f05f30ccf8 g_94c686999925 g_e5a256c3f137 g_5c27320121f7 g_2eb236abf4b2 g_9a0a2eb8a22f g_9c45c3fd1e30 g_57f65099053a g_46a719fb56a5 g_558d6146f9b8 g_cd8ecc62e2c7 g_b4f8f3f9bdde g_c70b5acdd7f0 g_05187a9c1bb0 g_eeec8abad525 g_676899e274c3 g_baa20c35118c g_1134f08a30e0 g_960202a1a58e g_145f70461ddc g_aee988210b14 g_90138ec6a8e3 g_c28979b14f81 g_a79194ab33ec g_ba8e8070d8b8 g_4d315eaaa8ca
q_c0af988c35ad,g_3e88b6211356 g_19ce49b924f3 g_9d41ce8b3d86 g_7ed2ba0adc67 g_166850a4e1b4 g_c89abdb73af7 g_f3985f1e4290 g_2fcf238f3e36 g_6d0720f132b5 g_b0fc0054dd04 g_317cc195c810 g_2117c11e0c1d g_82b3b3978a39 g_eed1b2761f82 g_aaf34a0e2d53 g_c47c3dd3ddd6 g_9b694e9cd67b g_489da6884145 g_3cda8853b4ac g_459cc0a7b6e8 g_3982eb8aa3f8 g_e5a256c3f137 g_2a6910e4d785 g_af31da8cd532 g_d93a48081434 g_326ed6a9451c g_126b979c72d6 g_6d68f8d32724 g_c95532a73204 g_fe731020400a g_05f05f30ccf8 g_ef62b5f73f83 g_7b014de714d5 g_ec8d1f3ba2bb g_19f579c08ef7 g_46a4ecd47327 g_755e8dd9157b g_94384e42a65b g_0547ac19c5c0 g_e73add0b2e0b g_e01db4772422 g_1bc04833bf22 g_2dab7c427d0e g_94026374a093 g_08221a87649f g_6c94d83687bd g_b679008dede7 g_f551e8f5dbfc g_94c686999925 g_fe297e14ed56 g_730613a114b8 g_2eb236abf4b2 g_10c91b4819a5 g_9a0a2eb8a22f g_f2c9345d0340 g_57f65099053a g_01662accad2c g_9c45c3fd1e30 g_5c27320121f7 g_baa20c35118c g_676899e274c3 g_b4f8f3f9bdde g_05187a9c1bb0 g_cd8ecc62e2c7 g_90138ec6a8e3 g_145f70461ddc g_eeec8abad525 g_c28979b14f81 g_c70b5acdd7f0 g_558d6146f9b8 g_960202a1a58e g_46a719fb56a5 g_aee988210b14 g_1134f08a30e0 g_ba8e8070d8b8 g_4d315eaaa8ca g_a79194ab33ec
q_08c7d5a72638,g_c28979b14f81 g_baa20c35118c g_676899e274c3 g_b4f8f3f9bdde g_145f70461ddc g_90138ec6a8e3 g_960202a1a58e g_05187a9c1bb0 g_57f65099053a g_2eb236abf4b2 g_c70b5acdd7f0 g_eeec8abad525 g_9c45c3fd1e30 g_558d6146f9b8 g_aee988210b14 g_46a719fb56a5 g_9a0a2eb8a22f g_ba8e8070d8b8 g_05f05f30ccf8 g_755e8dd9157b g_0547ac19c5c0 g_ec8d1f3ba2bb g_e5a256c3f137 g_cd8ecc62e2c7 g_94c686999925 g_aaf34a0e2d53 g_7b014de714d5 g_126b979c72d6 g_19ce49b924f3 g_2117c11e0c1d g_46a4ecd47327 g_7ed2ba0adc67 g_166850a4e1b4 g_9d41ce8b3d86 g_3e88b6211356 g_1bc04833bf22 g_94026374a093 g_ef62b5f73f83 g_2fcf238f3e36 g_6d0720f132b5 g_b0fc0054dd04 g_c89abdb73af7 g_f3985f1e4290 g_e73add0b2e0b g_2dab7c427d0e g_6c94d83687bd g_1134f08a30e0 g_eed1b2761f82 g_317cc195c810 g_6d68f8d32724 g_c47c3dd3ddd6 g_5c27320121f7 g_3cda8853b4ac g_2a6910e4d785 g_489da6884145 g_326ed6a9451c g_82b3b3978a39 g_459cc0a7b6e8 g_c95532a73204 g_fe731020400a g_3982eb8aa3f8 g_d93a48081434 g_af31da8cd532 g_9b694e9cd67b g_19f579c08ef7 g_730613a114b8 g_08221a87649f g_e01db4772422 g_fe297e14ed56 g_01662accad2c g_4d315eaaa8ca g_10c91b4819a5 g_94384e42a65b g_f551e8f5dbfc g_b679008dede7 g_a79194ab33ec g_f2c9345d0340
q_16c4dde51b2b,g_558d6146f9b8 g_46a719fb56a5 g_c70b5acdd7f0 g_aee988210b14 g_eeec8abad525 g_57f65099053a g_9c45c3fd1e30 g_960202a1a58e g_676899e274c3 g_b4f8f3f9bdde g_145f70461ddc g_cd8ecc62e2c7 g_baa20c35118c g_ba8e8070d8b8 g_1134f08a30e0 g_05187a9c1bb0 g_c28979b14f81 g_755e8dd9157b g_2eb236abf4b2 g_94c686999925 g_9a0a2eb8a22f g_ec8d1f3ba2bb g_0547ac19c5c0 g_90138ec6a8e3 g_5c27320121f7 g_aaf34a0e2d53 g_126b979c72d6 g_46a4ecd47327 g_2117c11e0c1d g_1bc04833bf22 g_05f05f30ccf8 g_ef62b5f73f83 g_94026374a093 g_7b014de714d5 g_6c94d83687bd g_2dab7c427d0e g_e73add0b2e0b g_c47c3dd3ddd6 g_b0fc0054dd04 g_730613a114b8 g_eed1b2761f82 g_326ed6a9451c g_fe731020400a g_6d68f8d32724 g_489da6884145 g_3cda8853b4ac g_fe297e14ed56 g_2a6910e4d785 g_19ce49b924f3 g_9d41ce8b3d86 g_c95532a73204 g_3982eb8aa3f8 g_7ed2ba0adc67 g_01662accad2c g_317cc195c810 g_166850a4e1b4 g_82b3b3978a39 g_459cc0a7b6e8 g_19f579c08ef7 g_2fcf238f3e36 g_f3985f1e4290 g_6d0720f132b5 g_08221a87649f g_c89abdb73af7 g_3e88b6211356 g_af31da8cd532 g_10c91b4819a5 g_9b694e9cd67b g_a79194ab33ec g_e01db4772422 g_e5a256c3f137 g_d93a48081434 g_94384e42a65b g_4d315eaaa8ca g_b679008dede7 g_f551e8f5dbfc g_f2c9345d0340
q_9f62c50cc10a,g_f551e8f5dbfc g_f2c9345d0340 g_9d41ce8b3d86 g_19ce49b924f3 g_7ed2ba0adc67 g_166850a4e1b4 g_b679008dede7 g_9b694e9cd67b g_94384e42a65b g_c89abdb73af7 g_3e88b6211356 g_2fcf238f3e36 g_c47c3dd3ddd6 g_b0fc0054dd04 g_d93a48081434 g_6d68f8d32724 g_f3985f1e4290 g_e01db4772422 g_eed1b2761f82 g_6d0720f132b5 g_e5a256c3f137 g_326ed6a9451c g_3982eb8aa3f8 g_489da6884145 g_aaf34a0e2d53 g_fe731020400a g_2a6910e4d785 g_459cc0a7b6e8 g_3cda8853b4ac g_c95532a73204 g_2117c11e0c1d g_317cc195c810 g_82b3b3978a39 g_ef62b5f73f83 g_19f579c08ef7 g_7b014de714d5 g_2dab7c427d0e g_126b979c72d6 g_af31da8cd532 g_755e8dd9157b g_e73add0b2e0b g_fe297e14ed56 g_46a4ecd47327 g_730613a114b8 g_1bc04833bf22 g_94026374a093 g_ec8d1f3ba2bb g_05f05f30ccf8 g_0547ac19c5c0 g_2eb236abf4b2 g_08221a87649f g_10c91b4819a5 g_6c94d83687bd g_94c686999925 g_01662accad2c g_9a0a2eb8a22f g_5c27320121f7 g_57f65099053a g_9c45c3fd1e30 g_b4f8f3f9bdde g_05187a9c1bb0 g_558d6146f9b8 g_676899e274c3 g_baa20c35118c g_46a719fb56a5 g_90138ec6a8e3 g_c70b5acdd7f0 g_c28979b14f81 g_145f70461ddc g_cd8ecc62e2c7 g_960202a1a58e g_eeec8abad525 g_aee988210b14 g_1134f08a30e0 g_4d315eaaa8ca g_a79194ab33ec g_ba8e8070d8b8
q_2a2c9541ad61,g_9d41ce8b3d86 g_166850a4e1b4 g_19ce49b924f3 g_7ed2ba0adc67 g_c89abdb73af7 g_2fcf238f3e36 g_f3985f1e4290 g_3e88b6211356 g_6d0720f132b5 g_d93a48081434 g_c47c3dd3ddd6 g_b0fc0054dd04 g_aaf34a0e2d53 g_9b694e9cd67b g_326ed6a9451c g_eed1b2761f82 g_6d68f8d32724 g_e5a256c3f137 g_489da6884145 g_fe731020400a g_3982eb8aa3f8 g_2117c11e0c1d g_05f05f30ccf8 g_317cc195c810 g_126b979c72d6 g_3cda8853b4ac g_c95532a73204 g_2a6910e4d785 g_2dab7c427d0e g_19f579c08ef7 g_459cc0a7b6e8 g_7b014de714d5 g_82b3b3978a39 g_ef62b5f73f83 g_e01db4772422 g_e73add0b2e0b g_46a4ecd47327 g_755e8dd9157b g_94026374a093 g_ec8d1f3ba2bb g_1bc04833bf22 g_94384e42a65b g_af31da8cd532 g_08221a87649f g_0547ac19c5c0 g_f551e8f5dbfc g_6c94d83687bd g_b679008dede7 g_94c686999925 g_2eb236abf4b2 g_fe297e14ed56 g_730613a114b8 g_f2c9345d0340 g_9a0a2eb8a22f g_10c91b4819a5 g_01662accad2c g_57f65099053a g_9c45c3fd1e30 g_5c27320121f7 g_05187a9c1bb0 g_b4f8f3f9bdde g_676899e274c3 g_558d6146f9b8 g_baa20c35118c g_145f70461ddc g_46a719fb56a5 g_90138ec6a8e3 g_c28979b14f81 g_c70b5acdd7f0 g_960202a1a58e g_eeec8abad525 g_aee988210b14 g_cd8ecc62e2c7 g_1134f08a30e0 g_ba8e8070d8b8 g_a79194ab33ec g_4d315eaaa8ca
q_0825bbfe4b26,g_cd8ecc62e2c7 g_1134f08a30e0 g_558d6146f9b8 g_c70b5acdd7f0 g_aee988210b14 g_46a719fb56a5 g_57f65099053a g_eeec8abad525 g_9c45c3fd1e30 g_755e8dd9157b g_960202a1a58e g_ec8d1f3ba2bb g_676899e274c3 g_145f70461ddc g_5c27320121f7 g_9a0a2eb8a22f g_b4f8f3f9bdde g_94c686999925 g_ba8e8070d8b8 g_aaf34a0e2d53 g_baa20c35118c g_2eb236abf4b2 g_126b979c72d6 g_7b014de714d5 g_0547ac19c5c0 g_ef62b5f73f83 g_46a4ecd47327 g_94026374a093 g_05187a9c1bb0 g_2dab7c427d0e g_2117c11e0c1d g_6c94d83687bd g_1bc04833bf22 g_e73add0b2e0b g_730613a114b8 g_a79194ab33ec g_fe297e14ed56 g_fe731020400a g_c47c3dd3ddd6 g_01662accad2c g_b0fc0054dd04 g_c28979b14f81 g_eed1b2761f82 g_6d68f8d32724 g_c95532a73204 g_2a6910e4d785 g_05f05f30ccf8 g_90138ec6a8e3 g_3cda8853b4ac g_326ed6a9451c g_489da6884145 g_317cc195c810 g_10c91b4819a5 g_3982eb8aa3f8 g_459cc0a7b6e8 g_82b3b3978a39 g_7ed2ba0adc67 g_166850a4e1b4 g_19f579c08ef7 g_9d41ce8b3d86 g_19ce49b924f3 g_2fcf238f3e36 g_e01db4772422 g_af31da8cd532 g_9b694e9cd67b g_c89abdb73af7 g_08221a87649f g_6d0720f132b5 g_f3985f1e4290 g_3e88b6211356 g_d93a48081434 g_e5a256c3f137 g_94384e42a65b g_b679008dede7 g_f551e8f5dbfc g_4d315eaaa8ca g_f2c9345d0340
q_5b9c062c6efa,g_126b979c72d6 g_46a4ecd47327 g_94026374a093 g_1bc04833bf22 g_ec8d1f3ba2bb g_aaf34a0e2d53 g_2117c11e0c1d g_ef62b5f73f83 g_6c94d83687bd g_b0fc0054dd04 g_7b014de714d5 g_94c686999925 g_755e8dd9157b g_c47c3dd3ddd6 g_08221a87649f g_2dab7c427d0e g_317cc195c810 g_eed1b2761f82 g_326ed6a9451c g_fe731020400a g_6d68f8d32724 g_e73add0b2e0b g_3982eb8aa3f8 g_2a6910e4d785 g_3cda8853b4ac g_c95532a73204 g_489da6884145 g_459cc0a7b6e8 g_730613a114b8 g_82b3b3978a39 g_19f579c08ef7 g_0547ac19c5c0 g_9d41ce8b3d86 g_9b694e9cd67b g_af31da8cd532 g_19ce49b924f3 g_166850a4e1b4 g_7ed2ba0adc67 g_fe297e14ed56 g_e01db4772422 g_c89abdb73af7 g_05f05f30ccf8 g_3e88b6211356 g_01662accad2c g_2fcf238f3e36 g_6d0720f132b5 g_5c27320121f7 g_f3985f1e4290 g_10c91b4819a5 g_94384e42a65b g_d93a48081434 g_b679008dede7 g_57f65099053a g_9c45c3fd1e30 g_2eb236abf4b2 g_9a0a2eb8a22f g_558d6146f9b8 g_e5a256c3f137 g_c70b5acdd7f0 g_46a719fb56a5 g_cd8ecc62e2c7 g_eeec8abad525 g_676899e274c3 g_aee988210b14 g_b4f8f3f9bdde g_05187a9c1bb0 g_baa20c35118c g_960202a1a58e g_1134f08a30e0 g_f551e8f5dbfc g_145f70461ddc g_f2c9345d0340 g_90138ec6a8e3 g_c28979b14f81 g_ba8e8070d8b8 g_a79194ab33ec g_4d315eaaa8ca
q_ca9b1117f9fb,g_2a6910e4d785 g_c47c3dd3ddd6 g_326ed6a9451c g_3cda8853b4ac g_b0fc0054dd04 g_19f579c08ef7 g_fe731020400a g_eed1b2761f82 g_c95532a73204 g_489da6884145 g_82b3b3978a39 g_6d68f8d32724 g_3982eb8aa3f8 g_459cc0a7b6e8 g_aaf34a0e2d53 g_af31da8cd532 g_9b694e9cd67b g_317cc195c810 g_e73add0b2e0b g_e01db4772422 g_7b014de714d5 g_2117c11e0c1d g_2dab7c427d0e g_ef62b5f73f83 g_46a4ecd47327 g_126b979c72d6 g_1bc04833bf22 g_ec8d1f3ba2bb g_94026374a093 g_08221a87649f g_9d41ce8b3d86 g_755e8dd9157b g_7ed2ba0adc67 g_f3985f1e4290 g_19ce49b924f3 g_0547ac19c5c0 g_166850a4e1b4 g_730613a114b8 g_fe297e14ed56 g_6d0720f132b5 g_10c91b4819a5 g_94384e42a65b g_3e88b6211356 g_c89abdb73af7 g_2fcf238f3e36 g_6c94d83687bd g_94c686999925 g_01662accad2c g_05f05f30ccf8 g_b679008dede7 g_d93a48081434 g_5c27320121f7 g_e5a256c3f137 g_f2c9345d0340 g_f551e8f5dbfc g_9a0a2eb8a22f g_2eb236abf4b2 g_9c45c3fd1e30 g_57f65099053a g_cd8ecc62e2c7 g_558d6146f9b8 g_05187a9c1bb0 g_46a719fb56a5 g_1134f08a30e0 g_145f70461ddc g_676899e274c3 g_eeec8abad525 g_c70b5acdd7f0 g_aee988210b14 g_b4f8f3f9bdde g_baa20c35118c g_960202a1a58e g_90138ec6a8e3 g_c28979b14f81 g_a79194ab33ec g_ba8e8070d8b8 g_4d315eaaa8ca
q_e0c6b64c8d37,g_f2c9345d0340 g_b679008dede7 g_94384e42a65b g_9b694e9cd67b g_f551e8f5dbfc g_e01db4772422 g_c47c3dd3ddd6 g_9d41ce8b3d86 g_b0fc0054dd04 g_eed1b2761f82 g_326ed6a9451c g_317cc195c810 g_489da6884145 g_3982eb8aa3f8 g_3cda8853b4ac g_19ce49b924f3 g_6d68f8d32724 g_2a6910e4d785 g_fe731020400a g_c95532a73204 g_fe297e14ed56 g_730613a114b8 g_c89abdb73af7 g_459cc0a7b6e8 g_6d0720f132b5 g_166850a4e1b4 g_82b3b3978a39 g_7ed2ba0adc67 g_19f579c08ef7 g_aaf34a0e2d53 g_d93a48081434 g_f3985f1e4290 g_3e88b6211356 g_2117c11e0c1d g_2fcf238f3e36 g_af31da8cd532 g_2dab7c427d0e g_126b979c72d6 g_10c91b4819a5 g_ef62b5f73f83 g_e73add0b2e0b g_7b014de714d5 g_08221a87649f g_46a4ecd47327 g_1bc04833bf22 g_94026374a093 g_755e8dd9157b g_ec8d1f3ba2bb g_01662accad2c g_e5a256c3f137 g_0547ac19c5c0 g_05f05f30ccf8 g_6c94d83687bd g_94c686999925 g_5c27320121f7 g_2eb236abf4b2 g_9a0a2eb8a22f g_57f65099053a g_9c45c3fd1e30 g_558d6146f9b8 g_cd8ecc62e2c7 g_46a719fb56a5 g_b4f8f3f9bdde g_a79194ab33ec g_676899e274c3 g_c70b5acdd7f0 g_05187a9c1bb0 g_baa20c35118c g_145f70461ddc g_eeec8abad525 g_1134f08a30e0 g_960202a1a58e g_90138ec6a8e3 g_aee988210b14 g_c28979b14f81 g_ba8e8070d8b8 g_4d315eaaa8ca
q_a3ba0608eebf,g_c47c3dd3ddd6 g_b0fc0054dd04 g_326ed6a9451c g_6d68f8d32724 g_eed1b2761f82 g_fe731020400a g_489da6884145 g_3982eb8aa3f8 g_2a6910e4d785 g_c95532a73204 g_3cda8853b4ac g_19f579c08ef7 g_459cc0a7b6e8 g_82b3b3978a39 g_aaf34a0e2d53 g_af31da8cd532 g_9b694e9cd67b g_317cc195c810 g_2117c11e0c1d g_2dab7c427d0e g_7b014de714d5 g_ef62b5f73f83 g_e73add0b2e0b g_e01db4772422 g_126b979c72d6 g_46a4ecd47327 g_9d41ce8b3d86 g_94026374a093 g_1bc04833bf22 g_755e8dd9157b g_ec8d1f3ba2bb g_08221a87649f g_fe297e14ed56 g_19ce49b924f3 g_7ed2ba0adc67 g_166850a4e1b4 g_730613a114b8 g_6d0720f132b5 g_c89abdb73af7 g_2fcf238f3e36 g_f3985f1e4290 g_94384e42a65b g_3e88b6211356 g_6c94d83687bd g_0547ac19c5c0 g_10c91b4819a5 g_01662accad2c g_94c686999925 g_d93a48081434 g_b679008dede7 g_05f05f30ccf8 g_f2c9345d0340 g_f551e8f5dbfc g_5c27320121f7 g_e5a256c3f137 g_2eb236abf4b2 g_9a0a2eb8a22f g_57f65099053a g_9c45c3fd1e30 g_558d6146f9b8 g_cd8ecc62e2c7 g_46a719fb56a5 g_c70b5acdd7f0 g_b4f8f3f9bdde g_05187a9c1bb0 g_eeec8abad525 g_1134f08a30e0 g_aee988210b14 g_676899e274c3 g_145f70461ddc g_baa20c35118c g_960202a1a58e g_90138ec6a8e3 g_c28979b14f81 g_a79194ab33ec g_ba8e8070d8b8 g_4d315eaaa8ca
q_c3b206cf92ca,g_2117c11e0c1d g_aaf34a0e2d53 g_7b014de714d5 g_ef62b5f73f83 g_2dab7c427d0e g_e73add0b2e0b g_b0fc0054dd04 g_755e8dd9157b g_eed1b2761f82 g_c47c3dd3ddd6 g_489da6884145 g_126b979c72d6 g_326ed6a9451c g_2a6910e4d785 g_ec8d1f3ba2bb g_459cc0a7b6e8 g_6d68f8d32724 g_3982eb8aa3f8 g_af31da8cd532 g_82b3b3978a39 g_c95532a73204 g_3cda8853b4ac g_0547ac19c5c0 g_46a4ecd47327 g_fe731020400a g_317cc195c810 g_94026374a093 g_1bc04833bf22 g_6c94d83687bd g_19f579c08ef7 g_9b694e9cd67b g_9d41ce8b3d86 g_19ce49b924f3 g_94c686999925 g_3e88b6211356 g_fe297e14ed56 g_7ed2ba0adc67 g_166850a4e1b4 g_08221a87649f g_730613a114b8 g_c89abdb73af7 g_e01db4772422 g_f3985f1e4290 g_10c91b4819a5 g_05f05f30ccf8 g_2fcf238f3e36 g_01662accad2c g_6d0720f132b5 g_94384e42a65b g_5c27320121f7 g_d93a48081434 g_57f65099053a g_2eb236abf4b2 g_b679008dede7 g_9a0a2eb8a22f g_9c45c3fd1e30 g_e5a256c3f137 g_cd8ecc62e2c7 g_558d6146f9b8 g_f551e8f5dbfc g_46a719fb56a5 g_c70b5acdd7f0 g_eeec8abad525 g_b4f8f3f9bdde g_676899e274c3 g_baa20c35118c g_f2c9345d0340 g_1134f08a30e0 g_aee988210b14 g_05187a9c1bb0 g_960202a1a58e g_145f70461ddc g_90138ec6a8e3 g_c28979b14f81 g_a79194ab33ec g_ba8e8070d8b8 g_4d315eaaa8ca
q_022b96a076f8,g_ec8d1f3ba2bb g_6c94d83687bd g_126b979c72d6 g_755e8dd9157b g_aaf34a0e2d53 g_46a4ecd47327 g_2117c11e0c1d g_1bc04833bf22 g_94c686999925 g_94026374a093 g_0547ac19c5c0 g_7b014de714d5 g_e73add0b2e0b g_2dab7c427d0e g_ef62b5f73f83 g_c47c3dd3ddd6 g_b0fc0054dd04 g_2a6910e4d785 g_eed1b2761f82 g_317cc195c810 g_3cda8853b4ac g_326ed6a9451c g_489da6884145 g_fe731020400a g_c95532a73204 g_82b3b3978a39 g_3982eb8aa3f8 g_19f579c08ef7 g_6d68f8d32724 g_459cc0a7b6e8 g_af31da8cd532 g_05f05f30ccf8 g_08221a87649f g_730613a114b8 g_9b694e9cd67b g_9d41ce8b3d86 g_19ce49b924f3 g_fe297e14ed56 g_7ed2ba0adc67 g_166850a4e1b4 g_5c27320121f7 g_01662accad2c g_f3985f1e4290 g_6d0720f132b5 g_3e88b6211356 g_e01db4772422 g_10c91b4819a5 g_c89abdb73af7 g_2fcf238f3e36 g_9c45c3fd1e30 g_57f65099053a g_9a0a2eb8a22f g_94384e42a65b g_2eb236abf4b2 g_cd8ecc62e2c7 g_558d6146f9b8 g_46a719fb56a5 g_d93a48081434 g_eeec8abad525 g_c70b5acdd7f0 g_676899e274c3 g_1134f08a30e0 g_e5a256c3f137 g_aee988210b14 g_145f70461ddc g_05187a9c1bb0 g_b4f8f3f9bdde g_baa20c35118c g_960202a1a58e g_b679008dede7 g_c28979b14f81 g_90138ec6a8e3 g_f551e8f5dbfc g_f2c9345d0340 g_ba8e8070d8b8 g_a79194ab33ec g_4d315eaaa8ca
q_48b2fbc15b6f,g_46a4ecd47327 g_126b979c72d6 g_1bc04833bf22 g_94026374a093 g_aaf34a0e2d53 g_ec8d1f3ba2bb g_7b014de714d5 g_ef62b5f73f83 g_2117c11e0c1d g_b0fc0054dd04 g_6d68f8d32724 g_755e8dd9157b g_c47c3dd3ddd6 g_eed1b2761f82 g_6c94d83687bd g_fe731020400a g_317cc195c810 g_2a6910e4d785 g_94c686999925 g_08221a87649f g_c95532a73204 g_326ed6a9451c g_3cda8853b4ac g_730613a114b8 g_e73add0b2e0b g_2dab7c427d0e g_3982eb8aa3f8 g_0547ac19c5c0 g_489da6884145 g_459cc0a7b6e8 g_82b3b3978a39 g_19f579c08ef7 g_9b694e9cd67b g_9d41ce8b3d86 g_19ce49b924f3 g_7ed2ba0adc67 g_166850a4e1b4 g_fe297e14ed56 g_5c27320121f7 g_af31da8cd532 g_2fcf238f3e36 g_e01db4772422 g_05f05f30ccf8 g_3e88b6211356 g_c89abdb73af7 g_6d0720f132b5 g_01662accad2c g_f3985f1e4290 g_10c91b4819a5 g_d93a48081434 g_94384e42a65b g_b679008dede7 g_9c45c3fd1e30 g_9a0a2eb8a22f g_57f65099053a g_2eb236abf4b2 g_558d6146f9b8 g_c70b5acdd7f0 g_e5a256c3f137 g_aee988210b14 g_46a719fb56a5 g_eeec8abad525 g_cd8ecc62e2c7 g_676899e274c3 g_05187a9c1bb0 g_145f70461ddc g_b4f8f3f9bdde g_baa20c35118c g_960202a1a58e g_f2c9345d0340 g_1134f08a30e0 g_90138ec6a8e3 g_f551e8f5dbfc g_c28979b14f81 g_ba8e8070d8b8 g_a79194ab33ec g_4d315eaaa8ca
q_eb824a33a824,g_46a4ecd47327 g_126b979c72d6 g_1bc04833bf22 g_94026374a093 g_ec8d1f3ba2bb g_aaf34a0e2d53 g_7b014de714d5 g_ef62b5f73f83 g_2117c11e0c1d g_b0fc0054dd04 g_755e8dd9157b g_94c686999925 g_6d68f8d32724 g_317cc195c810 g_eed1b2761f82 g_6c94d83687bd g_c47c3dd3ddd6 g_08221a87649f g_2a6910e4d785 g_2dab7c427d0e g_c95532a73204 g_3cda8853b4ac g_fe731020400a g_326ed6a9451c g_e73add0b2e0b g_3982eb8aa3f8 g_489da6884145 g_459cc0a7b6e8 g_730613a114b8 g_82b3b3978a39 g_0547ac19c5c0 g_19f579c08ef7 g_9b694e9cd67b g_19ce49b924f3 g_af31da8cd532 g_9d41ce8b3d86 g_7ed2ba0adc67 g_166850a4e1b4 g_5c27320121f7 g_05f05f30ccf8 g_e01db4772422 g_fe297e14ed56 g_3e88b6211356 g_2fcf238f3e36 g_01662accad2c g_c89abdb73af7 g_6d0720f132b5 g_f3985f1e4290 g_10c91b4819a5 g_94384e42a65b g_d93a48081434 g_b679008dede7 g_9c45c3fd1e30 g_57f65099053a g_9a0a2eb8a22f g_2eb236abf4b2 g_e5a256c3f137 g_c70b5acdd7f0 g_558d6146f9b8 g_46a719fb56a5 g_cd8ecc62e2c7 g_eeec8abad525 g_aee988210b14 g_676899e274c3 g_05187a9c1bb0 g_145f70461ddc g_baa20c35118c g_b4f8f3f9bdde g_960202a1a58e g_1134f08a30e0 g_f2c9345d0340 g_f551e8f5dbfc g_90138ec6a8e3 g_c28979b14f81 g_ba8e8070d8b8 g_a79194ab33ec g_4d315eaaa8ca
q_ea40aa5fc78d,g_b0fc0054dd04 g_c47c3dd3ddd6 g_eed1b2761f82 g_3cda8853b4ac g_82b3b3978a39 g_2a6910e4d785 g_326ed6a9451c g_489da6884145 g_459cc0a7b6e8 g_fe731020400a g_3982eb8aa3f8 g_6d68f8d32724 g_c95532a73204 g_af31da8cd532 g_19f579c08ef7 g_317cc195c810 g_aaf34a0e2d53 g_2117c11e0c1d g_9b694e9cd67b g_7b014de714d5 g_e73add0b2e0b g_e01db4772422 g_ef62b5f73f83 g_2dab7c427d0e g_126b979c72d6 g_46a4ecd47327 g_ec8d1f3ba2bb g_1bc04833bf22 g_19ce49b924f3 g_08221a87649f g_3e88b6211356 g_9d41ce8b3d86 g_755e8dd9157b g_94026374a093 g_7ed2ba0adc67 g_166850a4e1b4 g_f3985f1e4290 g_730613a114b8 g_fe297e14ed56 g_94384e42a65b g_0547ac19c5c0 g_c89abdb73af7 g_10c91b4819a5 g_6d0720f132b5 g_2fcf238f3e36 g_6c94d83687bd g_05f05f30ccf8 g_b679008dede7 g_01662accad2c g_94c686999925 g_d93a48081434 g_e5a256c3f137 g_5c27320121f7 g_f2c9345d0340 g_f551e8f5dbfc g_57f65099053a g_9a0a2eb8a22f g_2eb236abf4b2 g_9c45c3fd1e30 g_cd8ecc62e2c7 g_558d6146f9b8 g_eeec8abad525 g_c70b5acdd7f0 g_1134f08a30e0 g_676899e274c3 g_b4f8f3f9bdde g_05187a9c1bb0 g_46a719fb56a5 g_baa20c35118c g_aee988210b14 g_145f70461ddc g_960202a1a58e g_90138ec6a8e3 g_c28979b14f81 g_a79194ab33ec g_ba8e8070d8b8 g_4d315eaaa8ca
q_2226a5ef0fa5,g_960202a1a58e g_676899e274c3 g_558d6146f9b8 g_145f70461ddc g_b4f8f3f9bdde g_baa20c35118c g_46a719fb56a5 g_c70b5acdd7f0 g_eeec8abad525 g_aee988210b14 g_57f65099053a g_9c45c3fd1e30 g_c28979b14f81 g_ba8e8070d8b8 g_05187a9c1bb0 g_90138ec6a8e3 g_2eb236abf4b2 g_cd8ecc62e2c7 g_755e8dd9157b g_9a0a2eb8a22f g_94c686999925 g_1134f08a30e0 g_ec8d1f3ba2bb g_126b979c72d6 g_05f05f30ccf8 g_aaf34a0e2d53 g_0547ac19c5c0 g_46a4ecd47327 g_5c27320121f7 g_94026374a093 g_1bc04833bf22 g_7b014de714d5 g_2117c11e0c1d g_ef62b5f73f83 g_6c94d83687bd g_2dab7c427d0e g_9d41ce8b3d86 g_19ce49b924f3 g_e73add0b2e0b g_166850a4e1b4 g_7ed2ba0adc67 g_c47c3dd3ddd6 g_b0fc0054dd04 g_eed1b2761f82 g_326ed6a9451c g_6d68f8d32724 g_c95532a73204 g_489da6884145 g_c89abdb73af7 g_2fcf238f3e36 g_2a6910e4d785 g_fe731020400a g_3e88b6211356 g_730613a114b8 g_3cda8853b4ac g_3982eb8aa3f8 g_6d0720f132b5 g_f3985f1e4290 g_459cc0a7b6e8 g_317cc195c810 g_e5a256c3f137 g_fe297e14ed56 g_82b3b3978a39 g_08221a87649f g_19f579c08ef7 g_01662accad2c g_9b694e9cd67b g_af31da8cd532 g_e01db4772422 g_10c91b4819a5 g_d93a48081434 g_a79194ab33ec g_94384e42a65b g_4d315eaaa8ca g_b679008dede7 g_f551e8f5dbfc g_f2c9345d0340
q_78f89108b193,g_b0fc0054dd04 g_eed1b2761f82 g_c47c3dd3ddd6 g_3982eb8aa3f8 g_489da6884145 g_459cc0a7b6e8 g_c95532a73204 g_326ed6a9451c g_2a6910e4d785 g_3cda8853b4ac g_6d68f8d32724 g_82b3b3978a39 g_fe731020400a g_af31da8cd532 g_2117c11e0c1d g_9b694e9cd67b g_317cc195c810 g_aaf34a0e2d53 g_19f579c08ef7 g_7b014de714d5 g_ef62b5f73f83 g_126b979c72d6 g_46a4ecd47327 g_2dab7c427d0e g_e01db4772422 g_9d41ce8b3d86 g_94026374a093 g_1bc04833bf22 g_e73add0b2e0b g_19ce49b924f3 g_3e88b6211356 g_166850a4e1b4 g_08221a87649f g_ec8d1f3ba2bb g_755e8dd9157b g_fe297e14ed56 g_7ed2ba0adc67 g_c89abdb73af7 g_730613a114b8 g_2fcf238f3e36 g_6c94d83687bd g_94384e42a65b g_10c91b4819a5 g_0547ac19c5c0 g_f3985f1e4290 g_6d0720f132b5 g_94c686999925 g_01662accad2c g_b679008dede7 g_05f05f30ccf8 g_d93a48081434 g_5c27320121f7 g_f551e8f5dbfc g_e5a256c3f137 g_f2c9345d0340 g_9a0a2eb8a22f g_2eb236abf4b2 g_9c45c3fd1e30 g_57f65099053a g_cd8ecc62e2c7 g_46a719fb56a5 g_c70b5acdd7f0 g_558d6146f9b8 g_eeec8abad525 g_baa20c35118c g_b4f8f3f9bdde g_676899e274c3 g_05187a9c1bb0 g_aee988210b14 g_145f70461ddc g_960202a1a58e g_90138ec6a8e3 g_1134f08a30e0 g_c28979b14f81 g_a79194ab33ec g_ba8e8070d8b8 g_4d315eaaa8ca
q_b69a0941f733,g_94c686999925 g_ec8d1f3ba2bb g_126b979c72d6 g_755e8dd9157b g_46a4ecd47327 g_94026374a093 g_1bc04833bf22 g_aaf34a0e2d53 g_6c94d83687bd g_2117c11e0c1d g_0547ac19c5c0 g_7b014de714d5 g_ef62b5f73f83 g_2dab7c427d0e g_e73add0b2e0b g_c47c3dd3ddd6 g_5c27320121f7 g_b0fc0054dd04 g_326ed6a9451c g_6d68f8d32724 g_c95532a73204 g_05f05f30ccf8 g_fe731020400a g_489da6884145 g_eed1b2761f82 g_2a6910e4d785 g_730613a114b8 g_3982eb8aa3f8 g_317cc195c810 g_08221a87649f g_3cda8853b4ac g_19f579c08ef7 g_459cc0a7b6e8 g_9d41ce8b3d86 g_82b3b3978a39 g_01662accad2c g_fe297e14ed56 g_19ce49b924f3 g_9c45c3fd1e30 g_7ed2ba0adc67 g_166850a4e1b4 g_57f65099053a g_af31da8cd532 g_6d0720f132b5 g_558d6146f9b8 g_9b694e9cd67b g_2fcf238f3e36 g_c89abdb73af7 g_f3985f1e4290 g_46a719fb56a5 g_3e88b6211356 g_10c91b4819a5 g_c70b5acdd7f0 g_e01db4772422 g_2eb236abf4b2 g_cd8ecc62e2c7 g_eeec8abad525 g_aee988210b14 g_9a0a2eb8a22f g_676899e274c3 g_960202a1a58e g_145f70461ddc g_b4f8f3f9bdde g_1134f08a30e0 g_baa20c35118c g_05187a9c1bb0 g_d93a48081434 g_94384e42a65b g_e5a256c3f137 g_c28979b14f81 g_90138ec6a8e3 g_b679008dede7 g_ba8e8070d8b8 g_f551e8f5dbfc g_f2c9345d0340 g_a79194ab33ec g_4d315eaaa8ca
q_9d897327d040,g_126b979c72d6 g_94026374a093 g_46a4ecd47327 g_1bc04833bf22 g_ec8d1f3ba2bb g_aaf34a0e2d53 g_94c686999925 g_2117c11e0c1d g_7b014de714d5 g_755e8dd9157b g_ef62b5f73f83 g_c47c3dd3ddd6 g_2dab7c427d0e g_326ed6a9451c g_08221a87649f g_e73add0b2e0b g_b0fc0054dd04 g_c95532a73204 g_6c94d83687bd g_eed1b2761f82 g_2a6910e4d785 g_317cc195c810 g_fe731020400a g_3cda8853b4ac g_6d68f8d32724 g_489da6884145 g_3982eb8aa3f8 g_730613a114b8 g_459cc0a7b6e8 g_19f579c08ef7 g_82b3b3978a39 g_0547ac19c5c0 g_9b694e9cd67b g_9d41ce8b3d86 g_19ce49b924f3 g_af31da8cd532 g_05f05f30ccf8 g_166850a4e1b4 g_5c27320121f7 g_7ed2ba0adc67 g_e01db4772422 g_6d0720f132b5 g_01662accad2c g_fe297e14ed56 g_f3985f1e4290 g_c89abdb73af7 g_2fcf238f3e36 g_3e88b6211356 g_10c91b4819a5 g_94384e42a65b g_d93a48081434 g_9c45c3fd1e30 g_b679008dede7 g_57f65099053a g_2eb236abf4b2 g_9a0a2eb8a22f g_558d6146f9b8 g_46a719fb56a5 g_e5a256c3f137 g_c70b5acdd7f0 g_cd8ecc62e2c7 g_676899e274c3 g_eeec8abad525 g_145f70461ddc g_aee988210b14 g_960202a1a58e g_baa20c35118c g_05187a9c1bb0 g_b4f8f3f9bdde g_1134f08a30e0 g_f551e8f5dbfc g_90138ec6a8e3 g_f2c9345d0340 g_c28979b14f81 g_ba8e8070d8b8 g_a79194ab33ec g_4d315eaaa8ca
q_7cb8579212da,g_aaf34a0e2d53 g_2117c11e0c1d g_2dab7c427d0e g_e73add0b2e0b g_7b014de714d5 g_ef62b5f73f83 g_c47c3dd3ddd6 g_755e8dd9157b g_326ed6a9451c g_ec8d1f3ba2bb g_489da6884145 g_b0fc0054dd04 g_126b979c72d6 g_3982eb8aa3f8 g_eed1b2761f82 g_3cda8853b4ac g_6d68f8d32724 g_19f579c08ef7 g_2a6910e4d785 g_459cc0a7b6e8 g_c95532a73204 g_46a4ecd47327 g_94026374a093 g_1bc04833bf22 g_fe731020400a g_82b3b3978a39 g_0547ac19c5c0 g_6c94d83687bd g_af31da8cd532 g_317cc195c810 g_9b694e9cd67b g_94c686999925 g_9d41ce8b3d86 g_08221a87649f g_e01db4772422 g_fe297e14ed56 g_19ce49b924f3 g_730613a114b8 g_7ed2ba0adc67 g_f3985f1e4290 g_166850a4e1b4 g_c89abdb73af7 g_6d0720f132b5 g_05f05f30ccf8 g_2fcf238f3e36 g_01662accad2c g_10c91b4819a5 g_3e88b6211356 g_94384e42a65b g_5c27320121f7 g_d93a48081434 g_2eb236abf4b2 g_9a0a2eb8a22f g_9c45c3fd1e30 g_57f65099053a g_b679008dede7 g_e5a256c3f137 g_558d6146f9b8 g_cd8ecc62e2c7 g_f551e8f5dbfc g_46a719fb56a5 g_f2c9345d0340 g_1134f08a30e0 g_c70b5acdd7f0 g_05187a9c1bb0 g_eeec8abad525 g_b4f8f3f9bdde g_676899e274c3 g_aee988210b14 g_145f70461ddc g_baa20c35118c g_960202a1a58e g_90138ec6a8e3 g_c28979b14f81 g_a79194ab33ec g_ba8e8070d8b8 g_4d315eaaa8ca
q_706b7e5623df,g_e5a256c3f137 g_19ce49b924f3 g_166850a4e1b4 g_6d0720f132b5 g_7ed2ba0adc67 g_f3985f1e4290 g_9d41ce8b3d86 g_3e88b6211356 g_2fcf238f3e36 g_05f05f30ccf8 g_d93a48081434 g_c89abdb73af7 g_2a6910e4d785 g_7b014de714d5 g_3cda8853b4ac g_317cc195c810 g_9b694e9cd67b g_b0fc0054dd04 g_326ed6a9451c g_ec8d1f3ba2bb g_755e8dd9157b g_eed1b2761f82 g_c47c3dd3ddd6 g_c95532a73204 g_94384e42a65b g_94026374a093 g_46a4ecd47327 g_489da6884145 g_82b3b3978a39 g_126b979c72d6 g_aaf34a0e2d53 g_e01db4772422 g_e73add0b2e0b g_fe731020400a g_2117c11e0c1d g_2eb236abf4b2 g_1bc04833bf22 g_19f579c08ef7 g_0547ac19c5c0 g_459cc0a7b6e8 g_6d68f8d32724 g_af31da8cd532 g_3982eb8aa3f8 g_08221a87649f g_b679008dede7 g_2dab7c427d0e g_f551e8f5dbfc g_ef62b5f73f83 g_9a0a2eb8a22f g_94c686999925 g_c28979b14f81 g_90138ec6a8e3 g_145f70461ddc g_676899e274c3 g_9c45c3fd1e30 g_57f65099053a g_05187a9c1bb0 g_10c91b4819a5 g_fe297e14ed56 g_730613a114b8 g_6c94d83687bd g_f2c9345d0340 g_baa20c35118c g_eeec8abad525 g_5c27320121f7 g_960202a1a58e g_c70b5acdd7f0 g_01662accad2c g_b4f8f3f9bdde g_46a719fb56a5 g_558d6146f9b8 g_aee988210b14 g_cd8ecc62e2c7 g_ba8e8070d8b8 g_1134f08a30e0 g_4d315eaaa8ca g_a79194ab33ec
q_26cd3f1781f1,g_145f70461ddc g_676899e274c3 g_b4f8f3f9bdde g_baa20c35118c g_960202a1a58e g_05187a9c1bb0 g_c28979b14f81 g_57f65099053a g_9c45c3fd1e30 g_558d6146f9b8 g_eeec8abad525 g_46a719fb56a5 g_c70b5acdd7f0 g_90138ec6a8e3 g_aee988210b14 g_2eb236abf4b2 g_9a0a2eb8a22f g_ba8e8070d8b8 g_cd8ecc62e2c7 g_755e8dd9157b g_05f05f30ccf8 g_0547ac19c5c0 g_ec8d1f3ba2bb g_94c686999925 g_1134f08a30e0 g_aaf34a0e2d53 g_e73add0b2e0b g_46a4ecd47327 g_126b979c72d6 g_7b014de714d5 g_94026374a093 g_1bc04833bf22 g_2dab7c427d0e g_2117c11e0c1d g_6c94d83687bd g_f3985f1e4290 g_ef62b5f73f83 g_7ed2ba0adc67 g_5c27320121f7 g_9d41ce8b3d86 g_166850a4e1b4 g_19ce49b924f3 g_6d0720f132b5 g_c47c3dd3ddd6 g_2a6910e4d785 g_e5a256c3f137 g_2fcf238f3e36 g_326ed6a9451c g_3cda8853b4ac g_b0fc0054dd04 g_c89abdb73af7 g_fe731020400a g_3e88b6211356 g_19f579c08ef7 g_eed1b2761f82 g_c95532a73204 g_82b3b3978a39 g_317cc195c810 g_489da6884145 g_6d68f8d32724 g_3982eb8aa3f8 g_08221a87649f g_730613a114b8 g_459cc0a7b6e8 g_9b694e9cd67b g_e01db4772422 g_af31da8cd532 g_01662accad2c g_fe297e14ed56 g_10c91b4819a5 g_d93a48081434 g_94384e42a65b g_4d315eaaa8ca g_a79194ab33ec g_b679008dede7 g_f551e8f5dbfc g_f2c9345d0340
q_adfff0e2afaa,g_aaf34a0e2d53 g_2117c11e0c1d g_7b014de714d5 g_ef62b5f73f83 g_2dab7c427d0e g_e73add0b2e0b g_c47c3dd3ddd6 g_755e8dd9157b g_ec8d1f3ba2bb g_b0fc0054dd04 g_2a6910e4d785 g_326ed6a9451c g_6d68f8d32724 g_fe731020400a g_126b979c72d6 g_eed1b2761f82 g_46a4ecd47327 g_3cda8853b4ac g_19f579c08ef7 g_3982eb8aa3f8 g_c95532a73204 g_489da6884145 g_1bc04833bf22 g_0547ac19c5c0 g_94026374a093 g_82b3b3978a39 g_6c94d83687bd g_459cc0a7b6e8 g_317cc195c810 g_af31da8cd532 g_94c686999925 g_9b694e9cd67b g_9d41ce8b3d86 g_e01db4772422 g_7ed2ba0adc67 g_08221a87649f g_fe297e14ed56 g_19ce49b924f3 g_730613a114b8 g_166850a4e1b4 g_f3985f1e4290 g_c89abdb73af7 g_3e88b6211356 g_2fcf238f3e36 g_05f05f30ccf8 g_10c91b4819a5 g_01662accad2c g_6d0720f132b5 g_94384e42a65b g_5c27320121f7 g_d93a48081434 g_9a0a2eb8a22f g_2eb236abf4b2 g_9c45c3fd1e30 g_b679008dede7 g_57f65099053a g_e5a256c3f137 g_cd8ecc62e2c7 g_558d6146f9b8 g_f551e8f5dbfc g_46a719fb56a5 g_05187a9c1bb0 g_1134f08a30e0 g_c70b5acdd7f0 g_f2c9345d0340 g_eeec8abad525 g_aee988210b14 g_676899e274c3 g_145f70461ddc g_b4f8f3f9bdde g_baa20c35118c g_960202a1a58e g_90138ec6a8e3 g_c28979b14f81 g_a79194ab33ec g_ba8e8070d8b8 g_4d315eaaa8ca
q_8028a37f8e3f,g_05f05f30ccf8 g_9d41ce8b3d86 g_19ce49b924f3 g_ec8d1f3ba2bb g_7ed2ba0adc67 g_166850a4e1b4 g_f3985f1e4290 g_6d0720f132b5 g_126b979c72d6 g_755e8dd9157b g_0547ac19c5c0 g_c89abdb73af7 g_aaf34a0e2d53 g_3e88b6211356 g_46a4ecd47327 g_2117c11e0c1d g_2fcf238f3e36 g_2dab7c427d0e g_1bc04833bf22 g_94026374a093 g_7b014de714d5 g_e73add0b2e0b g_94c686999925 g_c47c3dd3ddd6 g_e5a256c3f137 g_326ed6a9451c g_b0fc0054dd04 g_ef62b5f73f83 g_489da6884145 g_3cda8853b4ac g_2eb236abf4b2 g_eed1b2761f82 g_317cc195c810 g_2a6910e4d785 g_6c94d83687bd g_3982eb8aa3f8 g_459cc0a7b6e8 g_19f579c08ef7 g_c95532a73204 g_82b3b3978a39 g_9b694e9cd67b g_6d68f8d32724 g_fe731020400a g_08221a87649f g_af31da8cd532 g_9a0a2eb8a22f g_d93a48081434 g_e01db4772422 g_57f65099053a g_9c45c3fd1e30 g_676899e274c3 g_05187a9c1bb0 g_145f70461ddc g_b4f8f3f9bdde g_94384e42a65b g_730613a114b8 g_baa20c35118c g_c28979b14f81 g_5c27320121f7 g_90138ec6a8e3 g_960202a1a58e g_46a719fb56a5 g_558d6146f9b8 g_fe297e14ed56 g_01662accad2c g_c70b5acdd7f0 g_10c91b4819a5 g_eeec8abad525 g_b679008dede7 g_aee988210b14 g_f551e8f5dbfc g_cd8ecc62e2c7 g_1134f08a30e0 g_f2c9345d0340 g_ba8e8070d8b8 g_a79194ab33ec g_4d315eaaa8ca
q_6acbf00c519a,g_baa20c35118c g_b4f8f3f9bdde g_676899e274c3 g_c28979b14f81 g_145f70461ddc g_960202a1a58e g_05187a9c1bb0 g_90138ec6a8e3 g_57f65099053a g_eeec8abad525 g_9c45c3fd1e30 g_558d6146f9b8 g_c70b5acdd7f0 g_46a719fb56a5 g_aee988210b14 g_2eb236abf4b2 g_9a0a2eb8a22f g_ba8e8070d8b8 g_0547ac19c5c0 g_05f05f30ccf8 g_cd8ecc62e2c7 g_ec8d1f3ba2bb g_755e8dd9157b g_1134f08a30e0 g_94c686999925 g_2117c11e0c1d g_46a4ecd47327 g_e73add0b2e0b g_1bc04833bf22 g_126b979c72d6 g_7b014de714d5 g_5c27320121f7 g_aaf34a0e2d53 g_e5a256c3f137 g_f3985f1e4290 g_94026374a093 g_ef62b5f73f83 g_489da6884145 g_2dab7c427d0e g_19ce49b924f3 g_3e88b6211356 g_3cda8853b4ac g_6c94d83687bd g_82b3b3978a39 g_326ed6a9451c g_9d41ce8b3d86 g_c47c3dd3ddd6 g_7ed2ba0adc67 g_166850a4e1b4 g_459cc0a7b6e8 g_317cc195c810 g_b0fc0054dd04 g_6d0720f132b5 g_af31da8cd532 g_eed1b2761f82 g_2fcf238f3e36 g_19f579c08ef7 g_3982eb8aa3f8 g_2a6910e4d785 g_730613a114b8 g_08221a87649f g_6d68f8d32724 g_c89abdb73af7 g_c95532a73204 g_10c91b4819a5 g_9b694e9cd67b g_fe731020400a g_01662accad2c g_fe297e14ed56 g_e01db4772422 g_4d315eaaa8ca g_d93a48081434 g_94384e42a65b g_a79194ab33ec g_b679008dede7 g_f551e8f5dbfc g_f2c9345d0340
q_c060bc83500f,g_5c27320121f7 g_730613a114b8 g_46a4ecd47327 g_126b979c72d6 g_1bc04833bf22 g_94026374a093 g_94c686999925 g_ec8d1f3ba2bb g_aaf34a0e2d53 g_01662accad2c g_755e8dd9157b g_fe297e14ed56 g_6c94d83687bd g_2117c11e0c1d g_7b014de714d5 g_ef62b5f73f83 g_c47c3dd3ddd6 g_2dab7c427d0e g_b0fc0054dd04 g_317cc195c810 g_6d68f8d32724 g_eed1b2761f82 g_e73add0b2e0b g_10c91b4819a5 g_08221a87649f g_326ed6a9451c g_0547ac19c5c0 g_2a6910e4d785 g_3982eb8aa3f8 g_c95532a73204 g_489da6884145 g_558d6146f9b8 g_3cda8853b4ac g_fe731020400a g_459cc0a7b6e8 g_46a719fb56a5 g_9b694e9cd67b g_cd8ecc62e2c7 g_19f579c08ef7 g_c70b5acdd7f0 g_82b3b3978a39 g_9c45c3fd1e30 g_eeec8abad525 g_05f05f30ccf8 g_57f65099053a g_e01db4772422 g_9d41ce8b3d86 g_aee988210b14 g_1134f08a30e0 g_af31da8cd532 g_19ce49b924f3 g_7ed2ba0adc67 g_960202a1a58e g_166850a4e1b4 g_6d0720f132b5 g_c89abdb73af7 g_2fcf238f3e36 g_3e88b6211356 g_b4f8f3f9bdde g_676899e274c3 g_f3985f1e4290 g_145f70461ddc g_baa20c35118c g_a79194ab33ec g_9a0a2eb8a22f g_94384e42a65b g_ba8e8070d8b8 g_2eb236abf4b2 g_b679008dede7 g_05187a9c1bb0 g_d93a48081434 g_c28979b14f81 g_90138ec6a8e3 g_e5a256c3f137 g_f2c9345d0340 g_f551e8f5dbfc g_4d315eaaa8ca
q_228d4424dffb,g_676899e274c3 g_145f70461ddc g_b4f8f3f9bdde g_baa20c35118c g_960202a1a58e g_c28979b14f81 g_57f65099053a g_05187a9c1bb0 g_9c45c3fd1e30 g_558d6146f9b8 g_46a719fb56a5 g_c70b5acdd7f0 g_eeec8abad525 g_90138ec6a8e3 g_aee988210b14 g_2eb236abf4b2 g_ba8e8070d8b8 g_9a0a2eb8a22f g_cd8ecc62e2c7 g_755e8dd9157b g_05f05f30ccf8 g_ec8d1f3ba2bb g_0547ac19c5c0 g_94c686999925 g_1134f08a30e0 g_126b979c72d6 g_aaf34a0e2d53 g_46a4ecd47327 g_2117c11e0c1d g_7b014de714d5 g_2dab7c427d0e g_94026374a093 g_1bc04833bf22 g_e73add0b2e0b g_9d41ce8b3d86 g_6c94d83687bd g_19ce49b924f3 g_ef62b5f73f83 g_5c27320121f7 g_166850a4e1b4 g_7ed2ba0adc67 g_c47c3dd3ddd6 g_f3985f1e4290 g_e5a256c3f137 g_6d0720f132b5 g_b0fc0054dd04 g_c89abdb73af7 g_3e88b6211356 g_eed1b2761f82 g_2fcf238f3e36 g_326ed6a9451c g_3cda8853b4ac g_317cc195c810 g_2a6910e4d785 g_489da6884145 g_c95532a73204 g_3982eb8aa3f8 g_82b3b3978a39 g_19f579c08ef7 g_fe731020400a g_6d68f8d32724 g_459cc0a7b6e8 g_9b694e9cd67b g_08221a87649f g_730613a114b8 g_af31da8cd532 g_fe297e14ed56 g_01662accad2c g_e01db4772422 g_d93a48081434 g_10c91b4819a5 g_94384e42a65b g_4d315eaaa8ca g_a79194ab33ec g_f551e8f5dbfc g_b679008dede7 g_f2c9345d0340
q_dd6ea69ee018,g_57f65099053a g_9c45c3fd1e30 g_558d6146f9b8 g_46a719fb56a5 g_c70b5acdd7f0 g_eeec8abad525 g_676899e274c3 g_960202a1a58e g_b4f8f3f9bdde g_baa20c35118c g_aee988210b14 g_145f70461ddc g_cd8ecc62e2c7 g_05187a9c1bb0 g_9a0a2eb8a22f g_2eb236abf4b2 g_1134f08a30e0 g_755e8dd9157b g_0547ac19c5c0 g_c28979b14f81 g_ec8d1f3ba2bb g_94c686999925 g_2117c11e0c1d g_90138ec6a8e3 g_ba8e8070d8b8 g_05f05f30ccf8 g_aaf34a0e2d53 g_126b979c72d6 g_2dab7c427d0e g_6c94d83687bd g_e73add0b2e0b g_46a4ecd47327 g_7b014de714d5 g_1bc04833bf22 g_ef62b5f73f83 g_5c27320121f7 g_94026374a093 g_c47c3dd3ddd6 g_b0fc0054dd04 g_489da6884145 g_9d41ce8b3d86 g_19ce49b924f3 g_eed1b2761f82 g_326ed6a9451c g_3cda8853b4ac g_459cc0a7b6e8 g_2a6910e4d785 g_3982eb8aa3f8 g_82b3b3978a39 g_af31da8cd532 g_317cc195c810 g_f3985f1e4290 g_7ed2ba0adc67 g_166850a4e1b4 g_3e88b6211356 g_c95532a73204 g_730613a114b8 g_19f579c08ef7 g_c89abdb73af7 g_01662accad2c g_fe731020400a g_6d68f8d32724 g_fe297e14ed56 g_9b694e9cd67b g_08221a87649f g_6d0720f132b5 g_10c91b4819a5 g_2fcf238f3e36 g_e5a256c3f137 g_e01db4772422 g_a79194ab33ec g_94384e42a65b g_4d315eaaa8ca g_d93a48081434 g_f551e8f5dbfc g_b679008dede7 g_f2c9345d0340
q_d093b9f9f630,g_9a0a2eb8a22f g_2eb236abf4b2 g_57f65099053a g_9c45c3fd1e30 g_05187a9c1bb0 g_755e8dd9157b g_0547ac19c5c0 g_676899e274c3 g_145f70461ddc g_90138ec6a8e3 g_ec8d1f3ba2bb g_558d6146f9b8 g_baa20c35118c g_aaf34a0e2d53 g_05f05f30ccf8 g_b4f8f3f9bdde g_c70b5acdd7f0 g_7b014de714d5 g_eeec8abad525 g_c28979b14f81 g_ef62b5f73f83 g_46a719fb56a5 g_aee988210b14 g_e73add0b2e0b g_960202a1a58e g_2117c11e0c1d g_2dab7c427d0e g_94c686999925 g_cd8ecc62e2c7 g_46a4ecd47327 g_19ce49b924f3 g_126b979c72d6 g_7ed2ba0adc67 g_166850a4e1b4 g_94026374a093 g_9d41ce8b3d86 g_f3985f1e4290 g_2fcf238f3e36 g_1bc04833bf22 g_b0fc0054dd04 g_c47c3dd3ddd6 g_326ed6a9451c g_3cda8853b4ac g_3e88b6211356 g_2a6910e4d785 g_6d68f8d32724 g_6c94d83687bd g_fe731020400a g_eed1b2761f82 g_c95532a73204 g_c89abdb73af7 g_489da6884145 g_1134f08a30e0 g_82b3b3978a39 g_6d0720f132b5 g_19f579c08ef7 g_e5a256c3f137 g_3982eb8aa3f8 g_459cc0a7b6e8 g_317cc195c810 g_af31da8cd532 g_e01db4772422 g_9b694e9cd67b g_08221a87649f g_fe297e14ed56 g_5c27320121f7 g_d93a48081434 g_730613a114b8 g_10c91b4819a5 g_ba8e8070d8b8 g_01662accad2c g_4d315eaaa8ca g_94384e42a65b g_f551e8f5dbfc g_b679008dede7 g_a79194ab33ec g_f2c9345d0340
q_75c2e37c9716,g_0547ac19c5c0 g_755e8dd9157b g_7b014de714d5 g_ec8d1f3ba2bb g_aaf34a0e2d53 g_46a4ecd47327 g_2117c11e0c1d g_ef62b5f73f83 g_e73add0b2e0b g_94026374a093 g_1bc04833bf22 g_126b979c72d6 g_2dab7c427d0e g_2a6910e4d785 g_05f05f30ccf8 g_94c686999925 g_6c94d83687bd g_3cda8853b4ac g_b0fc0054dd04 g_6d68f8d32724 g_c47c3dd3ddd6 g_eed1b2761f82 g_326ed6a9451c g_489da6884145 g_c95532a73204 g_fe731020400a g_82b3b3978a39 g_317cc195c810 g_7ed2ba0adc67 g_19ce49b924f3 g_166850a4e1b4 g_9a0a2eb8a22f g_459cc0a7b6e8 g_19f579c08ef7 g_af31da8cd532 g_2fcf238f3e36 g_9d41ce8b3d86 g_f3985f1e4290 g_3e88b6211356 g_3982eb8aa3f8 g_57f65099053a g_9c45c3fd1e30 g_08221a87649f g_730613a114b8 g_2eb236abf4b2 g_9b694e9cd67b g_6d0720f132b5 g_c89abdb73af7 g_e01db4772422 g_fe297e14ed56 g_10c91b4819a5 g_5c27320121f7 g_05187a9c1bb0 g_eeec8abad525 g_558d6146f9b8 g_c70b5acdd7f0 g_145f70461ddc g_e5a256c3f137 g_676899e274c3 g_cd8ecc62e2c7 g_01662accad2c g_aee988210b14 g_d93a48081434 g_baa20c35118c g_46a719fb56a5 g_b4f8f3f9bdde g_960202a1a58e g_c28979b14f81 g_94384e42a65b g_1134f08a30e0 g_90138ec6a8e3 g_b679008dede7 g_f551e8f5dbfc g_ba8e8070d8b8 g_f2c9345d0340 g_a79194ab33ec g_4d315eaaa8ca
q_5809e9673d20,g_4d315eaaa8ca g_9a0a2eb8a22f g_2eb236abf4b2 g_05187a9c1bb0 g_9c45c3fd1e30 g_baa20c35118c g_145f70461ddc g_90138ec6a8e3 g_57f65099053a g_676899e274c3 g_0547ac19c5c0 g_c70b5acdd7f0 g_46a719fb56a5 g_eeec8abad525 g_cd8ecc62e2c7 g_b4f8f3f9bdde g_c28979b14f81 g_755e8dd9157b g_960202a1a58e g_aaf34a0e2d53 g_2117c11e0c1d g_3e88b6211356 g_05f05f30ccf8 g_7b014de714d5 g_aee988210b14 g_558d6146f9b8 g_e73add0b2e0b g_9d41ce8b3d86 g_3cda8853b4ac g_ec8d1f3ba2bb g_1134f08a30e0 g_c47c3dd3ddd6 g_c89abdb73af7 g_166850a4e1b4 g_2dab7c427d0e g_19f579c08ef7 g_b0fc0054dd04 g_1bc04833bf22 g_2a6910e4d785 g_19ce49b924f3 g_eed1b2761f82 g_7ed2ba0adc67 g_82b3b3978a39 g_46a4ecd47327 g_3982eb8aa3f8 g_ef62b5f73f83 g_f3985f1e4290 g_af31da8cd532 g_489da6884145 g_e5a256c3f137 g_459cc0a7b6e8 g_c95532a73204 g_326ed6a9451c g_6c94d83687bd g_94c686999925 g_2fcf238f3e36 g_94026374a093 g_fe731020400a g_9b694e9cd67b g_126b979c72d6 g_6d68f8d32724 g_e01db4772422 g_ba8e8070d8b8 g_317cc195c810 g_08221a87649f g_fe297e14ed56 g_10c91b4819a5 g_6d0720f132b5 g_f551e8f5dbfc g_5c27320121f7 g_730613a114b8 g_01662accad2c g_94384e42a65b g_d93a48081434 g_a79194ab33ec g_b679008dede7 g_f2c9345d0340
q_5d7ceee74fcd,g_b0fc0054dd04 g_c47c3dd3ddd6 g_eed1b2761f82 g_2a6910e4d785 g_3cda8853b4ac g_326ed6a9451c g_fe731020400a g_489da6884145 g_c95532a73204 g_6d68f8d32724 g_3982eb8aa3f8 g_82b3b3978a39 g_19f579c08ef7 g_459cc0a7b6e8 g_af31da8cd532 g_aaf34a0e2d53 g_317cc195c810 g_9b694e9cd67b g_2117c11e0c1d g_7b014de714d5 g_e01db4772422 g_2dab7c427d0e g_e73add0b2e0b g_ef62b5f73f83 g_126b979c72d6 g_46a4ecd47327 g_ec8d1f3ba2bb g_94026374a093 g_1bc04833bf22 g_08221a87649f g_9d41ce8b3d86 g_755e8dd9157b g_166850a4e1b4 g_19ce49b924f3 g_fe297e14ed56 g_7ed2ba0adc67 g_3e88b6211356 g_c89abdb73af7 g_730613a114b8 g_f3985f1e4290 g_6d0720f132b5 g_94384e42a65b g_2fcf238f3e36 g_0547ac19c5c0 g_10c91b4819a5 g_6c94d83687bd g_01662accad2c g_94c686999925 g_b679008dede7 g_05f05f30ccf8 g_d93a48081434 g_5c27320121f7 g_e5a256c3f137 g_f2c9345d0340 g_f551e8f5dbfc g_9a0a2eb8a22f g_2eb236abf4b2 g_9c45c3fd1e30 g_57f65099053a g_cd8ecc62e2c7 g_46a719fb56a5 g_c70b5acdd7f0 g_558d6146f9b8 g_eeec8abad525 g_676899e274c3 g_05187a9c1bb0 g_aee988210b14 g_145f70461ddc g_1134f08a30e0 g_b4f8f3f9bdde g_baa20c35118c g_960202a1a58e g_90138ec6a8e3 g_c28979b14f81 g_a79194ab33ec g_ba8e8070d8b8 g_4d315eaaa8ca
q_d56d146fffb8,g_ba8e8070d8b8 g_960202a1a58e g_558d6146f9b8 g_eeec8abad525 g_c70b5acdd7f0 g_46a719fb56a5 g_676899e274c3 g_aee988210b14 g_57f65099053a g_145f70461ddc g_b4f8f3f9bdde g_baa20c35118c g_9c45c3fd1e30 g_cd8ecc62e2c7 g_c28979b14f81 g_1134f08a30e0 g_05187a9c1bb0 g_755e8dd9157b g_90138ec6a8e3 g_ec8d1f3ba2bb g_2eb236abf4b2 g_5c27320121f7 g_94c686999925 g_9a0a2eb8a22f g_126b979c72d6 g_0547ac19c5c0 g_46a4ecd47327 g_aaf34a0e2d53 g_94026374a093 g_1bc04833bf22 g_2117c11e0c1d g_05f05f30ccf8 g_7b014de714d5 g_e73add0b2e0b g_ef62b5f73f83 g_2dab7c427d0e g_6c94d83687bd g_b0fc0054dd04 g_730613a114b8 g_317cc195c810 g_9d41ce8b3d86 g_eed1b2761f82 g_c47c3dd3ddd6 g_19ce49b924f3 g_2a6910e4d785 g_166850a4e1b4 g_326ed6a9451c g_7ed2ba0adc67 g_fe297e14ed56 g_82b3b3978a39 g_3cda8853b4ac g_fe731020400a g_6d68f8d32724 g_a79194ab33ec g_6d0720f132b5 g_c95532a73204 g_489da6884145 g_f3985f1e4290 g_01662accad2c g_08221a87649f g_3e88b6211356 g_c89abdb73af7 g_3982eb8aa3f8 g_459cc0a7b6e8 g_19f579c08ef7 g_e5a256c3f137 g_2fcf238f3e36 g_10c91b4819a5 g_9b694e9cd67b g_af31da8cd532 g_e01db4772422 g_94384e42a65b g_d93a48081434 g_b679008dede7 g_f551e8f5dbfc g_4d315eaaa8ca g_f2c9345d0340
q_88b2da94e9e8,g_d93a48081434 g_9d41ce8b3d86 g_6d0720f132b5 g_f3985f1e4290 g_19ce49b924f3 g_7ed2ba0adc67 g_166850a4e1b4 g_c89abdb73af7 g_3e88b6211356 g_2fcf238f3e36 g_94384e42a65b g_9b694e9cd67b g_e01db4772422 g_c47c3dd3ddd6 g_e5a256c3f137 g_b0fc0054dd04 g_3cda8853b4ac g_326ed6a9451c g_2a6910e4d785 g_317cc195c810 g_eed1b2761f82 g_aaf34a0e2d53 g_19f579c08ef7 g_fe731020400a g_82b3b3978a39 g_489da6884145 g_c95532a73204 g_3982eb8aa3f8 g_b679008dede7 g_6d68f8d32724 g_459cc0a7b6e8 g_05f05f30ccf8 g_e73add0b2e0b g_126b979c72d6 g_f551e8f5dbfc g_7b014de714d5 g_2dab7c427d0e g_2117c11e0c1d g_af31da8cd532 g_46a4ecd47327 g_08221a87649f g_ec8d1f3ba2bb g_1bc04833bf22 g_ef62b5f73f83 g_94026374a093 g_755e8dd9157b g_f2c9345d0340 g_0547ac19c5c0 g_730613a114b8 g_fe297e14ed56 g_94c686999925 g_6c94d83687bd g_10c91b4819a5 g_2eb236abf4b2 g_01662accad2c g_9a0a2eb8a22f g_5c27320121f7 g_9c45c3fd1e30 g_57f65099053a g_05187a9c1bb0 g_676899e274c3 g_145f70461ddc g_b4f8f3f9bdde g_90138ec6a8e3 g_baa20c35118c g_558d6146f9b8 g_c28979b14f81 g_46a719fb56a5 g_cd8ecc62e2c7 g_960202a1a58e g_c70b5acdd7f0 g_eeec8abad525 g_aee988210b14 g_1134f08a30e0 g_ba8e8070d8b8 g_a79194ab33ec g_4d315eaaa8ca
q_172f442874a9,g_90138ec6a8e3 g_c28979b14f81 g_676899e274c3 g_05187a9c1bb0 g_145f70461ddc g_baa20c35118c g_b4f8f3f9bdde g_2eb236abf4b2 g_57f65099053a g_960202a1a58e g_9c45c3fd1e30 g_9a0a2eb8a22f g_558d6146f9b8 g_c70b5acdd7f0 g_eeec8abad525 g_aee988210b14 g_46a719fb56a5 g_755e8dd9157b g_05f05f30ccf8 g_0547ac19c5c0 g_ec8d1f3ba2bb g_e5a256c3f137 g_aaf34a0e2d53 g_7ed2ba0adc67 g_19ce49b924f3 g_166850a4e1b4 g_cd8ecc62e2c7 g_46a4ecd47327 g_126b979c72d6 g_ba8e8070d8b8 g_9d41ce8b3d86 g_7b014de714d5 g_ef62b5f73f83 g_2fcf238f3e36 g_3e88b6211356 g_94c686999925 g_f3985f1e4290 g_94026374a093 g_6d0720f132b5 g_2117c11e0c1d g_e73add0b2e0b g_c89abdb73af7 g_1bc04833bf22 g_b0fc0054dd04 g_2dab7c427d0e g_2a6910e4d785 g_fe731020400a g_6d68f8d32724 g_1134f08a30e0 g_3cda8853b4ac g_326ed6a9451c g_82b3b3978a39 g_c47c3dd3ddd6 g_eed1b2761f82 g_c95532a73204 g_6c94d83687bd g_317cc195c810 g_489da6884145 g_19f579c08ef7 g_d93a48081434 g_e01db4772422 g_459cc0a7b6e8 g_3982eb8aa3f8 g_5c27320121f7 g_af31da8cd532 g_9b694e9cd67b g_08221a87649f g_730613a114b8 g_fe297e14ed56 g_4d315eaaa8ca g_94384e42a65b g_10c91b4819a5 g_01662accad2c g_f551e8f5dbfc g_b679008dede7 g_f2c9345d0340 g_a79194ab33ec
q_0629979f7477,g_e73add0b2e0b g_aaf34a0e2d53 g_7b014de714d5 g_2dab7c427d0e g_2117c11e0c1d g_ef62b5f73f83 g_ec8d1f3ba2bb g_755e8dd9157b g_c47c3dd3ddd6 g_2a6910e4d785 g_3cda8853b4ac g_19f579c08ef7 g_326ed6a9451c g_b0fc0054dd04 g_82b3b3978a39 g_0547ac19c5c0 g_489da6884145 g_c95532a73204 g_eed1b2761f82 g_46a4ecd47327 g_fe731020400a g_94026374a093 g_1bc04833bf22 g_126b979c72d6 g_3982eb8aa3f8 g_6d68f8d32724 g_459cc0a7b6e8 g_317cc195c810 g_af31da8cd532 g_6c94d83687bd g_9b694e9cd67b g_94c686999925 g_e01db4772422 g_f3985f1e4290 g_08221a87649f g_7ed2ba0adc67 g_9d41ce8b3d86 g_10c91b4819a5 g_05f05f30ccf8 g_166850a4e1b4 g_6d0720f132b5 g_19ce49b924f3 g_fe297e14ed56 g_730613a114b8 g_01662accad2c g_2fcf238f3e36 g_c89abdb73af7 g_3e88b6211356 g_94384e42a65b g_d93a48081434 g_5c27320121f7 g_9a0a2eb8a22f g_57f65099053a g_9c45c3fd1e30 g_2eb236abf4b2 g_b679008dede7 g_e5a256c3f137 g_cd8ecc62e2c7 g_1134f08a30e0 g_558d6146f9b8 g_05187a9c1bb0 g_145f70461ddc g_eeec8abad525 g_f551e8f5dbfc g_46a719fb56a5 g_676899e274c3 g_c70b5acdd7f0 g_aee988210b14 g_b4f8f3f9bdde g_f2c9345d0340 g_baa20c35118c g_960202a1a58e g_90138ec6a8e3 g_c28979b14f81 g_a79194ab33ec g_ba8e8070d8b8 g_4d315eaaa8ca
q_b5272e5a6082,g_ec8d1f3ba2bb g_126b979c72d6 g_6c94d83687bd g_755e8dd9157b g_46a4ecd47327 g_aaf34a0e2d53 g_94026374a093 g_1bc04833bf22 g_94c686999925 g_2117c11e0c1d g_2dab7c427d0e g_7b014de714d5 g_ef62b5f73f83 g_e73add0b2e0b g_0547ac19c5c0 g_c47c3dd3ddd6 g_b0fc0054dd04 g_326ed6a9451c g_6d68f8d32724 g_eed1b2761f82 g_489da6884145 g_3982eb8aa3f8 g_c95532a73204 g_3cda8853b4ac g_fe731020400a g_2a6910e4d785 g_459cc0a7b6e8 g_317cc195c810 g_19f579c08ef7 g_82b3b3978a39 g_08221a87649f g_05f05f30ccf8 g_730613a114b8 g_9d41ce8b3d86 g_af31da8cd532 g_19ce49b924f3 g_fe297e14ed56 g_9b694e9cd67b g_01662accad2c g_166850a4e1b4 g_7ed2ba0adc67 g_5c27320121f7 g_6d0720f132b5 g_c89abdb73af7 g_2fcf238f3e36 g_f3985f1e4290 g_3e88b6211356 g_e01db4772422 g_10c91b4819a5 g_57f65099053a g_9c45c3fd1e30 g_2eb236abf4b2 g_9a0a2eb8a22f g_558d6146f9b8 g_d93a48081434 g_46a719fb56a5 g_94384e42a65b g_cd8ecc62e2c7 g_c70b5acdd7f0 g_eeec8abad525 g_aee988210b14 g_676899e274c3 g_b4f8f3f9bdde g_1134f08a30e0 g_e5a256c3f137 g_05187a9c1bb0 g_960202a1a58e g_145f70461ddc g_baa20c35118c g_b679008dede7 g_90138ec6a8e3 g_c28979b14f81 g_f551e8f5dbfc g_f2c9345d0340 g_ba8e8070d8b8 g_a79194ab33ec g_4d315eaaa8ca
q_23bd22ccdf5b,g_730613a114b8 g_01662accad2c g_fe297e14ed56 g_10c91b4819a5 g_aaf34a0e2d53 g_126b979c72d6 g_c47c3dd3ddd6 g_2117c11e0c1d g_46a4ecd47327 g_94026374a093 g_b0fc0054dd04 g_1bc04833bf22 g_5c27320121f7 g_2dab7c427d0e g_326ed6a9451c g_489da6884145 g_eed1b2761f82 g_7b014de714d5 g_ec8d1f3ba2bb g_3982eb8aa3f8 g_e73add0b2e0b g_6d68f8d32724 g_317cc195c810 g_755e8dd9157b g_ef62b5f73f83 g_c95532a73204 g_2a6910e4d785 g_9b694e9cd67b g_3cda8853b4ac g_459cc0a7b6e8 g_fe731020400a g_19f579c08ef7 g_08221a87649f g_82b3b3978a39 g_94c686999925 g_6c94d83687bd g_af31da8cd532 g_e01db4772422 g_0547ac19c5c0 g_9d41ce8b3d86 g_94384e42a65b g_19ce49b924f3 g_7ed2ba0adc67 g_166850a4e1b4 g_b679008dede7 g_6d0720f132b5 g_2fcf238f3e36 g_c89abdb73af7 g_f3985f1e4290 g_05f05f30ccf8 g_3e88b6211356 g_cd8ecc62e2c7 g_9c45c3fd1e30 g_558d6146f9b8 g_1134f08a30e0 g_f2c9345d0340 g_57f65099053a g_46a719fb56a5 g_d93a48081434 g_9a0a2eb8a22f g_a79194ab33ec g_c70b5acdd7f0 g_eeec8abad525 g_2eb236abf4b2 g_aee988210b14 g_f551e8f5dbfc g_960202a1a58e g_b4f8f3f9bdde g_e5a256c3f137 g_676899e274c3 g_145f70461ddc g_baa20c35118c g_05187a9c1bb0 g_c28979b14f81 g_90138ec6a8e3 g_ba8e8070d8b8 g_4d315eaaa8ca
q_595797843166,g_6d68f8d32724 g_c47c3dd3ddd6 g_b0fc0054dd04 g_eed1b2761f82 g_326ed6a9451c g_2a6910e4d785 g_fe731020400a g_c95532a73204 g_3cda8853b4ac g_489da6884145 g_3982eb8aa3f8 g_459cc0a7b6e8 g_19f579c08ef7 g_82b3b3978a39 g_aaf34a0e2d53 g_af31da8cd532 g_9b694e9cd67b g_7b014de714d5 g_317cc195c810 g_ef62b5f73f83 g_2117c11e0c1d g_e01db4772422 g_2dab7c427d0e g_e73add0b2e0b g_126b979c72d6 g_46a4ecd47327 g_94026374a093 g_1bc04833bf22 g_9d41ce8b3d86 g_755e8dd9157b g_08221a87649f g_ec8d1f3ba2bb g_7ed2ba0adc67 g_19ce49b924f3 g_166850a4e1b4 g_730613a114b8 g_fe297e14ed56 g_2fcf238f3e36 g_c89abdb73af7 g_3e88b6211356 g_6d0720f132b5 g_f3985f1e4290 g_94384e42a65b g_6c94d83687bd g_0547ac19c5c0 g_10c91b4819a5 g_94c686999925 g_01662accad2c g_d93a48081434 g_b679008dede7 g_05f05f30ccf8 g_5c27320121f7 g_f2c9345d0340 g_f551e8f5dbfc g_e5a256c3f137 g_2eb236abf4b2 g_9a0a2eb8a22f g_9c45c3fd1e30 g_57f65099053a g_558d6146f9b8 g_cd8ecc62e2c7 g_46a719fb56a5 g_c70b5acdd7f0 g_05187a9c1bb0 g_eeec8abad525 g_676899e274c3 g_aee988210b14 g_b4f8f3f9bdde g_145f70461ddc g_1134f08a30e0 g_baa20c35118c g_960202a1a58e g_90138ec6a8e3 g_c28979b14f81 g_a79194ab33ec g_ba8e8070d8b8 g_4d315eaaa8ca
q_e2696e0d24e4,g_b0fc0054dd04 g_c47c3dd3ddd6 g_fe731020400a g_2a6910e4d785 g_6d68f8d32724 g_eed1b2761f82 g_326ed6a9451c g_3cda8853b4ac g_c95532a73204 g_3982eb8aa3f8 g_489da6884145 g_82b3b3978a39 g_19f579c08ef7 g_459cc0a7b6e8 g_aaf34a0e2d53 g_af31da8cd532 g_317cc195c810 g_9b694e9cd67b g_2117c11e0c1d g_7b014de714d5 g_ef62b5f73f83 g_e01db4772422 g_e73add0b2e0b g_2dab7c427d0e g_126b979c72d6 g_46a4ecd47327 g_94026374a093 g_1bc04833bf22 g_ec8d1f3ba2bb g_08221a87649f g_9d41ce8b3d86 g_755e8dd9157b g_fe297e14ed56 g_7ed2ba0adc67 g_19ce49b924f3 g_166850a4e1b4 g_730613a114b8 g_f3985f1e4290 g_3e88b6211356 g_2fcf238f3e36 g_c89abdb73af7 g_94384e42a65b g_6d0720f132b5 g_0547ac19c5c0 g_10c91b4819a5 g_6c94d83687bd g_94c686999925 g_01662accad2c g_d93a48081434 g_b679008dede7 g_05f05f30ccf8 g_5c27320121f7 g_f2c9345d0340 g_e5a256c3f137 g_f551e8f5dbfc g_2eb236abf4b2 g_9a0a2eb8a22f g_9c45c3fd1e30 g_57f65099053a g_cd8ecc62e2c7 g_558d6146f9b8 g_46a719fb56a5 g_05187a9c1bb0 g_c70b5acdd7f0 g_676899e274c3 g_aee988210b14 g_eeec8abad525 g_1134f08a30e0 g_145f70461ddc g_b4f8f3f9bdde g_baa20c35118c g_960202a1a58e g_90138ec6a8e3 g_c28979b14f81 g_a79194ab33ec g_ba8e8070d8b8 g_4d315eaaa8ca
q_c0d597cf6807,g_9b694e9cd67b g_e01db4772422 g_c47c3dd3ddd6 g_326ed6a9451c g_94384e42a65b g_3cda8853b4ac g_317cc195c810 g_b0fc0054dd04 g_2a6910e4d785 g_eed1b2761f82 g_c95532a73204 g_489da6884145 g_fe731020400a g_6d68f8d32724 g_3982eb8aa3f8 g_19f579c08ef7 g_459cc0a7b6e8 g_82b3b3978a39 g_aaf34a0e2d53 g_af31da8cd532 g_b679008dede7 g_2dab7c427d0e g_7b014de714d5 g_7ed2ba0adc67 g_9d41ce8b3d86 g_e73add0b2e0b g_6d0720f132b5 g_19ce49b924f3 g_126b979c72d6 g_2117c11e0c1d g_ef62b5f73f83 g_08221a87649f g_f3985f1e4290 g_166850a4e1b4 g_730613a114b8 g_46a4ecd47327 g_fe297e14ed56 g_94026374a093 g_1bc04833bf22 g_c89abdb73af7 g_ec8d1f3ba2bb g_2fcf238f3e36 g_10c91b4819a5 g_3e88b6211356 g_d93a48081434 g_755e8dd9157b g_f2c9345d0340 g_01662accad2c g_6c94d83687bd g_0547ac19c5c0 g_05f05f30ccf8 g_f551e8f5dbfc g_94c686999925 g_e5a256c3f137 g_5c27320121f7 g_2eb236abf4b2 g_9a0a2eb8a22f g_57f65099053a g_9c45c3fd1e30 g_558d6146f9b8 g_cd8ecc62e2c7 g_05187a9c1bb0 g_1134f08a30e0 g_46a719fb56a5 g_676899e274c3 g_c70b5acdd7f0 g_145f70461ddc g_b4f8f3f9bdde g_eeec8abad525 g_baa20c35118c g_aee988210b14 g_960202a1a58e g_90138ec6a8e3 g_c28979b14f81 g_a79194ab33ec g_ba8e8070d8b8 g_4d315eaaa8ca
q_cc00111ba306,g_c70b5acdd7f0 g_eeec8abad525 g_558d6146f9b8 g_46a719fb56a5 g_aee988210b14 g_57f65099053a g_9c45c3fd1e30 g_960202a1a58e g_676899e274c3 g_cd8ecc62e2c7 g_b4f8f3f9bdde g_baa20c35118c g_145f70461ddc g_ba8e8070d8b8 g_1134f08a30e0 g_05187a9c1bb0 g_755e8dd9157b g_c28979b14f81 g_9a0a2eb8a22f g_2eb236abf4b2 g_90138ec6a8e3 g_ec8d1f3ba2bb g_94c686999925 g_0547ac19c5c0 g_126b979c72d6 g_5c27320121f7 g_aaf34a0e2d53 g_46a4ecd47327 g_94026374a093 g_2117c11e0c1d g_7b014de714d5 g_1bc04833bf22 g_ef62b5f73f83 g_05f05f30ccf8 g_6c94d83687bd g_2dab7c427d0e g_e73add0b2e0b g_b0fc0054dd04 g_c47c3dd3ddd6 g_eed1b2761f82 g_19ce49b924f3 g_730613a114b8 g_3cda8853b4ac g_326ed6a9451c g_6d68f8d32724 g_c95532a73204 g_317cc195c810 g_489da6884145 g_166850a4e1b4 g_2a6910e4d785 g_fe731020400a g_82b3b3978a39 g_3e88b6211356 g_fe297e14ed56 g_459cc0a7b6e8 g_7ed2ba0adc67 g_3982eb8aa3f8 g_9d41ce8b3d86 g_08221a87649f g_2fcf238f3e36 g_01662accad2c g_c89abdb73af7 g_af31da8cd532 g_19f579c08ef7 g_f3985f1e4290 g_10c91b4819a5 g_9b694e9cd67b g_6d0720f132b5 g_a79194ab33ec g_e01db4772422 g_e5a256c3f137 g_d93a48081434 g_94384e42a65b g_4d315eaaa8ca g_b679008dede7 g_f551e8f5dbfc g_f2c9345d0340
q_d1831cf9f0a3,g_fe297e14ed56 g_10c91b4819a5 g_730613a114b8 g_01662accad2c g_aaf34a0e2d53 g_c47c3dd3ddd6 g_b0fc0054dd04 g_2a6910e4d785 g_3cda8853b4ac g_fe731020400a g_326ed6a9451c g_eed1b2761f82 g_9b694e9cd67b g_317cc195c810 g_c95532a73204 g_19f579c08ef7 g_489da6884145 g_6d68f8d32724 g_82b3b3978a39 g_7b014de714d5 g_2117c11e0c1d g_e01db4772422 g_e73add0b2e0b g_3982eb8aa3f8 g_46a4ecd47327 g_ef62b5f73f83 g_126b979c72d6 g_2dab7c427d0e g_459cc0a7b6e8 g_ec8d1f3ba2bb g_af31da8cd532 g_1bc04833bf22 g_755e8dd9157b g_94026374a093 g_08221a87649f g_94384e42a65b g_0547ac19c5c0 g_5c27320121f7 g_6c94d83687bd g_b679008dede7 g_94c686999925 g_9d41ce8b3d86 g_7ed2ba0adc67 g_f3985f1e4290 g_19ce49b924f3 g_166850a4e1b4 g_6d0720f132b5 g_3e88b6211356 g_c89abdb73af7 g_2fcf238f3e36 g_f2c9345d0340 g_05f05f30ccf8 g_d93a48081434 g_cd8ecc62e2c7 g_9c45c3fd1e30 g_57f65099053a g_f551e8f5dbfc g_9a0a2eb8a22f g_1134f08a30e0 g_a79194ab33ec g_2eb236abf4b2 g_558d6146f9b8 g_e5a256c3f137 g_46a719fb56a5 g_c70b5acdd7f0 g_eeec8abad525 g_aee988210b14 g_05187a9c1bb0 g_676899e274c3 g_145f70461ddc g_b4f8f3f9bdde g_960202a1a58e g_baa20c35118c g_90138ec6a8e3 g_c28979b14f81 g_ba8e8070d8b8 g_4d315eaaa8ca
q_02698a65e4b0,g_f3985f1e4290 g_7ed2ba0adc67 g_19ce49b924f3 g_9d41ce8b3d86 g_166850a4e1b4 g_2fcf238f3e36 g_c89abdb73af7 g_3e88b6211356 g_6d0720f132b5 g_d93a48081434 g_05f05f30ccf8 g_c47c3dd3ddd6 g_2a6910e4d785 g_e5a256c3f137 g_3cda8853b4ac g_b0fc0054dd04 g_9b694e9cd67b g_aaf34a0e2d53 g_326ed6a9451c g_c95532a73204 g_317cc195c810 g_fe731020400a g_eed1b2761f82 g_19f579c08ef7 g_489da6884145 g_e01db4772422 g_7b014de714d5 g_82b3b3978a39 g_e73add0b2e0b g_2dab7c427d0e g_ec8d1f3ba2bb g_94384e42a65b g_3982eb8aa3f8 g_2117c11e0c1d g_126b979c72d6 g_94026374a093 g_46a4ecd47327 g_6d68f8d32724 g_459cc0a7b6e8 g_755e8dd9157b g_af31da8cd532 g_1bc04833bf22 g_0547ac19c5c0 g_ef62b5f73f83 g_08221a87649f g_94c686999925 g_b679008dede7 g_6c94d83687bd g_f551e8f5dbfc g_2eb236abf4b2 g_730613a114b8 g_fe297e14ed56 g_9a0a2eb8a22f g_10c91b4819a5 g_01662accad2c g_f2c9345d0340 g_9c45c3fd1e30 g_57f65099053a g_5c27320121f7 g_05187a9c1bb0 g_145f70461ddc g_676899e274c3 g_90138ec6a8e3 g_c28979b14f81 g_baa20c35118c g_558d6146f9b8 g_b4f8f3f9bdde g_46a719fb56a5 g_960202a1a58e g_eeec8abad525 g_c70b5acdd7f0 g_cd8ecc62e2c7 g_aee988210b14 g_1134f08a30e0 g_ba8e8070d8b8 g_a79194ab33ec g_4d315eaaa8ca
q_c5ab36b6378a,g_aaf34a0e2d53 g_2117c11e0c1d g_7b014de714d5 g_2dab7c427d0e g_e73add0b2e0b g_ef62b5f73f83 g_755e8dd9157b g_c47c3dd3ddd6 g_ec8d1f3ba2bb g_b0fc0054dd04 g_326ed6a9451c g_489da6884145 g_2a6910e4d785 g_126b979c72d6 g_c95532a73204 g_3cda8853b4ac g_fe731020400a g_eed1b2761f82 g_6d68f8d32724 g_19f579c08ef7 g_94026374a093 g_46a4ecd47327 g_3982eb8aa3f8 g_1bc04833bf22 g_82b3b3978a39 g_459cc0a7b6e8 g_0547ac19c5c0 g_6c94d83687bd g_317cc195c810 g_af31da8cd532 g_9b694e9cd67b g_94c686999925 g_9d41ce8b3d86 g_08221a87649f g_e01db4772422 g_7ed2ba0adc67 g_fe297e14ed56 g_19ce49b924f3 g_166850a4e1b4 g_f3985f1e4290 g_730613a114b8 g_c89abdb73af7 g_6d0720f132b5 g_2fcf238f3e36 g_05f05f30ccf8 g_01662accad2c g_10c91b4819a5 g_3e88b6211356 g_94384e42a65b g_5c27320121f7 g_d93a48081434 g_9a0a2eb8a22f g_2eb236abf4b2 g_9c45c3fd1e30 g_57f65099053a g_b679008dede7 g_e5a256c3f137 g_558d6146f9b8 g_cd8ecc62e2c7 g_46a719fb56a5 g_f551e8f5dbfc g_1134f08a30e0 g_05187a9c1bb0 g_c70b5acdd7f0 g_eeec8abad525 g_f2c9345d0340 g_aee988210b14 g_676899e274c3 g_145f70461ddc g_b4f8f3f9bdde g_baa20c35118c g_960202a1a58e g_90138ec6a8e3 g_c28979b14f81 g_a79194ab33ec g_ba8e8070d8b8 g_4d315eaaa8ca
q_e35881455ad4,g_b0fc0054dd04 g_c47c3dd3ddd6 g_eed1b2761f82 g_326ed6a9451c g_6d68f8d32724 g_3cda8853b4ac g_2a6910e4d785 g_489da6884145 g_3982eb8aa3f8 g_fe731020400a g_82b3b3978a39 g_459cc0a7b6e8 g_c95532a73204 g_19f579c08ef7 g_aaf34a0e2d53 g_af31da8cd532 g_317cc195c810 g_2117c11e0c1d g_9b694e9cd67b g_ef62b5f73f83 g_7b014de714d5 g_e01db4772422 g_e73add0b2e0b g_2dab7c427d0e g_126b979c72d6 g_46a4ecd47327 g_9d41ce8b3d86 g_ec8d1f3ba2bb g_1bc04833bf22 g_08221a87649f g_94026374a093 g_755e8dd9157b g_19ce49b924f3 g_7ed2ba0adc67 g_fe297e14ed56 g_730613a114b8 g_166850a4e1b4 g_3e88b6211356 g_f3985f1e4290 g_c89abdb73af7 g_2fcf238f3e36 g_6d0720f132b5 g_94384e42a65b g_0547ac19c5c0 g_10c91b4819a5 g_6c94d83687bd g_d93a48081434 g_01662accad2c g_b679008dede7 g_94c686999925 g_05f05f30ccf8 g_f2c9345d0340 g_f551e8f5dbfc g_5c27320121f7 g_e5a256c3f137 g_2eb236abf4b2 g_9a0a2eb8a22f g_57f65099053a g_9c45c3fd1e30 g_cd8ecc62e2c7 g_558d6146f9b8 g_46a719fb56a5 g_c70b5acdd7f0 g_1134f08a30e0 g_b4f8f3f9bdde g_eeec8abad525 g_05187a9c1bb0 g_676899e274c3 g_aee988210b14 g_baa20c35118c g_145f70461ddc g_960202a1a58e g_90138ec6a8e3 g_c28979b14f81 g_a79194ab33ec g_ba8e8070d8b8 g_4d315eaaa8ca
q_5b5e11317d9b,g_489da6884145 g_eed1b2761f82 g_b0fc0054dd04 g_459cc0a7b6e8 g_c47c3dd3ddd6 g_326ed6a9451c g_3982eb8aa3f8 g_3cda8853b4ac g_c95532a73204 g_2a6910e4d785 g_af31da8cd532 g_82b3b3978a39 g_6d68f8d32724 g_2117c11e0c1d g_fe731020400a g_19f579c08ef7 g_9b694e9cd67b g_317cc195c810 g_aaf34a0e2d53 g_7b014de714d5 g_2dab7c427d0e g_e73add0b2e0b g_126b979c72d6 g_ef62b5f73f83 g_e01db4772422 g_94026374a093 g_1bc04833bf22 g_46a4ecd47327 g_9d41ce8b3d86 g_08221a87649f g_19ce49b924f3 g_ec8d1f3ba2bb g_166850a4e1b4 g_755e8dd9157b g_3e88b6211356 g_fe297e14ed56 g_730613a114b8 g_7ed2ba0adc67 g_c89abdb73af7 g_0547ac19c5c0 g_10c91b4819a5 g_f3985f1e4290 g_94384e42a65b g_2fcf238f3e36 g_6d0720f132b5 g_6c94d83687bd g_05f05f30ccf8 g_01662accad2c g_94c686999925 g_b679008dede7 g_d93a48081434 g_5c27320121f7 g_e5a256c3f137 g_f551e8f5dbfc g_f2c9345d0340 g_9a0a2eb8a22f g_2eb236abf4b2 g_9c45c3fd1e30 g_57f65099053a g_cd8ecc62e2c7 g_46a719fb56a5 g_558d6146f9b8 g_c70b5acdd7f0 g_eeec8abad525 g_baa20c35118c g_676899e274c3 g_b4f8f3f9bdde g_05187a9c1bb0 g_960202a1a58e g_145f70461ddc g_1134f08a30e0 g_90138ec6a8e3 g_aee988210b14 g_c28979b14f81 g_a79194ab33ec g_ba8e8070d8b8 g_4d315eaaa8ca
q_677d9f76db7e,g_94384e42a65b g_9b694e9cd67b g_b679008dede7 g_e01db4772422 g_c47c3dd3ddd6 g_317cc195c810 g_3cda8853b4ac g_19f579c08ef7 g_326ed6a9451c g_6d0720f132b5 g_2a6910e4d785 g_489da6884145 g_f3985f1e4290 g_b0fc0054dd04 g_3982eb8aa3f8 g_9d41ce8b3d86 g_c95532a73204 g_eed1b2761f82 g_82b3b3978a39 g_f2c9345d0340 g_19ce49b924f3 g_7ed2ba0adc67 g_fe731020400a g_459cc0a7b6e8 g_166850a4e1b4 g_af31da8cd532 g_aaf34a0e2d53 g_d93a48081434 g_2dab7c427d0e g_c89abdb73af7 g_e73add0b2e0b g_08221a87649f g_6d68f8d32724 g_f551e8f5dbfc g_126b979c72d6 g_2117c11e0c1d g_3e88b6211356 g_730613a114b8 g_2fcf238f3e36 g_fe297e14ed56 g_46a4ecd47327 g_94026374a093 g_7b014de714d5 g_1bc04833bf22 g_10c91b4819a5 g_ec8d1f3ba2bb g_755e8dd9157b g_ef62b5f73f83 g_05f05f30ccf8 g_e5a256c3f137 g_01662accad2c g_0547ac19c5c0 g_94c686999925 g_6c94d83687bd g_5c27320121f7 g_2eb236abf4b2 g_9a0a2eb8a22f g_9c45c3fd1e30 g_57f65099053a g_145f70461ddc g_cd8ecc62e2c7 g_558d6146f9b8 g_46a719fb56a5 g_05187a9c1bb0 g_676899e274c3 g_1134f08a30e0 g_960202a1a58e g_baa20c35118c g_b4f8f3f9bdde g_c28979b14f81 g_c70b5acdd7f0 g_eeec8abad525 g_90138ec6a8e3 g_aee988210b14 g_a79194ab33ec g_ba8e8070d8b8 g_4d315eaaa8ca
q_d84023a9b5cc,g_46a719fb56a5 g_558d6146f9b8 g_c70b5acdd7f0 g_eeec8abad525 g_aee988210b14 g_960202a1a58e g_9c45c3fd1e30 g_57f65099053a g_baa20c35118c g_676899e274c3 g_b4f8f3f9bdde g_145f70461ddc g_cd8ecc62e2c7 g_ba8e8070d8b8 g_1134f08a30e0 g_05187a9c1bb0 g_c28979b14f81 g_94c686999925 g_2eb236abf4b2 g_755e8dd9157b g_9a0a2eb8a22f g_5c27320121f7 g_ec8d1f3ba2bb g_90138ec6a8e3 g_0547ac19c5c0 g_05f05f30ccf8 g_2117c11e0c1d g_126b979c72d6 g_2dab7c427d0e g_1bc04833bf22 g_94026374a093 g_46a4ecd47327 g_aaf34a0e2d53 g_6c94d83687bd g_e73add0b2e0b g_c47c3dd3ddd6 g_7b014de714d5 g_ef62b5f73f83 g_489da6884145 g_3982eb8aa3f8 g_326ed6a9451c g_459cc0a7b6e8 g_9d41ce8b3d86 g_730613a114b8 g_b0fc0054dd04 g_01662accad2c g_eed1b2761f82 g_c95532a73204 g_3cda8853b4ac g_19ce49b924f3 g_166850a4e1b4 g_2a6910e4d785 g_08221a87649f g_fe297e14ed56 g_19f579c08ef7 g_9b694e9cd67b g_82b3b3978a39 g_317cc195c810 g_af31da8cd532 g_7ed2ba0adc67 g_f3985f1e4290 g_10c91b4819a5 g_c89abdb73af7 g_fe731020400a g_a79194ab33ec g_6d68f8d32724 g_3e88b6211356 g_6d0720f132b5 g_2fcf238f3e36 g_e01db4772422 g_e5a256c3f137 g_94384e42a65b g_4d315eaaa8ca g_b679008dede7 g_d93a48081434 g_f551e8f5dbfc g_f2c9345d0340
q_83a79036f95d,g_b0fc0054dd04 g_489da6884145 g_459cc0a7b6e8 g_eed1b2761f82 g_c47c3dd3ddd6 g_3982eb8aa3f8 g_326ed6a9451c g_82b3b3978a39 g_3cda8853b4ac g_6d68f8d32724 g_2a6910e4d785 g_c95532a73204 g_af31da8cd532 g_2117c11e0c1d g_19f579c08ef7 g_fe731020400a g_317cc195c810 g_aaf34a0e2d53 g_9b694e9cd67b g_ef62b5f73f83 g_7b014de714d5 g_2dab7c427d0e g_e73add0b2e0b g_e01db4772422 g_126b979c72d6 g_9d41ce8b3d86 g_46a4ecd47327 g_1bc04833bf22 g_08221a87649f g_94026374a093 g_ec8d1f3ba2bb g_3e88b6211356 g_19ce49b924f3 g_755e8dd9157b g_7ed2ba0adc67 g_fe297e14ed56 g_730613a114b8 g_166850a4e1b4 g_c89abdb73af7 g_0547ac19c5c0 g_f3985f1e4290 g_94384e42a65b g_10c91b4819a5 g_2fcf238f3e36 g_6d0720f132b5 g_6c94d83687bd g_01662accad2c g_94c686999925 g_b679008dede7 g_05f05f30ccf8 g_d93a48081434 g_5c27320121f7 g_f551e8f5dbfc g_f2c9345d0340 g_e5a256c3f137 g_2eb236abf4b2 g_9a0a2eb8a22f g_57f65099053a g_9c45c3fd1e30 g_cd8ecc62e2c7 g_558d6146f9b8 g_46a719fb56a5 g_b4f8f3f9bdde g_c70b5acdd7f0 g_eeec8abad525 g_baa20c35118c g_676899e274c3 g_05187a9c1bb0 g_1134f08a30e0 g_960202a1a58e g_145f70461ddc g_aee988210b14 g_90138ec6a8e3 g_c28979b14f81 g_a79194ab33ec g_ba8e8070d8b8 g_4d315eaaa8ca
q_372dca0d24f5,g_b4f8f3f9bdde g_676899e274c3 g_baa20c35118c g_145f70461ddc g_960202a1a58e g_c28979b14f81 g_05187a9c1bb0 g_57f65099053a g_558d6146f9b8 g_c70b5acdd7f0 g_eeec8abad525 g_46a719fb56a5 g_9c45c3fd1e30 g_90138ec6a8e3 g_aee988210b14 g_2eb236abf4b2 g_9a0a2eb8a22f g_cd8ecc62e2c7 g_ba8e8070d8b8 g_0547ac19c5c0 g_755e8dd9157b g_05f05f30ccf8 g_ec8d1f3ba2bb g_1134f08a30e0 g_2117c11e0c1d g_94c686999925 g_aaf34a0e2d53 g_126b979c72d6 g_ef62b5f73f83 g_46a4ecd47327 g_6c94d83687bd g_7b014de714d5 g_1bc04833bf22 g_3e88b6211356 g_e73add0b2e0b g_9d41ce8b3d86 g_19ce49b924f3 g_94026374a093 g_5c27320121f7 g_2dab7c427d0e g_7ed2ba0adc67 g_166850a4e1b4 g_b0fc0054dd04 g_c47c3dd3ddd6 g_eed1b2761f82 g_2fcf238f3e36 g_c89abdb73af7 g_6d68f8d32724 g_317cc195c810 g_489da6884145 g_e5a256c3f137 g_459cc0a7b6e8 g_3cda8853b4ac g_f3985f1e4290 g_3982eb8aa3f8 g_326ed6a9451c g_82b3b3978a39 g_2a6910e4d785 g_730613a114b8 g_fe731020400a g_6d0720f132b5 g_c95532a73204 g_af31da8cd532 g_08221a87649f g_19f579c08ef7 g_9b694e9cd67b g_fe297e14ed56 g_01662accad2c g_e01db4772422 g_10c91b4819a5 g_d93a48081434 g_4d315eaaa8ca g_94384e42a65b g_f551e8f5dbfc g_b679008dede7 g_a79194ab33ec g_f2c9345d0340
q_90862ac55061,g_b0fc0054dd04 g_eed1b2761f82 g_c47c3dd3ddd6 g_6d68f8d32724 g_2a6910e4d785 g_489da6884145 g_459cc0a7b6e8 g_326ed6a9451c g_3cda8853b4ac g_c95532a73204 g_af31da8cd532 g_fe731020400a g_3982eb8aa3f8 g_82b3b3978a39 g_317cc195c810 g_2117c11e0c1d g_aaf34a0e2d53 g_9b694e9cd67b g_19f579c08ef7 g_7b014de714d5 g_ef62b5f73f83 g_126b979c72d6 g_e01db4772422 g_46a4ecd47327 g_2dab7c427d0e g_e73add0b2e0b g_19ce49b924f3 g_3e88b6211356 g_1bc04833bf22 g_94026374a093 g_166850a4e1b4 g_755e8dd9157b g_9d41ce8b3d86 g_ec8d1f3ba2bb g_7ed2ba0adc67 g_fe297e14ed56 g_730613a114b8 g_08221a87649f g_c89abdb73af7 g_0547ac19c5c0 g_2fcf238f3e36 g_94384e42a65b g_f3985f1e4290 g_6c94d83687bd g_6d0720f132b5 g_10c91b4819a5 g_b679008dede7 g_94c686999925 g_01662accad2c g_05f05f30ccf8 g_d93a48081434 g_5c27320121f7 g_e5a256c3f137 g_f2c9345d0340 g_f551e8f5dbfc g_2eb236abf4b2 g_57f65099053a g_9a0a2eb8a22f g_9c45c3fd1e30 g_cd8ecc62e2c7 g_558d6146f9b8 g_c70b5acdd7f0 g_eeec8abad525 g_b4f8f3f9bdde g_676899e274c3 g_baa20c35118c g_46a719fb56a5 g_aee988210b14 g_05187a9c1bb0 g_145f70461ddc g_1134f08a30e0 g_960202a1a58e g_90138ec6a8e3 g_c28979b14f81 g_a79194ab33ec g_ba8e8070d8b8 g_4d315eaaa8ca
q_cc48782ca570,g_558d6146f9b8 g_46a719fb56a5 g_eeec8abad525 g_c70b5acdd7f0 g_aee988210b14 g_57f65099053a g_9c45c3fd1e30 g_960202a1a58e g_676899e274c3 g_cd8ecc62e2c7 g_b4f8f3f9bdde g_baa20c35118c g_145f70461ddc g_1134f08a30e0 g_ba8e8070d8b8 g_05187a9c1bb0 g_c28979b14f81 g_755e8dd9157b g_9a0a2eb8a22f g_2eb236abf4b2 g_94c686999925 g_0547ac19c5c0 g_ec8d1f3ba2bb g_90138ec6a8e3 g_aaf34a0e2d53 g_126b979c72d6 g_2117c11e0c1d g_5c27320121f7 g_46a4ecd47327 g_6c94d83687bd g_05f05f30ccf8 g_2dab7c427d0e g_e73add0b2e0b g_1bc04833bf22 g_ef62b5f73f83 g_94026374a093 g_7b014de714d5 g_b0fc0054dd04 g_730613a114b8 g_c47c3dd3ddd6 g_326ed6a9451c g_489da6884145 g_eed1b2761f82 g_9d41ce8b3d86 g_82b3b3978a39 g_3cda8853b4ac g_3982eb8aa3f8 g_2a6910e4d785 g_19ce49b924f3 g_317cc195c810 g_fe297e14ed56 g_6d68f8d32724 g_fe731020400a g_7ed2ba0adc67 g_f3985f1e4290 g_01662accad2c g_459cc0a7b6e8 g_08221a87649f g_19f579c08ef7 g_c95532a73204 g_166850a4e1b4 g_af31da8cd532 g_10c91b4819a5 g_3e88b6211356 g_c89abdb73af7 g_9b694e9cd67b g_6d0720f132b5 g_2fcf238f3e36 g_a79194ab33ec g_e01db4772422 g_e5a256c3f137 g_94384e42a65b g_d93a48081434 g_4d315eaaa8ca g_f551e8f5dbfc g_b679008dede7 g_f2c9345d0340
q_1e43bbec3043,g_c47c3dd3ddd6 g_b0fc0054dd04 g_326ed6a9451c g_c95532a73204 g_6d68f8d32724 g_eed1b2761f82 g_489da6884145 g_3982eb8aa3f8 g_2a6910e4d785 g_fe731020400a g_3cda8853b4ac g_19f579c08ef7 g_459cc0a7b6e8 g_82b3b3978a39 g_aaf34a0e2d53 g_af31da8cd532 g_9b694e9cd67b g_317cc195c810 g_2117c11e0c1d g_2dab7c427d0e g_7b014de714d5 g_ef62b5f73f83 g_e73add0b2e0b g_e01db4772422 g_126b979c72d6 g_46a4ecd47327 g_94026374a093 g_1bc04833bf22 g_9d41ce8b3d86 g_755e8dd9157b g_08221a87649f g_ec8d1f3ba2bb g_fe297e14ed56 g_19ce49b924f3 g_7ed2ba0adc67 g_166850a4e1b4 g_730613a114b8 g_6d0720f132b5 g_c89abdb73af7 g_f3985f1e4290 g_94384e42a65b g_2fcf238f3e36 g_3e88b6211356 g_6c94d83687bd g_10c91b4819a5 g_0547ac19c5c0 g_94c686999925 g_01662accad2c g_d93a48081434 g_b679008dede7 g_05f05f30ccf8 g_5c27320121f7 g_f551e8f5dbfc g_f2c9345d0340 g_e5a256c3f137 g_2eb236abf4b2 g_9a0a2eb8a22f g_9c45c3fd1e30 g_57f65099053a g_558d6146f9b8 g_cd8ecc62e2c7 g_46a719fb56a5 g_c70b5acdd7f0 g_05187a9c1bb0 g_1134f08a30e0 g_676899e274c3 g_eeec8abad525 g_b4f8f3f9bdde g_145f70461ddc g_aee988210b14 g_baa20c35118c g_960202a1a58e g_90138ec6a8e3 g_c28979b14f81 g_a79194ab33ec g_ba8e8070d8b8 g_4d315eaaa8ca
q_fbb6174d8b93,g_b0fc0054dd04 g_eed1b2761f82 g_6d68f8d32724 g_c47c3dd3ddd6 g_fe731020400a g_2a6910e4d785 g_326ed6a9451c g_c95532a73204 g_3cda8853b4ac g_82b3b3978a39 g_3982eb8aa3f8 g_489da6884145 g_459cc0a7b6e8 g_af31da8cd532 g_aaf34a0e2d53 g_19f579c08ef7 g_317cc195c810 g_2117c11e0c1d g_9b694e9cd67b g_ef62b5f73f83 g_7b014de714d5 g_126b979c72d6 g_e01db4772422 g_46a4ecd47327 g_e73add0b2e0b g_2dab7c427d0e g_94026374a093 g_19ce49b924f3 g_755e8dd9157b g_1bc04833bf22 g_9d41ce8b3d86 g_ec8d1f3ba2bb g_166850a4e1b4 g_fe297e14ed56 g_7ed2ba0adc67 g_08221a87649f g_3e88b6211356 g_c89abdb73af7 g_730613a114b8 g_2fcf238f3e36 g_94384e42a65b g_f3985f1e4290 g_6d0720f132b5 g_0547ac19c5c0 g_10c91b4819a5 g_6c94d83687bd g_b679008dede7 g_94c686999925 g_d93a48081434 g_01662accad2c g_05f05f30ccf8 g_f2c9345d0340 g_5c27320121f7 g_f551e8f5dbfc g_e5a256c3f137 g_2eb236abf4b2 g_9a0a2eb8a22f g_57f65099053a g_9c45c3fd1e30 g_cd8ecc62e2c7 g_558d6146f9b8 g_c70b5acdd7f0 g_eeec8abad525 g_46a719fb56a5 g_676899e274c3 g_aee988210b14 g_05187a9c1bb0 g_b4f8f3f9bdde g_baa20c35118c g_1134f08a30e0 g_145f70461ddc g_960202a1a58e g_90138ec6a8e3 g_c28979b14f81 g_a79194ab33ec g_ba8e8070d8b8 g_4d315eaaa8ca
q_db3b99b7afad,g_19ce49b924f3 g_7ed2ba0adc67 g_166850a4e1b4 g_2fcf238f3e36 g_9d41ce8b3d86 g_3e88b6211356 g_c89abdb73af7 g_f3985f1e4290 g_6d0720f132b5 g_d93a48081434 g_6d68f8d32724 g_b0fc0054dd04 g_aaf34a0e2d53 g_fe731020400a g_c47c3dd3ddd6 g_eed1b2761f82 g_2a6910e4d785 g_e5a256c3f137 g_7b014de714d5 g_c95532a73204 g_326ed6a9451c g_ef62b5f73f83 g_9b694e9cd67b g_3cda8853b4ac g_317cc195c810 g_126b979c72d6 g_05f05f30ccf8 g_46a4ecd47327 g_e01db4772422 g_755e8dd9157b g_489da6884145 g_2117c11e0c1d g_82b3b3978a39 g_94026374a093 g_3982eb8aa3f8 g_459cc0a7b6e8 g_ec8d1f3ba2bb g_19f579c08ef7 g_1bc04833bf22 g_e73add0b2e0b g_2dab7c427d0e g_94384e42a65b g_af31da8cd532 g_0547ac19c5c0 g_08221a87649f g_b679008dede7 g_94c686999925 g_6c94d83687bd g_f551e8f5dbfc g_2eb236abf4b2 g_730613a114b8 g_fe297e14ed56 g_9a0a2eb8a22f g_f2c9345d0340 g_10c91b4819a5 g_01662accad2c g_57f65099053a g_5c27320121f7 g_9c45c3fd1e30 g_05187a9c1bb0 g_676899e274c3 g_90138ec6a8e3 g_145f70461ddc g_558d6146f9b8 g_b4f8f3f9bdde g_baa20c35118c g_c70b5acdd7f0 g_aee988210b14 g_c28979b14f81 g_eeec8abad525 g_46a719fb56a5 g_960202a1a58e g_cd8ecc62e2c7 g_1134f08a30e0 g_ba8e8070d8b8 g_a79194ab33ec g_4d315eaaa8ca
q_27316085a7ae,g_a79194ab33ec g_5c27320121f7 g_730613a114b8 g_01662accad2c g_1134f08a30e0 g_fe297e14ed56 g_2dab7c427d0e g_10c91b4819a5 g_558d6146f9b8 g_cd8ecc62e2c7 g_755e8dd9157b g_46a719fb56a5 g_e73add0b2e0b g_aaf34a0e2d53 g_94c686999925 g_9c45c3fd1e30 g_c47c3dd3ddd6 g_126b979c72d6 g_326ed6a9451c g_ec8d1f3ba2bb g_94026374a093 g_2117c11e0c1d g_489da6884145 g_19f579c08ef7 g_57f65099053a g_9b694e9cd67b g_46a4ecd47327 g_3cda8853b4ac g_3982eb8aa3f8 g_ba8e8070d8b8 g_7b014de714d5 g_c95532a73204 g_1bc04833bf22 g_c70b5acdd7f0 g_6c94d83687bd g_2a6910e4d785 g_0547ac19c5c0 g_960202a1a58e g_459cc0a7b6e8 g_b0fc0054dd04 g_317cc195c810 g_ef62b5f73f83 g_eeec8abad525 g_eed1b2761f82 g_af31da8cd532 g_fe731020400a g_e01db4772422 g_145f70461ddc g_82b3b3978a39 g_aee988210b14 g_94384e42a65b g_6d68f8d32724 g_05f05f30ccf8 g_08221a87649f g_9a0a2eb8a22f g_2eb236abf4b2 g_6d0720f132b5 g_9d41ce8b3d86 g_f3985f1e4290 g_676899e274c3 g_b4f8f3f9bdde g_baa20c35118c g_19ce49b924f3 g_b679008dede7 g_166850a4e1b4 g_7ed2ba0adc67 g_c89abdb73af7 g_05187a9c1bb0 g_f2c9345d0340 g_c28979b14f81 g_2fcf238f3e36 g_f551e8f5dbfc g_3e88b6211356 g_90138ec6a8e3 g_d93a48081434 g_e5a256c3f137 g_4d315eaaa8ca
q_1ba4259819c5,g_c47c3dd3ddd6 g_326ed6a9451c g_b0fc0054dd04 g_eed1b2761f82 g_489da6884145 g_3982eb8aa3f8 g_6d68f8d32724 g_3cda8853b4ac g_2a6910e4d785 g_c95532a73204 g_459cc0a7b6e8 g_fe731020400a g_19f579c08ef7 g_82b3b3978a39 g_aaf34a0e2d53 g_af31da8cd532 g_9b694e9cd67b g_2dab7c427d0e g_2117c11e0c1d g_317cc195c810 g_e01db4772422 g_e73add0b2e0b g_ef62b5f73f83 g_7b014de714d5 g_126b979c72d6 g_9d41ce8b3d86 g_46a4ecd47327 g_94026374a093 g_1bc04833bf22 g_08221a87649f g_ec8d1f3ba2bb g_755e8dd9157b g_19ce49b924f3 g_7ed2ba0adc67 g_fe297e14ed56 g_730613a114b8 g_6d0720f132b5 g_166850a4e1b4 g_c89abdb73af7 g_f3985f1e4290 g_94384e42a65b g_2fcf238f3e36 g_6c94d83687bd g_3e88b6211356 g_10c91b4819a5 g_0547ac19c5c0 g_01662accad2c g_94c686999925 g_d93a48081434 g_b679008dede7 g_05f05f30ccf8 g_f2c9345d0340 g_f551e8f5dbfc g_5c27320121f7 g_e5a256c3f137 g_2eb236abf4b2 g_9a0a2eb8a22f g_57f65099053a g_9c45c3fd1e30 g_558d6146f9b8 g_cd8ecc62e2c7 g_46a719fb56a5 g_1134f08a30e0 g_b4f8f3f9bdde g_c70b5acdd7f0 g_05187a9c1bb0 g_676899e274c3 g_eeec8abad525 g_aee988210b14 g_145f70461ddc g_baa20c35118c g_960202a1a58e g_90138ec6a8e3 g_c28979b14f81 g_a79194ab33ec g_ba8e8070d8b8 g_4d315eaaa8ca
q_c8a1a08320e8,g_755e8dd9157b g_aaf34a0e2d53 g_ec8d1f3ba2bb g_0547ac19c5c0 g_2117c11e0c1d g_7b014de714d5 g_ef62b5f73f83 g_2dab7c427d0e g_e73add0b2e0b g_126b979c72d6 g_94c686999925 g_46a4ecd47327 g_6c94d83687bd g_94026374a093 g_1bc04833bf22 g_b0fc0054dd04 g_c47c3dd3ddd6 g_326ed6a9451c g_eed1b2761f82 g_2a6910e4d785 g_3cda8853b4ac g_6d68f8d32724 g_c95532a73204 g_fe731020400a g_489da6884145 g_3982eb8aa3f8 g_459cc0a7b6e8 g_82b3b3978a39 g_19f579c08ef7 g_05f05f30ccf8 g_af31da8cd532 g_317cc195c810 g_9d41ce8b3d86 g_19ce49b924f3 g_166850a4e1b4 g_fe297e14ed56 g_08221a87649f g_7ed2ba0adc67 g_9b694e9cd67b g_730613a114b8 g_9c45c3fd1e30 g_57f65099053a g_01662accad2c g_2fcf238f3e36 g_9a0a2eb8a22f g_3e88b6211356 g_c89abdb73af7 g_f3985f1e4290 g_e01db4772422 g_10c91b4819a5 g_2eb236abf4b2 g_5c27320121f7 g_6d0720f132b5 g_cd8ecc62e2c7 g_558d6146f9b8 g_46a719fb56a5 g_c70b5acdd7f0 g_eeec8abad525 g_aee988210b14 g_1134f08a30e0 g_676899e274c3 g_05187a9c1bb0 g_94384e42a65b g_d93a48081434 g_145f70461ddc g_b4f8f3f9bdde g_baa20c35118c g_960202a1a58e g_e5a256c3f137 g_90138ec6a8e3 g_b679008dede7 g_c28979b14f81 g_f551e8f5dbfc g_f2c9345d0340 g_ba8e8070d8b8 g_a79194ab33ec g_4d315eaaa8ca
q_6ac1d3974890,g_19ce49b924f3 g_7ed2ba0adc67 g_166850a4e1b4 g_9d41ce8b3d86 g_3e88b6211356 g_f3985f1e4290 g_c89abdb73af7 g_2fcf238f3e36 g_6d0720f132b5 g_aaf34a0e2d53 g_2a6910e4d785 g_b0fc0054dd04 g_c47c3dd3ddd6 g_05f05f30ccf8 g_c95532a73204 g_3cda8853b4ac g_eed1b2761f82 g_326ed6a9451c g_9b694e9cd67b g_fe731020400a g_46a4ecd47327 g_3982eb8aa3f8 g_489da6884145 g_7b014de714d5 g_2117c11e0c1d g_e5a256c3f137 g_6d68f8d32724 g_317cc195c810 g_459cc0a7b6e8 g_1bc04833bf22 g_126b979c72d6 g_d93a48081434 g_e01db4772422 g_94026374a093 g_82b3b3978a39 g_ec8d1f3ba2bb g_ef62b5f73f83 g_af31da8cd532 g_19f579c08ef7 g_755e8dd9157b g_2dab7c427d0e g_0547ac19c5c0 g_94384e42a65b g_08221a87649f g_e73add0b2e0b g_94c686999925 g_b679008dede7 g_6c94d83687bd g_730613a114b8 g_f551e8f5dbfc g_fe297e14ed56 g_2eb236abf4b2 g_9a0a2eb8a22f g_10c91b4819a5 g_01662accad2c g_5c27320121f7 g_9c45c3fd1e30 g_05187a9c1bb0 g_f2c9345d0340 g_57f65099053a g_676899e274c3 g_145f70461ddc g_90138ec6a8e3 g_baa20c35118c g_c28979b14f81 g_c70b5acdd7f0 g_558d6146f9b8 g_46a719fb56a5 g_960202a1a58e g_b4f8f3f9bdde g_eeec8abad525 g_aee988210b14 g_cd8ecc62e2c7 g_1134f08a30e0 g_ba8e8070d8b8 g_a79194ab33ec g_4d315eaaa8ca
q_eba0c77e52a5,g_6d0720f132b5 g_9d41ce8b3d86 g_19ce49b924f3 g_166850a4e1b4 g_7ed2ba0adc67 g_f3985f1e4290 g_c89abdb73af7 g_2fcf238f3e36 g_3e88b6211356 g_d93a48081434 g_c47c3dd3ddd6 g_9b694e9cd67b g_317cc195c810 g_b0fc0054dd04 g_326ed6a9451c g_e5a256c3f137 g_126b979c72d6 g_aaf34a0e2d53 g_05f05f30ccf8 g_eed1b2761f82 g_e01db4772422 g_c95532a73204 g_3cda8853b4ac g_2a6910e4d785 g_94026374a093 g_94384e42a65b g_fe731020400a g_489da6884145 g_46a4ecd47327 g_6d68f8d32724 g_19f579c08ef7 g_3982eb8aa3f8 g_1bc04833bf22 g_7b014de714d5 g_2dab7c427d0e g_82b3b3978a39 g_2117c11e0c1d g_e73add0b2e0b g_459cc0a7b6e8 g_ec8d1f3ba2bb g_08221a87649f g_755e8dd9157b g_ef62b5f73f83 g_af31da8cd532 g_b679008dede7 g_0547ac19c5c0 g_94c686999925 g_6c94d83687bd g_730613a114b8 g_f551e8f5dbfc g_fe297e14ed56 g_2eb236abf4b2 g_f2c9345d0340 g_10c91b4819a5 g_01662accad2c g_9a0a2eb8a22f g_5c27320121f7 g_57f65099053a g_9c45c3fd1e30 g_145f70461ddc g_676899e274c3 g_05187a9c1bb0 g_558d6146f9b8 g_b4f8f3f9bdde g_90138ec6a8e3 g_baa20c35118c g_46a719fb56a5 g_c28979b14f81 g_960202a1a58e g_c70b5acdd7f0 g_eeec8abad525 g_aee988210b14 g_cd8ecc62e2c7 g_1134f08a30e0 g_ba8e8070d8b8 g_a79194ab33ec g_4d315eaaa8ca
q_b578dd0b58fc,g_b679008dede7 g_f2c9345d0340 g_94384e42a65b g_9b694e9cd67b g_e01db4772422 g_c47c3dd3ddd6 g_317cc195c810 g_b0fc0054dd04 g_eed1b2761f82 g_489da6884145 g_3982eb8aa3f8 g_9d41ce8b3d86 g_326ed6a9451c g_f551e8f5dbfc g_6d68f8d32724 g_459cc0a7b6e8 g_730613a114b8 g_3cda8853b4ac g_2a6910e4d785 g_c95532a73204 g_fe731020400a g_19ce49b924f3 g_6d0720f132b5 g_fe297e14ed56 g_19f579c08ef7 g_82b3b3978a39 g_aaf34a0e2d53 g_7ed2ba0adc67 g_c89abdb73af7 g_166850a4e1b4 g_2117c11e0c1d g_d93a48081434 g_af31da8cd532 g_3e88b6211356 g_126b979c72d6 g_f3985f1e4290 g_2fcf238f3e36 g_2dab7c427d0e g_08221a87649f g_10c91b4819a5 g_46a4ecd47327 g_1bc04833bf22 g_ef62b5f73f83 g_7b014de714d5 g_e73add0b2e0b g_94026374a093 g_ec8d1f3ba2bb g_01662accad2c g_755e8dd9157b g_e5a256c3f137 g_6c94d83687bd g_05f05f30ccf8 g_0547ac19c5c0 g_94c686999925 g_5c27320121f7 g_2eb236abf4b2 g_9a0a2eb8a22f g_57f65099053a g_9c45c3fd1e30 g_558d6146f9b8 g_46a719fb56a5 g_b4f8f3f9bdde g_cd8ecc62e2c7 g_c70b5acdd7f0 g_baa20c35118c g_676899e274c3 g_05187a9c1bb0 g_eeec8abad525 g_960202a1a58e g_1134f08a30e0 g_a79194ab33ec g_145f70461ddc g_aee988210b14 g_c28979b14f81 g_90138ec6a8e3 g_ba8e8070d8b8 g_4d315eaaa8ca
q_6c4a129ce290,g_558d6146f9b8 g_46a719fb56a5 g_c70b5acdd7f0 g_eeec8abad525 g_aee988210b14 g_960202a1a58e g_9c45c3fd1e30 g_57f65099053a g_676899e274c3 g_b4f8f3f9bdde g_145f70461ddc g_baa20c35118c g_cd8ecc62e2c7 g_ba8e8070d8b8 g_05187a9c1bb0 g_1134f08a30e0 g_755e8dd9157b g_2eb236abf4b2 g_9a0a2eb8a22f g_c28979b14f81 g_94c686999925 g_90138ec6a8e3 g_ec8d1f3ba2bb g_aaf34a0e2d53 g_0547ac19c5c0 g_5c27320121f7 g_126b979c72d6 g_46a4ecd47327 g_94026374a093 g_1bc04833bf22 g_2117c11e0c1d g_ef62b5f73f83 g_6c94d83687bd g_7b014de714d5 g_05f05f30ccf8 g_2dab7c427d0e g_e73add0b2e0b g_c47c3dd3ddd6 g_b0fc0054dd04 g_730613a114b8 g_eed1b2761f82 g_6d68f8d32724 g_9d41ce8b3d86 g_326ed6a9451c g_19ce49b924f3 g_c95532a73204 g_fe731020400a g_2a6910e4d785 g_7ed2ba0adc67 g_3cda8853b4ac g_3982eb8aa3f8 g_166850a4e1b4 g_489da6884145 g_fe297e14ed56 g_01662accad2c g_459cc0a7b6e8 g_317cc195c810 g_2fcf238f3e36 g_3e88b6211356 g_c89abdb73af7 g_08221a87649f g_82b3b3978a39 g_19f579c08ef7 g_f3985f1e4290 g_10c91b4819a5 g_9b694e9cd67b g_6d0720f132b5 g_a79194ab33ec g_af31da8cd532 g_e01db4772422 g_e5a256c3f137 g_94384e42a65b g_d93a48081434 g_4d315eaaa8ca g_b679008dede7 g_f551e8f5dbfc g_f2c9345d0340
q_6e0c8e30b2c9,g_9d41ce8b3d86 g_19ce49b924f3 g_166850a4e1b4 g_c89abdb73af7 g_7ed2ba0adc67 g_3e88b6211356 g_2fcf238f3e36 g_f3985f1e4290 g_6d0720f132b5 g_c47c3dd3ddd6 g_eed1b2761f82 g_9b694e9cd67b g_b0fc0054dd04 g_3982eb8aa3f8 g_05f05f30ccf8 g_c95532a73204 g_489da6884145 g_326ed6a9451c g_aaf34a0e2d53 g_2117c11e0c1d g_459cc0a7b6e8 g_2a6910e4d785 g_3cda8853b4ac g_d93a48081434 g_6d68f8d32724 g_7b014de714d5 g_126b979c72d6 g_46a4ecd47327 g_317cc195c810 g_2dab7c427d0e g_fe731020400a g_94026374a093 g_e5a256c3f137 g_1bc04833bf22 g_ef62b5f73f83 g_82b3b3978a39 g_e01db4772422 g_19f579c08ef7 g_755e8dd9157b g_e73add0b2e0b g_08221a87649f g_af31da8cd532 g_ec8d1f3ba2bb g_94384e42a65b g_0547ac19c5c0 g_94c686999925 g_f551e8f5dbfc g_6c94d83687bd g_b679008dede7 g_2eb236abf4b2 g_730613a114b8 g_fe297e14ed56 g_9a0a2eb8a22f g_10c91b4819a5 g_01662accad2c g_5c27320121f7 g_f2c9345d0340 g_9c45c3fd1e30 g_90138ec6a8e3 g_57f65099053a g_baa20c35118c g_05187a9c1bb0 g_46a719fb56a5 g_676899e274c3 g_b4f8f3f9bdde g_145f70461ddc g_558d6146f9b8 g_c70b5acdd7f0 g_960202a1a58e g_c28979b14f81 g_eeec8abad525 g_cd8ecc62e2c7 g_aee988210b14 g_1134f08a30e0 g_ba8e8070d8b8 g_a79194ab33ec g_4d315eaaa8ca
q_ada933795e53,g_9d41ce8b3d86 g_19ce49b924f3 g_7ed2ba0adc67 g_166850a4e1b4 g_c89abdb73af7 g_3e88b6211356 g_2fcf238f3e36 g_f3985f1e4290 g_6d0720f132b5 g_d93a48081434 g_b0fc0054dd04 g_aaf34a0e2d53 g_c47c3dd3ddd6 g_6d68f8d32724 g_eed1b2761f82 g_e5a256c3f137 g_326ed6a9451c g_9b694e9cd67b g_317cc195c810 g_fe731020400a g_2a6910e4d785 g_2117c11e0c1d g_126b979c72d6 g_3982eb8aa3f8 g_3cda8853b4ac g_c95532a73204 g_489da6884145 g_ef62b5f73f83 g_459cc0a7b6e8 g_7b014de714d5 g_82b3b3978a39 g_05f05f30ccf8 g_e01db4772422 g_46a4ecd47327 g_19f579c08ef7 g_2dab7c427d0e g_755e8dd9157b g_ec8d1f3ba2bb g_e73add0b2e0b g_94026374a093 g_1bc04833bf22 g_94384e42a65b g_af31da8cd532 g_0547ac19c5c0 g_08221a87649f g_f551e8f5dbfc g_6c94d83687bd g_b679008dede7 g_94c686999925 g_2eb236abf4b2 g_fe297e14ed56 g_730613a114b8 g_f2c9345d0340 g_9a0a2eb8a22f g_10c91b4819a5 g_01662accad2c g_57f65099053a g_9c45c3fd1e30 g_5c27320121f7 g_05187a9c1bb0 g_676899e274c3 g_b4f8f3f9bdde g_baa20c35118c g_558d6146f9b8 g_90138ec6a8e3 g_145f70461ddc g_46a719fb56a5 g_c28979b14f81 g_c70b5acdd7f0 g_960202a1a58e g_eeec8abad525 g_cd8ecc62e2c7 g_aee988210b14 g_1134f08a30e0 g_ba8e8070d8b8 g_a79194ab33ec g_4d315eaaa8ca
q_d2bd00a4676d,g_aaf34a0e2d53 g_ef62b5f73f83 g_7b014de714d5 g_2117c11e0c1d g_2dab7c427d0e g_e73add0b2e0b g_b0fc0054dd04 g_6d68f8d32724 g_755e8dd9157b g_c47c3dd3ddd6 g_ec8d1f3ba2bb g_46a4ecd47327 g_eed1b2761f82 g_326ed6a9451c g_2a6910e4d785 g_126b979c72d6 g_3cda8853b4ac g_1bc04833bf22 g_c95532a73204 g_489da6884145 g_fe731020400a g_3982eb8aa3f8 g_94026374a093 g_459cc0a7b6e8 g_0547ac19c5c0 g_19f579c08ef7 g_82b3b3978a39 g_6c94d83687bd g_317cc195c810 g_af31da8cd532 g_9b694e9cd67b g_94c686999925 g_9d41ce8b3d86 g_7ed2ba0adc67 g_fe297e14ed56 g_e01db4772422 g_19ce49b924f3 g_166850a4e1b4 g_730613a114b8 g_08221a87649f g_2fcf238f3e36 g_3e88b6211356 g_c89abdb73af7 g_f3985f1e4290 g_05f05f30ccf8 g_10c91b4819a5 g_6d0720f132b5 g_01662accad2c g_5c27320121f7 g_d93a48081434 g_94384e42a65b g_9a0a2eb8a22f g_2eb236abf4b2 g_b679008dede7 g_9c45c3fd1e30 g_57f65099053a g_e5a256c3f137 g_558d6146f9b8 g_cd8ecc62e2c7 g_c70b5acdd7f0 g_46a719fb56a5 g_f551e8f5dbfc g_05187a9c1bb0 g_eeec8abad525 g_aee988210b14 g_f2c9345d0340 g_676899e274c3 g_145f70461ddc g_b4f8f3f9bdde g_baa20c35118c g_1134f08a30e0 g_960202a1a58e g_90138ec6a8e3 g_c28979b14f81 g_a79194ab33ec g_ba8e8070d8b8 g_4d315eaaa8ca
q_9efcaf18c596,g_fe297e14ed56 g_10c91b4819a5 g_730613a114b8 g_01662accad2c g_aaf34a0e2d53 g_c47c3dd3ddd6 g_b0fc0054dd04 g_6d68f8d32724 g_2117c11e0c1d g_9b694e9cd67b g_eed1b2761f82 g_3982eb8aa3f8 g_fe731020400a g_326ed6a9451c g_317cc195c810 g_489da6884145 g_2a6910e4d785 g_c95532a73204 g_126b979c72d6 g_459cc0a7b6e8 g_3cda8853b4ac g_19f579c08ef7 g_82b3b3978a39 g_2dab7c427d0e g_ef62b5f73f83 g_7b014de714d5 g_46a4ecd47327 g_e73add0b2e0b g_755e8dd9157b g_e01db4772422 g_af31da8cd532 g_1bc04833bf22 g_94026374a093 g_ec8d1f3ba2bb g_08221a87649f g_6c94d83687bd g_5c27320121f7 g_94c686999925 g_94384e42a65b g_0547ac19c5c0 g_9d41ce8b3d86 g_b679008dede7 g_19ce49b924f3 g_7ed2ba0adc67 g_166850a4e1b4 g_c89abdb73af7 g_6d0720f132b5 g_3e88b6211356 g_f2c9345d0340 g_2fcf238f3e36 g_f3985f1e4290 g_05f05f30ccf8 g_d93a48081434 g_f551e8f5dbfc g_cd8ecc62e2c7 g_9c45c3fd1e30 g_57f65099053a g_1134f08a30e0 g_558d6146f9b8 g_a79194ab33ec g_2eb236abf4b2 g_9a0a2eb8a22f g_46a719fb56a5 g_e5a256c3f137 g_c70b5acdd7f0 g_eeec8abad525 g_aee988210b14 g_b4f8f3f9bdde g_960202a1a58e g_676899e274c3 g_05187a9c1bb0 g_baa20c35118c g_145f70461ddc g_90138ec6a8e3 g_c28979b14f81 g_ba8e8070d8b8 g_4d315eaaa8ca
q_45d364197384,g_b0fc0054dd04 g_c47c3dd3ddd6 g_eed1b2761f82 g_2a6910e4d785 g_3cda8853b4ac g_82b3b3978a39 g_326ed6a9451c g_489da6884145 g_459cc0a7b6e8 g_3982eb8aa3f8 g_6d68f8d32724 g_fe731020400a g_af31da8cd532 g_c95532a73204 g_19f579c08ef7 g_317cc195c810 g_2117c11e0c1d g_aaf34a0e2d53 g_9b694e9cd67b g_7b014de714d5 g_ef62b5f73f83 g_e01db4772422 g_126b979c72d6 g_2dab7c427d0e g_e73add0b2e0b g_46a4ecd47327 g_ec8d1f3ba2bb g_9d41ce8b3d86 g_1bc04833bf22 g_3e88b6211356 g_19ce49b924f3 g_08221a87649f g_755e8dd9157b g_7ed2ba0adc67 g_fe297e14ed56 g_94026374a093 g_166850a4e1b4 g_730613a114b8 g_0547ac19c5c0 g_f3985f1e4290 g_94384e42a65b g_c89abdb73af7 g_10c91b4819a5 g_6c94d83687bd g_6d0720f132b5 g_2fcf238f3e36 g_94c686999925 g_b679008dede7 g_01662accad2c g_d93a48081434 g_05f05f30ccf8 g_e5a256c3f137 g_f2c9345d0340 g_f551e8f5dbfc g_5c27320121f7 g_57f65099053a g_2eb236abf4b2 g_9a0a2eb8a22f g_9c45c3fd1e30 g_cd8ecc62e2c7 g_558d6146f9b8 g_b4f8f3f9bdde g_c70b5acdd7f0 g_eeec8abad525 g_46a719fb56a5 g_676899e274c3 g_1134f08a30e0 g_baa20c35118c g_05187a9c1bb0 g_960202a1a58e g_145f70461ddc g_aee988210b14 g_c28979b14f81 g_90138ec6a8e3 g_a79194ab33ec g_ba8e8070d8b8 g_4d315eaaa8ca
q_9f9cb793cc0a,g_2eb236abf4b2 g_9a0a2eb8a22f g_05187a9c1bb0 g_90138ec6a8e3 g_57f65099053a g_b4f8f3f9bdde g_676899e274c3 g_baa20c35118c g_9c45c3fd1e30 g_c28979b14f81 g_145f70461ddc g_755e8dd9157b g_05f05f30ccf8 g_0547ac19c5c0 g_558d6146f9b8 g_9d41ce8b3d86 g_aaf34a0e2d53 g_960202a1a58e g_46a719fb56a5 g_19ce49b924f3 g_c70b5acdd7f0 g_7ed2ba0adc67 g_166850a4e1b4 g_ec8d1f3ba2bb g_7b014de714d5 g_2117c11e0c1d g_aee988210b14 g_eeec8abad525 g_ef62b5f73f83 g_2fcf238f3e36 g_e5a256c3f137 g_c89abdb73af7 g_2dab7c427d0e g_3e88b6211356 g_94c686999925 g_126b979c72d6 g_f3985f1e4290 g_e73add0b2e0b g_46a4ecd47327 g_6d68f8d32724 g_b0fc0054dd04 g_94026374a093 g_c47c3dd3ddd6 g_1bc04833bf22 g_6d0720f132b5 g_6c94d83687bd g_eed1b2761f82 g_326ed6a9451c g_2a6910e4d785 g_489da6884145 g_cd8ecc62e2c7 g_c95532a73204 g_fe731020400a g_3cda8853b4ac g_459cc0a7b6e8 g_3982eb8aa3f8 g_d93a48081434 g_82b3b3978a39 g_317cc195c810 g_19f579c08ef7 g_9b694e9cd67b g_af31da8cd532 g_1134f08a30e0 g_e01db4772422 g_08221a87649f g_fe297e14ed56 g_730613a114b8 g_5c27320121f7 g_f551e8f5dbfc g_4d315eaaa8ca g_ba8e8070d8b8 g_01662accad2c g_10c91b4819a5 g_94384e42a65b g_b679008dede7 g_f2c9345d0340 g_a79194ab33ec
q_ce823dcd4d74,g_317cc195c810 g_b0fc0054dd04 g_c47c3dd3ddd6 g_9b694e9cd67b g_eed1b2761f82 g_489da6884145 g_3982eb8aa3f8 g_2a6910e4d785 g_459cc0a7b6e8 g_af31da8cd532 g_2117c11e0c1d g_3cda8853b4ac g_326ed6a9451c g_82b3b3978a39 g_6d68f8d32724 g_c95532a73204 g_aaf34a0e2d53 g_fe731020400a g_126b979c72d6 g_08221a87649f g_19f579c08ef7 g_e01db4772422 g_1bc04833bf22 g_46a4ecd47327 g_94026374a093 g_730613a114b8 g_9d41ce8b3d86 g_7b014de714d5 g_2dab7c427d0e g_ef62b5f73f83 g_19ce49b924f3 g_fe297e14ed56 g_ec8d1f3ba2bb g_3e88b6211356 g_e73add0b2e0b g_94384e42a65b g_166850a4e1b4 g_7ed2ba0adc67 g_c89abdb73af7 g_6d0720f132b5 g_755e8dd9157b g_f3985f1e4290 g_6c94d83687bd g_10c91b4819a5 g_0547ac19c5c0 g_b679008dede7 g_2fcf238f3e36 g_01662accad2c g_94c686999925 g_05f05f30ccf8 g_d93a48081434 g_5c27320121f7 g_f2c9345d0340 g_e5a256c3f137 g_f551e8f5dbfc g_2eb236abf4b2 g_57f65099053a g_9c45c3fd1e30 g_9a0a2eb8a22f g_cd8ecc62e2c7 g_558d6146f9b8 g_46a719fb56a5 g_b4f8f3f9bdde g_baa20c35118c g_c70b5acdd7f0 g_eeec8abad525 g_676899e274c3 g_960202a1a58e g_05187a9c1bb0 g_aee988210b14 g_1134f08a30e0 g_145f70461ddc g_c28979b14f81 g_90138ec6a8e3 g_a79194ab33ec g_ba8e8070d8b8 g_4d315eaaa8ca
q_0e234eee61b2,g_05187a9c1bb0 g_676899e274c3 g_145f70461ddc g_baa20c35118c g_b4f8f3f9bdde g_2eb236abf4b2 g_57f65099053a g_c28979b14f81 g_9c45c3fd1e30 g_90138ec6a8e3 g_960202a1a58e g_9a0a2eb8a22f g_558d6146f9b8 g_aee988210b14 g_c70b5acdd7f0 g_eeec8abad525 g_46a719fb56a5 g_755e8dd9157b g_0547ac19c5c0 g_ec8d1f3ba2bb g_05f05f30ccf8 g_cd8ecc62e2c7 g_94c686999925 g_aaf34a0e2d53 g_7b014de714d5 g_46a4ecd47327 g_ba8e8070d8b8 g_126b979c72d6 g_ef62b5f73f83 g_7ed2ba0adc67 g_94026374a093 g_1bc04833bf22 g_9d41ce8b3d86 g_2117c11e0c1d g_166850a4e1b4 g_19ce49b924f3 g_e73add0b2e0b g_1134f08a30e0 g_2fcf238f3e36 g_e5a256c3f137 g_6c94d83687bd g_2dab7c427d0e g_f3985f1e4290 g_b0fc0054dd04 g_3e88b6211356 g_c89abdb73af7 g_2a6910e4d785 g_fe731020400a g_6d0720f132b5 g_c47c3dd3ddd6 g_6d68f8d32724 g_eed1b2761f82 g_3cda8853b4ac g_c95532a73204 g_326ed6a9451c g_5c27320121f7 g_317cc195c810 g_82b3b3978a39 g_19f579c08ef7 g_489da6884145 g_3982eb8aa3f8 g_459cc0a7b6e8 g_08221a87649f g_d93a48081434 g_af31da8cd532 g_e01db4772422 g_9b694e9cd67b g_730613a114b8 g_fe297e14ed56 g_10c91b4819a5 g_01662accad2c g_4d315eaaa8ca g_94384e42a65b g_f551e8f5dbfc g_b679008dede7 g_a79194ab33ec g_f2c9345d0340
q_cc0ed8d9b9c7,g_cd8ecc62e2c7 g_558d6146f9b8 g_1134f08a30e0 g_c70b5acdd7f0 g_46a719fb56a5 g_57f65099053a g_eeec8abad525 g_9c45c3fd1e30 g_aee988210b14 g_960202a1a58e g_676899e274c3 g_755e8dd9157b g_145f70461ddc g_baa20c35118c g_b4f8f3f9bdde g_ec8d1f3ba2bb g_aaf34a0e2d53 g_ba8e8070d8b8 g_0547ac19c5c0 g_5c27320121f7 g_9a0a2eb8a22f g_94c686999925 g_126b979c72d6 g_05187a9c1bb0 g_2eb236abf4b2 g_2117c11e0c1d g_46a4ecd47327 g_7b014de714d5 g_2dab7c427d0e g_6c94d83687bd g_94026374a093 g_1bc04833bf22 g_ef62b5f73f83 g_c28979b14f81 g_730613a114b8 g_e73add0b2e0b g_05f05f30ccf8 g_c47c3dd3ddd6 g_3cda8853b4ac g_90138ec6a8e3 g_2a6910e4d785 g_b0fc0054dd04 g_eed1b2761f82 g_a79194ab33ec g_fe297e14ed56 g_326ed6a9451c g_fe731020400a g_317cc195c810 g_c95532a73204 g_01662accad2c g_489da6884145 g_10c91b4819a5 g_82b3b3978a39 g_19ce49b924f3 g_6d68f8d32724 g_19f579c08ef7 g_af31da8cd532 g_459cc0a7b6e8 g_3982eb8aa3f8 g_7ed2ba0adc67 g_166850a4e1b4 g_9d41ce8b3d86 g_08221a87649f g_e01db4772422 g_f3985f1e4290 g_9b694e9cd67b g_c89abdb73af7 g_3e88b6211356 g_6d0720f132b5 g_2fcf238f3e36 g_94384e42a65b g_e5a256c3f137 g_b679008dede7 g_d93a48081434 g_4d315eaaa8ca g_f551e8f5dbfc g_f2c9345d0340
q_75b12267d193,g_9c45c3fd1e30 g_57f65099053a g_46a719fb56a5 g_558d6146f9b8 g_960202a1a58e g_c70b5acdd7f0 g_eeec8abad525 g_676899e274c3 g_145f70461ddc g_aee988210b14 g_baa20c35118c g_cd8ecc62e2c7 g_b4f8f3f9bdde g_05187a9c1bb0 g_1134f08a30e0 g_9a0a2eb8a22f g_755e8dd9157b g_2eb236abf4b2 g_c28979b14f81 g_ec8d1f3ba2bb g_94c686999925 g_0547ac19c5c0 g_ba8e8070d8b8 g_90138ec6a8e3 g_aaf34a0e2d53 g_05f05f30ccf8 g_126b979c72d6 g_2dab7c427d0e g_2117c11e0c1d g_e73add0b2e0b g_6c94d83687bd g_1bc04833bf22 g_46a4ecd47327 g_94026374a093 g_5c27320121f7 g_7b014de714d5 g_c47c3dd3ddd6 g_ef62b5f73f83 g_9d41ce8b3d86 g_326ed6a9451c g_b0fc0054dd04 g_489da6884145 g_3982eb8aa3f8 g_19f579c08ef7 g_f3985f1e4290 g_3cda8853b4ac g_19ce49b924f3 g_2a6910e4d785 g_c95532a73204 g_eed1b2761f82 g_7ed2ba0adc67 g_166850a4e1b4 g_459cc0a7b6e8 g_82b3b3978a39 g_01662accad2c g_af31da8cd532 g_317cc195c810 g_fe731020400a g_c89abdb73af7 g_6d0720f132b5 g_08221a87649f g_9b694e9cd67b g_fe297e14ed56 g_730613a114b8 g_3e88b6211356 g_10c91b4819a5 g_6d68f8d32724 g_2fcf238f3e36 g_e5a256c3f137 g_e01db4772422 g_94384e42a65b g_a79194ab33ec g_4d315eaaa8ca g_d93a48081434 g_f551e8f5dbfc g_b679008dede7 g_f2c9345d0340
